id,smiles,label_y,charge,number_atoms,heavy_atoms,free_energy_eV
libe-137146,C.F.O.[HH],-1201.8652515017573,0,10,3,-12018.652515017573
libe-192466,C.F.O.[HH],-1201.5561702678729,0,10,3,-12015.56170267873
libe-192666,C.F.O.[HH],-1201.4155773569996,0,10,3,-12014.155773569995
libe-192837,C.F.O.[HH],-1201.287735003993,0,10,3,-12012.877350039931
libe-192884,C.F.O.[HH],-1201.759957156734,0,10,3,-12017.599571567338
libe-192936,C.F.O.[HH],-1201.773763785385,0,10,3,-12017.73763785385
libe-192949,C.F.O.[HH],-1201.8100546182604,0,10,3,-12018.100546182604
libe-192950,C.F.O.[HH],-1201.6622557516196,0,10,3,-12016.622557516195
libe-117518,C.O.[HH].[LiH],-736.4148904529001,0,9,3,-6627.734014076101
libe-120543,C.O.[HH].[LiH],-736.324230018585,0,9,3,-6626.918070167265
libe-120573,C.O.[HH].[LiH],-736.3847643157842,0,9,3,-6627.462878842058
libe-120633,C.O.[HH].[LiH],-1070.1656721391728,0,10,3,-10701.656721391728
libe-120634,C.O.[HH].[LiH],-1070.320976785362,0,10,3,-10703.209767853621
libe-120646,C.O.[HH].[LiH],-1070.5694382582199,0,10,3,-10705.694382582198
libe-120649,C.O.[HH].[LiH],-1070.9064379361464,0,10,3,-10709.064379361464
libe-631182,C.O.[HH].[LiH],-1070.8649160864481,0,10,3,-10708.649160864481
libe-631186,C.O.[HH].[LiH],-1070.8546851236874,0,10,3,-10708.546851236875
libe-631203,C.O.[HH].[LiH],-1070.948742163579,0,10,3,-10709.487421635791
libe-510616,C.F.O.P.[HH],-1477.700302118913,0,17,4,-25120.90513602152
libe-514421,C.F.O.P.[HH],-1477.959856024854,0,17,4,-25125.317552422515
libe-515493,C.F.O.P.[HH],-1477.9869455931432,0,17,4,-25125.778075083435
libe-519172,C.F.O.P.[HH],-1477.8779293130033,0,17,4,-25123.924798321055
libe-522210,C.F.O.P.[HH],-1478.053431641505,0,17,4,-25126.908337905585
libe-523086,C.F.O.P.[HH],-1477.837303737696,0,17,4,-25123.23416354083
libe-523737,C.F.O.P.[HH],-1477.8197560289923,0,17,4,-25122.93585249287
libe-523908,C.F.O.P.[HH],-1477.9814172661534,0,17,4,-25125.684093524607
libe-527344,C.F.O.P.[HH],-1477.8689012345756,0,17,4,-25123.771320987784
libe-528815,C.F.O.P.[HH],-1477.9425186407932,0,17,4,-25125.022816893485
libe-536234,C.F.O.P.[HH],-1477.9370018584164,0,17,4,-25124.929031593078
libe-542397,C.F.O.P.[HH],-1477.9278553017114,0,17,4,-25124.773540129092
libe-631206,C.O.[HH].[LiH],-990.7340609643993,0,15,3,-14861.01091446599
libe-631244,C.O.[HH].[LiH],-990.696460378853,0,15,3,-14860.446905682795
libe-631246,C.O.[HH].[LiH],-990.778271166734,0,15,3,-14861.674067501011
libe-631253,C.O.[HH].[LiH],-990.774432183817,0,15,3,-14861.616482757256
libe-631271,C.O.[HH].[LiH],-990.7952359372159,0,15,3,-14861.928539058239
libe-631291,C.O.[HH].[LiH],-990.49403221854,0,15,3,-14857.410483278101
libe-631294,C.O.[HH].[LiH],-990.8931093907606,0,15,3,-14863.396640861409
libe-631348,C.O.[HH].[LiH],-990.8253825992258,0,15,3,-14862.380738988388
libe-631373,C.O.[HH].[LiH],-990.8709667917641,0,15,3,-14863.06450187646
libe-631534,C.O.[HH].[LiH],-990.6271354035512,0,15,3,-14859.407031053268
libe-631615,C.O.[HH].[LiH],-990.788223853072,0,15,3,-14861.82335779608
libe-631673,C.O.[HH].[LiH],-990.8969458719299,0,15,3,-14863.45418807895
libe-631679,C.O.[HH].[LiH],-990.7777105874408,0,15,3,-14861.665658811611
libe-631705,C.O.[HH].[LiH],-990.6706503994848,0,15,3,-14860.059755992272
libe-631732,C.O.[HH].[LiH],-990.7718902174952,0,15,3,-14861.578353262428
libe-631835,C.O.[HH].[LiH],-990.7254367874119,0,15,3,-14860.881551811179
libe-631880,C.O.[HH].[LiH],-990.8883892327485,0,15,3,-14863.325838491228
libe-631911,C.O.[HH].[LiH],-990.4261910296088,0,15,3,-14856.392865444133
libe-631932,C.O.[HH].[LiH],-990.8912081000831,0,15,3,-14863.368121501246
libe-631976,C.O.[HH].[LiH],-990.7870578408804,0,15,3,-14861.805867613206
libe-632064,C.O.[HH].[LiH],-990.7937000477916,0,15,3,-14861.905500716874
libe-632084,C.O.[HH].[LiH],-990.8672255666331,0,15,3,-14863.008383499497
libe-632126,C.O.[HH].[LiH],-990.8871135740361,0,15,3,-14863.306703610542
libe-634003,C.O.[HH].[LiH],-990.6126175189108,0,15,3,-14859.189262783662
libe-634017,C.O.[HH].[LiH],-990.7578999889248,0,15,3,-14861.368499833872
libe-501843,C.F.N.S,-4172.171158601194,0,8,4,-33377.369268809554
libe-121835,C.O.[HH].[LiH],-931.0904385724348,0,18,3,-16759.627894303827
libe-121836,C.O.[HH].[LiH],-931.0969053188777,0,18,3,-16759.744295739798
libe-121838,C.O.[HH].[LiH],-930.951154505729,0,18,3,-16757.120781103124
libe-121839,C.O.[HH].[LiH],-930.9920442715081,0,18,3,-16757.856796887147
libe-121840,C.O.[HH].[LiH],-930.9886007324881,0,18,3,-16757.794813184784
libe-121842,C.O.[HH].[LiH],-931.0896569059007,0,18,3,-16759.613824306212
libe-121850,C.O.[HH].[LiH],-930.9700270485557,0,18,3,-16757.460486874003
libe-115784,C.O.[HH],-876.7005862661755,0,13,2,-11397.107621460282
libe-529089,C.O.P.[HH],-2065.294671766846,0,8,3,-16522.357374134768
libe-515248,C.O.P.[HH].[LiH],-2215.526335861495,0,8,4,-17724.21068689196
libe-524620,C.O.P.[HH].[LiH],-2215.4946873036497,0,8,4,-17723.957498429198
libe-121546,C.O.[HH],-888.091569109728,0,21,2,-18649.92295130429
libe-121547,C.O.[HH],-888.0895322854071,0,21,2,-18649.88017799355
libe-121549,C.O.[HH],-888.06995177647,0,21,2,-18649.46898730587
libe-137706,C.O.[HH].[LiH],-1140.4822034750491,0,13,3,-14826.268645175638
libe-137773,C.O.[HH].[LiH],-1140.6120330605106,0,13,3,-14827.956429786638
libe-138171,C.O.[HH].[LiH],-1140.4678723516342,0,13,3,-14826.082340571245
libe-117797,C.O.[HH],-486.41294529953274,0,13,2,-6323.368288893926
libe-117798,C.O.[HH],-486.40496957012067,0,13,2,-6323.264604411569
libe-227518,C.O.[HH],-486.2051968991039,0,13,2,-6320.667559688351
libe-516030,C.O.P.[HH],-2288.901084836732,0,9,3,-20600.10976353059
libe-527938,C.O.P.[HH],-2289.0997729124297,0,9,3,-20601.897956211866
libe-121680,C.F.O.P.[LiH],-2754.713016615159,0,10,5,-27547.13016615159
libe-121691,C.O.[HH].[LiH],-1282.176330983465,0,13,3,-16668.292302785045
libe-121693,C.O.[HH].[LiH],-1282.184986228477,0,13,3,-16668.4048209702
libe-121702,C.O.[HH].[LiH],-1282.19243960241,0,13,3,-16668.50171483133
libe-179186,C.O.[HH].[LiH],-1282.284681923091,0,13,3,-16669.700865000184
libe-193697,C.O.[HH].[LiH],-1282.3217806328153,0,13,3,-16670.1831482266
libe-120748,C.O.[HH].[LiH],-1125.7821434840791,0,13,3,-14635.167865293028
libe-120749,C.O.[HH].[LiH],-1125.9428784652544,0,13,3,-14637.257420048307
libe-120766,C.O.[HH].[LiH],-1125.805248297065,0,13,3,-14635.468227861844
libe-179301,C.O.[HH].[LiH],-1126.1111790758887,0,13,3,-14639.445327986552
libe-179340,C.O.[HH].[LiH],-1126.0059419080937,0,13,3,-14638.077244805218
libe-180655,C.O.[HH].[LiH],-1126.0542878216652,0,13,3,-14638.705741681648
libe-223082,C.O.[HH].[LiH],-1126.0779633682355,0,13,3,-14639.013523787062
libe-141098,C.F.O.[HH],-694.2448029017348,0,13,3,-9025.182437722553
libe-520764,C.F.O.[HH],-694.1427875759617,0,13,3,-9023.856238487502
libe-524460,C.F.O.[HH],-694.1546048996122,0,13,3,-9024.009863694959
libe-641648,C.F.O.[HH],-693.9642472706654,0,13,3,-9021.53521451865
libe-641653,C.F.O.[HH],-693.9406489238946,0,13,3,-9021.22843601063
libe-641661,C.F.O.[HH],-693.997390849819,0,13,3,-9021.966081047647
libe-140849,C.F.O.[HH],-1214.3288969851706,0,13,3,-15786.275660807218
libe-141007,C.F.O.[HH],-1214.4917025554294,0,13,3,-15788.392133220581
libe-136329,C.F.O.[LiH],-1328.0140041155869,0,7,4,-9296.098028809109
libe-173547,C.F.O.[LiH],-1328.1551311518008,0,7,4,-9297.085918062605
libe-176202,C.F.O.[LiH],-1328.099159619015,0,7,4,-9296.694117333105
libe-176686,C.F.O.[LiH],-1328.1250258228897,0,7,4,-9296.875180760228
libe-209466,C.F.O.[LiH],-1328.1641399545638,0,7,4,-9297.148979681946
libe-120693,C.O.[HH].[LiH],-697.9346686993775,0,11,3,-7677.281355693152
libe-636300,C.O.[HH].[LiH],-698.1069311071308,0,11,3,-7679.176242178439
libe-120701,C.O.[HH].[LiH],-698.2183987389375,0,11,3,-7680.402386128312
libe-636340,C.O.[HH].[LiH],-698.1214053537285,0,11,3,-7679.335458891013
libe-631483,C.O.[HH].[LiH],-698.1265959130641,0,11,3,-7679.392555043704
libe-634018,C.O.[HH].[LiH],-698.1170580677676,0,11,3,-7679.287638745444
libe-640034,C.O.[HH].[LiH],-697.9729393539676,0,11,3,-7677.702332893644
libe-640088,C.O.[HH].[LiH],-698.1233479156735,0,11,3,-7679.356827072409
libe-640114,C.O.[HH].[LiH],-697.8612488540072,0,11,3,-7676.473737394079
libe-640473,C.O.[HH].[LiH],-698.0319407688962,0,11,3,-7678.351348457859
libe-640765,C.O.[HH].[LiH],-697.9378073297529,0,11,3,-7677.315880627282
libe-510475,C.F.O.[HH],-1001.7068995315681,0,11,3,-11018.77589484725
libe-511068,C.F.O.[HH],-1001.7978357686633,0,11,3,-11019.776193455296
libe-515153,C.F.O.[HH],-1001.8645210903029,0,11,3,-11020.509731993332
libe-516115,C.F.O.[HH],-1001.7701263539516,0,11,3,-11019.471389893468
libe-519802,C.F.O.[HH],-1001.833709883501,0,11,3,-11020.17080871851
libe-520481,C.F.O.[HH],-1001.8257754730656,0,11,3,-11020.083530203721
libe-523308,C.F.O.[HH],-1001.9308352093681,0,11,3,-11021.239187303048
libe-524555,C.F.O.[HH],-1001.8991853702616,0,11,3,-11020.891039072878
libe-524777,C.F.O.[HH],-1001.7714046069591,0,11,3,-11019.48545067655
libe-524994,C.F.O.[HH],-1001.8648842326228,0,11,3,-11020.513726558851
libe-525742,C.F.O.[HH],-1001.7399378364612,0,11,3,-11019.139316201074
libe-528208,C.F.O.[HH],-1001.7262791220918,0,11,3,-11018.98907034301
libe-528858,C.F.O.[HH],-1001.7296892679077,0,11,3,-11019.026581946984
libe-516546,C.F.O.[HH],-897.2334450164028,0,10,3,-8972.334450164028
libe-516656,C.F.O.[HH],-897.2522653800773,0,10,3,-8972.522653800774
libe-517039,C.F.O.[HH],-897.0948808989399,0,10,3,-8970.948808989398
libe-519769,C.F.O.[HH],-897.2246849221896,0,10,3,-8972.246849221896
libe-520498,C.F.O.[HH],-896.8936798713588,0,10,3,-8968.936798713588
libe-524922,C.F.O.[HH],-897.0207826752185,0,10,3,-8970.207826752185
libe-527023,C.F.O.[HH],-897.0858480134963,0,10,3,-8970.858480134963
libe-534489,C.F.O.[HH],-897.081218147302,0,10,3,-8970.81218147302
libe-537024,C.F.O.[HH],-897.2259697888569,0,10,3,-8972.259697888569
libe-542211,C.F.O.[HH],-897.1308932631173,0,10,3,-8971.308932631173
libe-137781,C.F.O.[LiH],-1459.2026302300558,0,12,4,-17510.43156276067
libe-137848,C.F.O.[LiH],-1459.203055214145,0,12,4,-17510.43666256974
libe-510588,C.F.O.[HH],-850.3050197221793,0,13,3,-11053.96525638833
libe-510600,C.F.O.[HH],-850.1136032568612,0,13,3,-11051.476842339196
libe-515019,C.F.O.[HH],-850.3401257192861,0,13,3,-11054.42163435072
libe-516114,C.F.O.[HH],-850.0947790628757,0,13,3,-11051.232127817384
libe-516792,C.F.O.[HH],-850.2755248058504,0,13,3,-11053.581822476055
libe-517523,C.F.O.[HH],-850.050997859458,0,13,3,-11050.662972172953
libe-524445,C.F.O.[HH],-850.3117714784264,0,13,3,-11054.053029219544
libe-115792,C.O.[HH].[LiH],-537.0618420656562,0,16,3,-8592.989473050498
libe-120478,C.O.[HH].[LiH],-1075.6513195033863,0,9,3,-9680.861875530476
libe-120481,C.O.[HH].[LiH],-1075.371325536814,0,9,3,-9678.341929831327
libe-120483,C.O.[HH].[LiH],-1075.409744324236,0,9,3,-9678.687698918124
libe-120490,C.O.[HH].[LiH],-1075.5191990803185,0,9,3,-9679.672791722865
libe-120565,C.O.[HH].[LiH],-1075.2691026052482,0,9,3,-9677.421923447235
libe-120579,C.O.[HH].[LiH],-1075.4161578823266,0,9,3,-9678.745420940939
libe-120589,C.O.[HH].[LiH],-1075.4199588529157,0,9,3,-9678.77962967624
libe-120653,C.O.[HH].[LiH],-1075.2739370487704,0,9,3,-9677.465433438934
libe-121229,C.O.[HH].[LiH],-1075.3383876006585,0,9,3,-9678.045488405927
libe-121233,C.O.[HH].[LiH],-1075.4164993679108,0,9,3,-9678.748494311198
libe-118651,C.O.[HH].[LiH],-926.4396016975707,0,6,3,-5558.637610185424
libe-132261,C.O.[HH].[LiH],-926.1034298517412,0,6,3,-5556.620579110448
libe-207181,C.O.[HH].[LiH],-926.4506614322116,0,6,3,-5558.70396859327
libe-116208,C.O.[HH].[LiH],-548.7133596850729,0,8,3,-4389.706877480583
libe-116209,C.O.[HH].[LiH],-548.7945007573292,0,8,3,-4390.356006058633
libe-116225,C.O.[HH].[LiH],-548.5887942976624,0,8,3,-4388.710354381299
libe-116231,C.O.[HH].[LiH],-548.556161523112,0,8,3,-4388.449292184896
libe-116245,C.O.[HH].[LiH],-548.6072524414727,0,8,3,-4388.858019531782
libe-136407,C.F.O.[HH].[LiH],-1149.7304667060796,0,9,4,-10347.574200354717
libe-136456,C.F.O.[HH].[LiH],-1149.7087991639635,0,9,4,-10347.379192475672
libe-137070,C.F.O.[HH].[LiH],-1149.7547342987107,0,9,4,-10347.792608688396
libe-137221,C.F.O.[HH].[LiH],-1149.791405355555,0,9,4,-10348.122648199995
libe-179837,C.F.O.[HH].[LiH],-1149.763253876101,0,9,4,-10347.86928488491
libe-179885,C.F.O.[HH].[LiH],-1149.8982961130432,0,9,4,-10349.084665017388
libe-179895,C.F.O.[HH].[LiH],-1149.7818804469637,0,9,4,-10348.036924022674
libe-180186,C.F.O.[HH].[LiH],-1149.714785907763,0,9,4,-10347.433073169866
libe-141131,C.F.O.[HH].[LiH],-769.5427474357806,0,16,4,-12312.68395897249
libe-141241,C.F.O.[HH].[LiH],-769.5555696234759,0,16,4,-12312.889113975614
libe-141303,C.F.O.[HH].[LiH],-769.5395697854634,0,16,4,-12312.633116567415
libe-141422,C.F.O.[HH].[LiH],-769.5443098232752,0,16,4,-12312.708957172403
libe-173435,C.F.O.[HH].[LiH],-1182.8353458184226,0,7,4,-8279.847420728958
libe-642705,C.F.O.[HH].[LiH],-1182.2030696516522,0,7,4,-8275.421487561565
libe-510900,C.F.O.P.[HH],-2335.2406371149714,0,11,4,-25687.647008264685
libe-527965,C.F.O.P.[HH],-2335.388735659427,0,11,4,-25689.276092253695
libe-515075,C.F.O.P.[HH],-1466.24031112603,0,19,4,-27858.56591139457
libe-516754,C.F.O.P.[HH],-1466.2875504664353,0,19,4,-27859.463458862272
libe-526057,C.F.O.P.[HH],-1466.1155397076725,0,19,4,-27856.195254445778
libe-529095,C.F.O.P.[HH],-1466.3489709016012,0,19,4,-27860.63044713042
libe-117059,C.O.[HH],-627.0743676319605,0,10,2,-6270.743676319606
libe-117061,C.O.[HH],-627.2533495245042,0,10,2,-6272.533495245042
libe-117063,C.O.[HH],-627.2889437152375,0,10,2,-6272.889437152375
libe-117065,C.O.[HH],-627.2329380590584,0,10,2,-6272.329380590584
libe-117067,C.O.[HH],-627.2680229732593,0,10,2,-6272.680229732594
libe-117069,C.O.[HH],-627.0497546407456,0,10,2,-6270.497546407456
libe-117070,C.O.[HH],-627.2303887551673,0,10,2,-6272.303887551673
libe-117071,C.O.[HH],-627.1428518150558,0,10,2,-6271.428518150558
libe-117080,C.O.[HH],-627.244600455532,0,10,2,-6272.4460045553205
libe-117082,C.O.[HH],-627.2596583936372,0,10,2,-6272.596583936373
libe-117085,C.O.[HH],-627.2629989009479,0,10,2,-6272.629989009479
libe-117087,C.O.[HH],-627.4070481464393,0,10,2,-6274.070481464392
libe-117093,C.O.[HH],-627.3102691836305,0,10,2,-6273.102691836305
libe-117096,C.O.[HH],-627.0657438555795,0,10,2,-6270.657438555795
libe-117109,C.O.[HH],-627.2020507792286,0,10,2,-6272.020507792286
libe-117102,C.O.[HH],-627.2805305151351,0,10,2,-6272.805305151351
libe-117103,C.O.[HH],-627.1837334065405,0,10,2,-6271.837334065404
libe-117105,C.O.[HH],-627.3135819684107,0,10,2,-6273.135819684107
libe-117108,C.O.[HH],-627.3588620854354,0,10,2,-6273.588620854353
libe-117124,C.O.[HH],-627.077927826955,0,10,2,-6270.779278269551
libe-132387,C.O.[HH],-627.0021081371037,0,10,2,-6270.021081371037
libe-132394,C.O.[HH],-626.9695115273398,0,10,2,-6269.695115273398
libe-132412,C.O.[HH],-627.2038212098386,0,10,2,-6272.038212098386
libe-132422,C.O.[HH],-626.9575384033635,0,10,2,-6269.575384033635
libe-515676,C.O.[HH],-627.1676199398421,0,10,2,-6271.676199398421
libe-522739,C.O.[HH],-627.1317786989431,0,10,2,-6271.317786989431
libe-523090,C.F.O.P,-3028.4091254196487,0,6,4,-18170.454752517893
libe-523604,C.F.O.P,-3028.001621696126,0,6,4,-18168.009730176756
libe-525354,C.F.O.P,-3028.336127067794,0,6,4,-18170.016762406765
libe-632011,C.O.[HH].[LiH],-997.8910612877805,0,18,3,-17962.03910318005
libe-632065,C.O.[HH].[LiH],-997.8038331514144,0,18,3,-17960.46899672546
libe-632112,C.O.[HH].[LiH],-997.8912817384431,0,18,3,-17962.043071291977
libe-632156,C.O.[HH].[LiH],-997.9046322878936,0,18,3,-17962.283381182086
libe-632227,C.O.[HH].[LiH],-997.8768126326621,0,18,3,-17961.78262738792
libe-632273,C.O.[HH].[LiH],-997.8217771037642,0,18,3,-17960.791987867757
libe-632276,C.O.[HH].[LiH],-997.8910509709468,0,18,3,-17962.038917477043
libe-632288,C.O.[HH].[LiH],-997.9058604894971,0,18,3,-17962.305488810947
libe-632291,C.O.[HH].[LiH],-997.9188337746587,0,18,3,-17962.539007943855
libe-632398,C.O.[HH].[LiH],-997.8783660459479,0,18,3,-17961.810588827062
libe-632495,C.O.[HH].[LiH],-997.9042891073356,0,18,3,-17962.27720393204
libe-632547,C.O.[HH].[LiH],-997.7745089498015,0,18,3,-17959.941161096427
libe-528726,C.O.P.[HH],-1553.3594023917399,0,10,3,-15533.594023917398
libe-639674,C.O.P.[HH],-1553.4245265344537,0,10,3,-15534.245265344536
libe-501721,C.F.N.S,-4620.602485091679,0,7,4,-32344.217395641754
libe-508938,C.F.O.P.[HH],-1920.4756233456692,0,15,4,-28807.13435018504
libe-121504,C.O.[HH],-1178.162629722652,0,14,2,-16494.276816117126
libe-121505,C.O.[HH],-1178.2823046342526,0,14,2,-16495.952264879536
libe-121813,C.O.[HH],-1178.1468555969352,0,14,2,-16494.055978357093
libe-115795,C.O.[HH].[LiH],-1056.9143524228018,0,16,3,-16910.62963876483
libe-121686,C.O.[HH].[LiH],-1056.8434669221438,0,16,3,-16909.4954707543
libe-631223,C.O.[HH].[LiH],-1056.9310241242301,0,16,3,-16910.896385987682
libe-631265,C.O.[HH].[LiH],-1056.8817390842307,0,16,3,-16910.10782534769
libe-631272,C.O.[HH].[LiH],-1056.832174275235,0,16,3,-16909.31478840376
libe-631276,C.O.[HH].[LiH],-1056.5573414420082,0,16,3,-16904.91746307213
libe-631279,C.O.[HH].[LiH],-1056.9211594816857,0,16,3,-16910.73855170697
libe-631289,C.O.[HH].[LiH],-1056.861221244596,0,16,3,-16909.779539913536
libe-631298,C.O.[HH].[LiH],-1056.8364837474996,0,16,3,-16909.383739959994
libe-631309,C.O.[HH].[LiH],-1056.5681751702414,0,16,3,-16905.090802723862
libe-631312,C.O.[HH].[LiH],-1056.937735767674,0,16,3,-16911.003772282784
libe-631362,C.O.[HH].[LiH],-1056.9159175507843,0,16,3,-16910.65468081255
libe-631393,C.O.[HH].[LiH],-1056.941515221367,0,16,3,-16911.06424354187
libe-631686,C.O.[HH].[LiH],-1056.8454204069162,0,16,3,-16909.52672651066
libe-631720,C.O.[HH].[LiH],-1056.8874368825075,0,16,3,-16910.19899012012
libe-631751,C.O.[HH].[LiH],-1056.6926927207178,0,16,3,-16907.083083531485
libe-631784,C.O.[HH].[LiH],-1056.8420262088266,0,16,3,-16909.472419341226
libe-631914,C.O.[HH].[LiH],-1056.9068857401053,0,16,3,-16910.510171841684
libe-631917,C.O.[HH].[LiH],-1056.7583769264459,0,16,3,-16908.134030823134
libe-631918,C.O.[HH].[LiH],-1056.555115432718,0,16,3,-16904.881846923487
libe-631958,C.O.[HH].[LiH],-1056.7481048670095,0,16,3,-16907.96967787215
libe-631983,C.O.[HH].[LiH],-1056.5833516421415,0,16,3,-16905.333626274263
libe-631994,C.O.[HH].[LiH],-1056.7157846712985,0,16,3,-16907.452554740776
libe-632002,C.O.[HH].[LiH],-1056.9369657504428,0,16,3,-16910.991452007085
libe-632026,C.O.[HH].[LiH],-1056.6944381724734,0,16,3,-16907.111010759574
libe-632035,C.O.[HH].[LiH],-1056.9692096192828,0,16,3,-16911.507353908524
libe-632087,C.O.[HH].[LiH],-1056.7572652237213,0,16,3,-16908.11624357954
libe-632113,C.O.[HH].[LiH],-1056.8511385799352,0,16,3,-16909.618217278963
libe-632135,C.O.[HH].[LiH],-1056.8967960966888,0,16,3,-16910.34873754702
libe-632147,C.O.[HH].[LiH],-1056.8645002134167,0,16,3,-16909.832003414667
libe-632175,C.O.[HH].[LiH],-1056.9708722385496,0,16,3,-16911.533955816794
libe-188386,C.F.O.[HH],-1404.7894062692171,0,10,3,-14047.89406269217
libe-188420,C.F.O.[HH],-1404.7200638007148,0,10,3,-14047.200638007147
libe-188454,C.F.O.[HH],-1404.763658095058,0,10,3,-14047.636580950579
libe-188717,C.F.O.[HH],-1404.7270324726055,0,10,3,-14047.270324726056
libe-189873,C.F.O.[HH],-1404.715595707135,0,10,3,-14047.15595707135
libe-135867,C.F.O.[HH],-1483.569703349003,0,6,3,-8901.418220094018
libe-137406,C.F.O.[HH],-1483.2324060653407,0,6,3,-8899.394436392044
libe-137533,C.F.O.[HH],-1483.2902439670715,0,6,3,-8899.74146380243
libe-193047,C.F.O.[HH],-1483.1898841529598,0,6,3,-8899.139304917759
libe-194760,C.F.O.[HH],-1483.4066242516383,0,6,3,-8900.43974550983
libe-226868,C.F.O.[HH],-1483.156925104446,0,6,3,-8898.941550626676
libe-226886,C.F.O.[HH],-1483.1131690465463,0,6,3,-8898.679014279278
libe-226894,C.F.O.[HH],-1483.1601703524975,0,6,3,-8898.961022114985
libe-640819,C.F.O.[HH],-1482.687237720593,0,6,3,-8896.123426323558
libe-640893,C.F.O.[HH],-1483.0211624987726,0,6,3,-8898.126974992636
libe-137660,C.F.O.[HH].[LiH],-1104.6810251019374,0,12,4,-13256.172301223249
libe-137678,C.F.O.[HH].[LiH],-1104.7014028135266,0,12,4,-13256.416833762318
libe-117165,C.O.[HH],-525.4163446058516,0,12,2,-6304.996135270219
libe-117170,C.O.[HH],-525.5124243996016,0,12,2,-6306.149092795219
libe-117171,C.O.[HH],-525.4794482342976,0,12,2,-6305.753378811572
libe-117174,C.O.[HH],-525.4724666285603,0,12,2,-6305.6695995427235
libe-117178,C.O.[HH],-525.5121947835805,0,12,2,-6306.146337402966
libe-117187,C.O.[HH],-525.2647134692633,0,12,2,-6303.1765616311595
libe-117192,C.O.[HH],-525.4454235876259,0,12,2,-6305.345083051511
libe-117199,C.O.[HH],-525.4343279414226,0,12,2,-6305.21193529707
libe-117201,C.O.[HH],-525.2474444765752,0,12,2,-6302.969333718902
libe-117205,C.O.[HH],-525.33625424363,0,12,2,-6304.03505092356
libe-132437,C.O.[HH],-525.4546995495198,0,12,2,-6305.456394594237
libe-519977,C.O.[HH],-525.4386085013415,0,12,2,-6305.263302016097
libe-501680,C.F.N.O.S.[LiH],-3597.505893728553,0,10,6,-35975.05893728553
libe-137011,C.F.O.[HH].[LiH],-1013.5200635778295,0,8,4,-8108.160508622636
libe-137015,C.F.O.[HH].[LiH],-1013.750785691142,0,8,4,-8110.006285529136
libe-179610,C.F.O.[HH].[LiH],-1013.7925993113396,0,8,4,-8110.340794490717
libe-179622,C.F.O.[HH].[LiH],-1013.8127700952845,0,8,4,-8110.502160762276
libe-179658,C.F.O.[HH].[LiH],-1013.5910265600111,0,8,4,-8108.728212480089
libe-180078,C.F.O.[HH].[LiH],-1014.0818811953324,0,8,4,-8112.655049562659
libe-180604,C.F.O.[HH].[LiH],-1013.9301631933367,0,8,4,-8111.441305546694
libe-220919,C.F.O.[HH].[LiH],-1013.8988678365555,0,8,4,-8111.190942692444
libe-642767,C.F.O.[HH].[LiH],-1013.502351750872,0,8,4,-8108.018814006976
libe-642782,C.F.O.[HH].[LiH],-1013.7833637406455,0,8,4,-8110.266909925164
libe-642809,C.F.O.[HH].[LiH],-1013.5212348381036,0,8,4,-8108.169878704829
libe-642838,C.F.O.[HH].[LiH],-1013.8051835537957,0,8,4,-8110.441468430366
libe-643030,C.F.O.[HH].[LiH],-1013.5460483408177,0,8,4,-8108.368386726542
libe-643109,C.F.O.[HH].[LiH],-1013.5493622324462,0,8,4,-8108.39489785957
libe-117394,C.O.[HH].[LiH],-611.4708442059765,0,14,3,-8560.591818883671
libe-117395,C.O.[HH].[LiH],-611.4311099766115,0,14,3,-8560.03553967256
libe-117398,C.O.[HH].[LiH],-611.4256435508968,0,14,3,-8559.959009712555
libe-117400,C.O.[HH].[LiH],-611.4419676277239,0,14,3,-8560.187546788135
libe-117401,C.O.[HH].[LiH],-611.323506133964,0,14,3,-8558.529085875496
libe-117402,C.O.[HH].[LiH],-611.4784134583145,0,14,3,-8560.697788416404
libe-117406,C.O.[HH].[LiH],-611.2866553869907,0,14,3,-8558.01317541787
libe-117411,C.O.[HH].[LiH],-611.383313309759,0,14,3,-8559.366386336627
libe-117413,C.O.[HH].[LiH],-611.4028715518019,0,14,3,-8559.640201725228
libe-117429,C.O.[HH].[LiH],-611.251136326446,0,14,3,-8557.515908570245
libe-183300,C.O.[HH].[LiH],-611.212275384535,0,14,3,-8556.97185538349
libe-183458,C.O.[HH].[LiH],-611.2072675234404,0,14,3,-8556.901745328165
libe-183524,C.O.[HH].[LiH],-611.2014646061134,0,14,3,-8556.820504485588
libe-183601,C.O.[HH].[LiH],-611.2050796474863,0,14,3,-8556.871115064809
libe-186288,C.O.[HH].[LiH],-611.1982162875468,0,14,3,-8556.775028025655
libe-188443,C.O.[HH].[LiH],-611.3987784854304,0,14,3,-8559.582898796025
libe-118236,C.O.[HH].[LiH],-716.387176663919,0,9,3,-6447.484589975272
libe-118248,C.O.[HH].[LiH],-716.3837997254915,0,9,3,-6447.454197529423
libe-118258,C.O.[HH].[LiH],-716.1874732016606,0,9,3,-6445.687258814945
libe-118259,C.O.[HH].[LiH],-716.3373389919966,0,9,3,-6447.036050927969
libe-118263,C.O.[HH].[LiH],-716.219721104247,0,9,3,-6445.977489938223
libe-118267,C.O.[HH].[LiH],-716.0439044380371,0,9,3,-6444.395139942334
libe-118280,C.O.[HH].[LiH],-715.9929478399882,0,9,3,-6443.936530559894
libe-118281,C.O.[HH].[LiH],-716.0367922659435,0,9,3,-6444.331130393492
libe-118285,C.O.[HH].[LiH],-716.2347199705295,0,9,3,-6446.112479734765
libe-118295,C.O.[HH].[LiH],-716.0882482724832,0,9,3,-6444.794234452348
libe-118297,C.O.[HH].[LiH],-716.1327490640541,0,9,3,-6445.194741576487
libe-118303,C.O.[HH].[LiH],-716.2427339647277,0,9,3,-6446.184605682549
libe-637174,C.O.[HH].[LiH],-716.2385679062849,0,9,3,-6446.147111156563
libe-226697,C.O.[HH].[LiH],-716.1744681992077,0,9,3,-6445.570213792869
libe-226698,C.O.[HH].[LiH],-716.1007433521206,0,9,3,-6444.906690169086
libe-226711,C.O.[HH].[LiH],-715.8985637832792,0,9,3,-6443.087074049513
libe-226723,C.O.[HH].[LiH],-716.0409748857904,0,9,3,-6444.368773972114
libe-226727,C.O.[HH].[LiH],-716.0210971168378,0,9,3,-6444.189874051541
libe-226739,C.O.[HH].[LiH],-715.9630050447211,0,9,3,-6443.66704540249
libe-226746,C.O.[HH].[LiH],-716.0592945607075,0,9,3,-6444.533651046368
libe-226757,C.O.[HH].[LiH],-716.1331899500487,0,9,3,-6445.198709550439
libe-226759,C.O.[HH].[LiH],-715.9212856065568,0,9,3,-6443.291570459011
libe-226764,C.O.[HH].[LiH],-716.1443043165754,0,9,3,-6445.298738849178
libe-226768,C.O.[HH].[LiH],-716.0772902451658,0,9,3,-6444.695612206493
libe-226785,C.O.[HH].[LiH],-716.0673396396468,0,9,3,-6444.606056756821
libe-226788,C.O.[HH].[LiH],-715.9510439639321,0,9,3,-6443.559395675388
libe-640783,C.O.[HH].[LiH],-716.0209831636802,0,9,3,-6444.188848473122
libe-640945,C.O.[HH].[LiH],-715.9510676673691,0,9,3,-6443.559609006322
libe-118027,C.O.[HH],-1111.1093124385736,0,13,2,-14444.421061701458
libe-118033,C.O.[HH],-1111.2647448318544,0,13,2,-14446.441682814106
libe-118044,C.O.[HH],-1111.1333716542501,0,13,2,-14444.733831505253
libe-118057,C.O.[HH],-1111.2526594446924,0,13,2,-14446.284572781002
libe-118097,C.O.[HH],-1111.1132640954472,0,13,2,-14444.472433240813
libe-138237,C.F.O.[HH].[LiH],-1274.3995461862905,0,12,4,-15292.794554235486
libe-138246,C.F.O.[HH].[LiH],-1274.240390670721,0,12,4,-15290.88468804865
libe-177256,C.F.O.[HH].[LiH],-1274.0582868887893,0,12,4,-15288.699442665471
libe-177290,C.F.O.[HH].[LiH],-1274.2388869636536,0,12,4,-15290.866643563844
libe-177319,C.F.O.[HH].[LiH],-1274.1080875089394,0,12,4,-15289.297050107274
libe-177670,C.F.O.[HH].[LiH],-1274.2748312467247,0,12,4,-15291.297974960697
libe-177672,C.F.O.[HH].[LiH],-1274.229653872835,0,12,4,-15290.755846474018
libe-178141,C.F.O.[HH].[LiH],-1274.179831862794,0,12,4,-15290.157982353527
libe-178301,C.F.O.[HH].[LiH],-1274.1868218434167,0,12,4,-15290.241862121002
libe-180423,C.F.O.[HH].[LiH],-1274.2483903320037,0,12,4,-15290.980683984046
libe-180535,C.F.O.[HH].[LiH],-1274.3224439498397,0,12,4,-15291.869327398077
libe-221986,C.F.O.[HH].[LiH],-1274.180219429389,0,12,4,-15290.162633152668
libe-222831,C.F.O.[HH].[LiH],-1274.373457959424,0,12,4,-15292.481495513088
libe-140959,C.F.O.[HH].[LiH],-1061.7198660485044,0,18,4,-19110.95758887308
libe-141026,C.F.O.[HH].[LiH],-1061.7032955502045,0,18,4,-19110.65931990368
libe-141050,C.F.O.[HH].[LiH],-1061.698404451102,0,18,4,-19110.57128011984
libe-409448,C.F.O.[HH].[LiH],-1061.6717640208105,0,18,4,-19110.09175237459
libe-116073,C.O.[HH],-694.6717126237126,0,6,2,-4168.030275742275
libe-116076,C.O.[HH],-694.7160085682453,0,6,2,-4168.296051409472
libe-116078,C.O.[HH],-694.4799410392242,0,6,2,-4166.879646235345
libe-116084,C.O.[HH],-694.4374303147832,0,6,2,-4166.624581888699
libe-208871,C.O.[HH],-694.4084393865392,0,6,2,-4166.450636319235
libe-209186,C.O.[HH],-694.2945566942963,0,6,2,-4165.767340165778
libe-524480,C.O.[HH],-694.1196624168239,0,6,2,-4164.7179745009435
libe-178960,C.F.O.[HH].[LiH],-1490.0455872857137,0,13,4,-19370.592634714278
libe-515441,C.F.O.P,-2588.793501685268,0,9,4,-23299.141515167412
libe-525446,C.F.O.P,-2589.0955591345064,0,9,4,-23301.860032210556
libe-137364,C.O.[LiH],-1344.8676413331198,0,11,3,-14793.544054664317
libe-523732,C.F.O.P.[HH],-2500.1389695077446,0,10,4,-25001.389695077447
libe-140757,C.F.O.[HH].[LiH],-964.4218228271844,0,17,4,-16395.170988062135
libe-140840,C.F.O.[HH].[LiH],-964.363915380722,0,17,4,-16394.186561472274
libe-140846,C.F.O.[HH].[LiH],-964.3866949235293,0,17,4,-16394.573813699997
libe-140877,C.F.O.[HH].[LiH],-964.4052729975854,0,17,4,-16394.88964095895
libe-140921,C.F.O.[HH].[LiH],-964.3699785375803,0,17,4,-16394.289635138866
libe-141160,C.F.O.[HH].[LiH],-964.4000472387086,0,17,4,-16394.800803058046
libe-141213,C.F.O.[HH].[LiH],-964.3755607698661,0,17,4,-16394.384533087723
libe-141264,C.F.O.[HH].[LiH],-964.367588922336,0,17,4,-16394.249011679713
libe-141365,C.F.O.[HH].[LiH],-964.3603627953162,0,17,4,-16394.126167520375
libe-141450,C.F.O.[HH].[LiH],-964.3737830741314,0,17,4,-16394.354312260235
libe-501712,C.F.N.O.S.[LiH],-2910.8345240979356,0,7,6,-20375.84166868555
libe-515689,C.O.P.[HH],-1937.6061869239472,0,8,3,-15500.849495391578
libe-519444,C.O.P.[HH],-1937.3749583812578,0,8,3,-15498.999667050062
libe-521690,C.O.P.[HH],-1937.767753368636,0,8,3,-15502.142026949088
libe-528276,C.O.P.[HH],-1938.0704854350606,0,8,3,-15504.563883480485
libe-640179,C.O.P.[HH],-1937.6842543429277,0,8,3,-15501.474034743422
libe-640183,C.O.P.[HH],-1937.7936257034548,0,8,3,-15502.349005627639
libe-640196,C.O.P.[HH],-1937.6760965659691,0,8,3,-15501.408772527753
libe-640367,C.O.P.[HH],-1937.3830865988143,0,8,3,-15499.064692790515
libe-120394,C.O.[HH].[LiH],-1054.3723733558547,0,9,3,-9489.351360202692
libe-120395,C.O.[HH].[LiH],-1054.3900474160976,0,9,3,-9489.510426744879
libe-120396,C.O.[HH].[LiH],-1054.1109258218328,0,9,3,-9486.998332396495
libe-120397,C.O.[HH].[LiH],-1054.2855444247064,0,9,3,-9488.569899822358
libe-120399,C.O.[HH].[LiH],-1054.5232779871235,0,9,3,-9490.709501884112
libe-120403,C.O.[HH].[LiH],-1054.3521613814628,0,9,3,-9489.169452433165
libe-120404,C.O.[HH].[LiH],-1054.5383478929707,0,9,3,-9490.845131036736
libe-120405,C.O.[HH].[LiH],-1054.390005987403,0,9,3,-9489.510053886626
libe-120409,C.O.[HH].[LiH],-1054.0965623661598,0,9,3,-9486.869061295438
libe-120415,C.O.[HH].[LiH],-1054.227450111891,0,9,3,-9488.047051007017
libe-120798,C.O.[HH].[LiH],-1054.3108663157957,0,9,3,-9488.797796842162
libe-120804,C.O.[HH].[LiH],-1054.2344687070301,0,9,3,-9488.110218363272
libe-120887,C.O.[HH].[LiH],-1054.1290528703375,0,9,3,-9487.161475833038
libe-120888,C.O.[HH].[LiH],-1054.0781989217105,0,9,3,-9486.703790295394
libe-120889,C.O.[HH].[LiH],-1054.3047903916113,0,9,3,-9488.743113524502
libe-120897,C.O.[HH].[LiH],-1054.1948220452937,0,9,3,-9487.753398407644
libe-120899,C.O.[HH].[LiH],-1054.2382243040238,0,9,3,-9488.144018736215
libe-120902,C.O.[HH].[LiH],-1054.3612360224042,0,9,3,-9489.251124201637
libe-120905,C.O.[HH].[LiH],-1054.2932513028875,0,9,3,-9488.639261725988
libe-120906,C.O.[HH].[LiH],-1054.0985284213775,0,9,3,-9486.886755792399
libe-132252,C.O.[HH].[LiH],-1054.2569851403498,0,9,3,-9488.312866263148
libe-120908,C.O.[HH].[LiH],-1054.0939483198122,0,9,3,-9486.84553487831
libe-120909,C.O.[HH].[LiH],-1054.1908982223088,0,9,3,-9487.718084000779
libe-120910,C.O.[HH].[LiH],-1054.3489606176797,0,9,3,-9489.140645559117
libe-120915,C.O.[HH].[LiH],-1054.5128099539609,0,9,3,-9490.615289585648
libe-120917,C.O.[HH].[LiH],-1054.3574555699643,0,9,3,-9489.217100129677
libe-132258,C.O.[HH].[LiH],-1054.1783415539892,0,9,3,-9487.605073985902
libe-140653,C.O.[HH].[LiH],-1054.2424607818552,0,9,3,-9488.182147036698
libe-140656,C.O.[HH].[LiH],-1054.2319254226386,0,9,3,-9488.087328803747
libe-187034,C.O.[HH].[LiH],-1054.0185665704548,0,9,3,-9486.167099134092
libe-187163,C.O.[HH].[LiH],-1054.2892045445926,0,9,3,-9488.602840901334
libe-187347,C.O.[HH].[LiH],-1054.0117570086431,0,9,3,-9486.10581307779
libe-187382,C.O.[HH].[LiH],-1054.2315923076615,0,9,3,-9488.084330768954
libe-187392,C.O.[HH].[LiH],-1054.4326456761626,0,9,3,-9489.893811085463
libe-187429,C.O.[HH].[LiH],-1054.4481675428642,0,9,3,-9490.033507885779
libe-187622,C.O.[HH].[LiH],-1054.4128992658987,0,9,3,-9489.716093393088
libe-187682,C.O.[HH].[LiH],-1054.1922505119396,0,9,3,-9487.730254607457
libe-187752,C.O.[HH].[LiH],-1054.44046969986,0,9,3,-9489.96422729874
libe-188331,C.O.[HH].[LiH],-1054.3298966304496,0,9,3,-9488.969069674047
libe-118648,C.O.[LiH],-1096.3790283705855,0,6,3,-6578.274170223513
libe-119081,C.O.[LiH],-1096.3882162685065,0,6,3,-6578.329297611039
libe-634384,C.O.[LiH],-1096.1857523980093,0,6,3,-6577.114514388056
libe-225948,C.O.[LiH],-1096.273268093579,0,6,3,-6577.639608561473
libe-225962,C.O.[LiH],-1096.2435829166934,0,6,3,-6577.4614975001605
libe-639619,C.O.[LiH],-1096.2624607855325,0,6,3,-6577.574764713196
libe-639753,C.O.[LiH],-1096.070829410622,0,6,3,-6576.4249764637325
libe-136239,C.F.[HH].[LiH],-837.8999820260905,0,6,3,-5027.399892156543
libe-136248,C.F.[HH].[LiH],-837.89048152299,0,6,3,-5027.34288913794
libe-206231,C.F.[HH].[LiH],-837.9015054315743,0,6,3,-5027.409032589446
libe-206247,C.F.[HH].[LiH],-837.9110906947516,0,6,3,-5027.466544168509
libe-206271,C.F.[HH].[LiH],-837.8460875983964,0,6,3,-5027.076525590378
libe-206528,C.F.[HH].[LiH],-838.1220954367955,0,6,3,-5028.732572620773
libe-224963,C.F.[HH].[LiH],-837.4754750919593,0,6,3,-5024.852850551756
libe-224965,C.F.[HH].[LiH],-837.4538136064076,0,6,3,-5024.722881638446
libe-641827,C.F.[HH].[LiH],-837.4112485719232,0,6,3,-5024.467491431539
libe-641830,C.F.[HH].[LiH],-837.4683966268468,0,6,3,-5024.810379761081
libe-641836,C.F.[HH].[LiH],-837.4857150433523,0,6,3,-5024.914290260114
libe-140998,C.F.O.[HH].[LiH],-1060.2849268918453,0,19,4,-20145.41361094506
libe-141202,C.F.O.[HH].[LiH],-1060.2973220254012,0,19,4,-20145.649118482623
libe-141281,C.F.O.[HH].[LiH],-1060.2800635568567,0,19,4,-20145.321207580277
libe-141293,C.F.O.[HH].[LiH],-1060.288762908946,0,19,4,-20145.48649526997
libe-141443,C.F.O.[HH].[LiH],-1060.2724186850623,0,19,4,-20145.175955016184
libe-141557,C.F.O.[HH].[LiH],-1060.251896362304,0,19,4,-20144.786030883777
libe-141601,C.F.O.[HH].[LiH],-1060.266187703265,0,19,4,-20145.057566362033
libe-405447,C.F.O.[HH].[LiH],-1060.2662078955777,0,19,4,-20145.057950015977
libe-137692,C.F.O.[HH].[LiH],-1037.82901947525,0,7,4,-7264.803136326751
libe-137693,C.F.O.[HH].[LiH],-1037.9023365092303,0,7,4,-7265.316355564612
libe-137726,C.F.O.[HH].[LiH],-1037.778366925742,0,7,4,-7264.448568480194
libe-137772,C.F.O.[HH].[LiH],-1037.7592536068871,0,7,4,-7264.31477524821
libe-173433,C.F.O.[HH].[LiH],-1038.2268533001056,0,7,4,-7267.58797310074
libe-207705,C.F.O.[HH].[LiH],-1037.8286939513432,0,7,4,-7264.800857659403
libe-208448,C.F.O.[HH].[LiH],-1037.830489476259,0,7,4,-7264.813426333812
libe-226508,C.F.O.[HH].[LiH],-1037.7027956614481,0,7,4,-7263.919569630138
libe-226555,C.F.O.[HH].[LiH],-1037.5383561568626,0,7,4,-7262.768493098038
libe-642447,C.F.O.[HH].[LiH],-1037.8580783729517,0,7,4,-7265.006548610662
libe-642473,C.F.O.[HH].[LiH],-1037.8353648889645,0,7,4,-7264.847554222752
libe-642503,C.F.O.[HH].[LiH],-1037.4942665202175,0,7,4,-7262.459865641522
libe-510433,C.F.O.P.[HH],-1936.8557586936122,0,11,4,-21305.413345629735
libe-520384,C.F.O.P.[HH],-1936.5892549806094,0,11,4,-21302.481804786705
libe-521955,C.F.O.P.[HH],-1936.5629641173923,0,11,4,-21302.192605291315
libe-526794,C.F.O.P.[HH],-1936.4461134863216,0,11,4,-21300.907248349537
libe-527213,C.F.O.P.[HH],-1936.5956237338744,0,11,4,-21302.551861072618
libe-528592,C.F.O.P.[HH],-1936.7049985166182,0,11,4,-21303.7549836828
libe-529405,C.F.O.P.[HH],-1936.5694946808069,0,11,4,-21302.264441488875
libe-516577,C.O.P.[HH],-2239.003349338743,0,6,3,-13434.02009603246
libe-528712,C.O.P.[HH],-2239.3572914016963,0,6,3,-13436.143748410179
libe-120954,C.O.[HH].[LiH],-1172.708783176594,0,10,3,-11727.087831765939
libe-120960,C.O.[HH].[LiH],-1172.76421907409,0,10,3,-11727.6421907409
libe-121710,C.O.[HH].[LiH],-1172.7211571101784,0,10,3,-11727.211571101785
libe-121730,C.O.[HH].[LiH],-1172.7192133372005,0,10,3,-11727.192133372004
libe-190135,C.O.[HH].[LiH],-1172.7662298440514,0,10,3,-11727.662298440513
libe-190263,C.O.[HH].[LiH],-1172.69453950042,0,10,3,-11726.9453950042
libe-116808,C.O.[HH],-571.8134672554239,0,11,2,-6289.948139809663
libe-116811,C.O.[HH],-571.8833956663332,0,11,2,-6290.717352329665
libe-116818,C.O.[HH],-571.6358736894304,0,11,2,-6287.994610583733
libe-116819,C.O.[HH],-571.7163050955386,0,11,2,-6288.879356050925
libe-116821,C.O.[HH],-571.649612177954,0,11,2,-6288.1457339574945
libe-116822,C.O.[HH],-571.6030431320131,0,11,2,-6287.633474452144
libe-116824,C.O.[HH],-571.7277249834511,0,11,2,-6289.004974817963
libe-116828,C.O.[HH],-571.8013512540937,0,11,2,-6289.814863795031
libe-116829,C.O.[HH],-571.6039635448755,0,11,2,-6287.64359899363
libe-119293,C.O.[HH],-571.5901349407605,0,11,2,-6287.491484348367
libe-119303,C.O.[HH],-571.8153685442576,0,11,2,-6289.969053986833
libe-119306,C.O.[HH],-571.8183286214619,0,11,2,-6290.001614836081
libe-119313,C.O.[HH],-571.9098716994574,0,11,2,-6291.0085886940315
libe-119314,C.O.[HH],-571.9139073878409,0,11,2,-6291.052981266251
libe-510486,C.O.[HH],-571.8334406957016,0,11,2,-6290.167847652718
libe-226656,C.O.[HH],-571.6261706271176,0,11,2,-6287.887876898294
libe-226663,C.O.[HH],-571.5927092988251,0,11,2,-6287.519802287076
libe-226669,C.O.[HH],-571.5832615762534,0,11,2,-6287.415877338788
libe-226685,C.O.[HH],-571.5632760906832,0,11,2,-6287.196036997515
libe-226688,C.O.[HH],-571.6185132792671,0,11,2,-6287.803646071938
libe-226741,C.O.[HH],-571.6785942560535,0,11,2,-6288.464536816589
libe-226750,C.O.[HH],-571.589672587237,0,11,2,-6287.486398459607
libe-226751,C.O.[HH],-571.5826824260301,0,11,2,-6287.409506686331
libe-226805,C.O.[HH],-571.4485352014685,0,11,2,-6285.933887216154
libe-226875,C.O.[HH],-571.5154176161716,0,11,2,-6286.669593777888
libe-226909,C.O.[HH],-571.6190048776111,0,11,2,-6287.809053653722
libe-226914,C.O.[HH],-571.5943864169154,0,11,2,-6287.53825058607
libe-226915,C.O.[HH],-571.6105102405495,0,11,2,-6287.715612646045
libe-227022,C.O.[HH],-571.6256743241141,0,11,2,-6287.882417565255
libe-640833,C.O.[HH],-571.4421988636527,0,11,2,-6285.86418750018
libe-117646,C.O.[HH],-1032.9613718447933,0,11,2,-11362.575090292727
libe-117650,C.O.[HH],-1033.1008444106506,0,11,2,-11364.109288517157
libe-117652,C.O.[HH],-1032.995559921386,0,11,2,-11362.951159135248
libe-117657,C.O.[HH],-1033.14963136469,0,11,2,-11364.64594501159
libe-120306,C.O.[HH],-1032.9093555509428,0,11,2,-11362.002911060372
libe-176932,C.O.[HH],-1033.1691297069328,0,11,2,-11364.86042677626
libe-518891,C.F.O.P,-2740.144072112369,0,8,4,-21921.152576898952
libe-516458,C.F.O.P.[HH],-2226.948322817116,0,12,4,-26723.379873805392
libe-521119,C.F.O.P.[HH],-2226.8615311757667,0,12,4,-26722.3383741092
libe-524396,C.F.O.P.[HH],-2227.116847277605,0,12,4,-26725.40216733126
libe-524610,C.F.O.P.[HH],-2227.028618336519,0,12,4,-26724.343420038225
libe-524907,C.F.O.P.[HH],-2226.850232365492,0,12,4,-26722.202788385905
libe-528358,C.F.O.P.[HH],-2226.9505451237524,0,12,4,-26723.40654148503
libe-140786,C.F.O.[HH],-987.0440505565597,0,15,3,-14805.660758348395
libe-140989,C.F.O.[HH],-986.9357915827023,0,15,3,-14804.036873740535
libe-141002,C.F.O.[HH],-987.3589639578491,0,15,3,-14810.384459367737
libe-120645,C.O.[HH].[LiH],-867.5103947388345,0,10,3,-8675.103947388345
libe-120656,C.O.[HH].[LiH],-867.3993121593085,0,10,3,-8673.993121593085
libe-132290,C.O.[HH].[LiH],-867.433652972034,0,10,3,-8674.33652972034
libe-526166,C.F.O.P.[HH],-1659.4246148281802,0,11,4,-18253.67076310998
libe-515152,C.F.O.P.[HH],-1400.3737658261127,0,16,4,-22405.980253217804
libe-516305,C.F.O.P.[HH],-1400.3778354610363,0,16,4,-22406.04536737658
libe-520079,C.F.O.P.[HH],-1400.407851581102,0,16,4,-22406.525625297632
libe-520873,C.F.O.P.[HH],-1400.1019566099953,0,16,4,-22401.631305759925
libe-522690,C.F.O.P.[HH],-1400.375918846689,0,16,4,-22406.014701547025
libe-524547,C.F.O.P.[HH],-1400.3394158132414,0,16,4,-22405.430653011863
libe-524599,C.F.O.P.[HH],-1400.3778681458746,0,16,4,-22406.045890333993
libe-526152,C.F.O.P.[HH],-1400.1277178258,0,16,4,-22402.0434852128
libe-527822,C.F.O.P.[HH],-1400.361798077618,0,16,4,-22405.788769241888
libe-529043,C.F.O.P.[HH],-1400.2426518376262,0,16,4,-22403.88242940202
libe-529197,C.F.O.P.[HH],-1400.3514168105337,0,16,4,-22405.62266896854
libe-535052,C.F.O.P.[HH],-1400.1511528832195,0,16,4,-22402.418446131513
libe-542402,C.F.O.P.[HH],-1400.3503986228302,0,16,4,-22405.606377965283
libe-118935,C.O.[HH].[LiH],-747.1786153850653,0,10,3,-7471.786153850653
libe-118940,C.O.[HH].[LiH],-747.2415430581098,0,10,3,-7472.415430581097
libe-118943,C.O.[HH].[LiH],-747.3256495565415,0,10,3,-7473.256495565415
libe-118979,C.O.[HH].[LiH],-747.1174076567842,0,10,3,-7471.174076567841
libe-118981,C.O.[HH].[LiH],-747.1425773373342,0,10,3,-7471.425773373341
libe-118994,C.O.[HH].[LiH],-747.2806430427759,0,10,3,-7472.806430427759
libe-118998,C.O.[HH].[LiH],-747.3229045066594,0,10,3,-7473.229045066593
libe-176763,C.O.[HH].[LiH],-747.4060329721677,0,10,3,-7474.060329721678
libe-177138,C.O.[HH].[LiH],-747.4526556848928,0,10,3,-7474.526556848928
libe-181741,C.O.[HH].[LiH],-747.3509195358516,0,10,3,-7473.509195358516
libe-181863,C.O.[HH].[LiH],-747.0096536358238,0,10,3,-7470.096536358238
libe-181883,C.O.[HH].[LiH],-746.9743436688373,0,10,3,-7469.743436688373
libe-182037,C.O.[HH].[LiH],-747.0234611675108,0,10,3,-7470.234611675109
libe-182189,C.O.[HH].[LiH],-747.358735449382,0,10,3,-7473.58735449382
libe-182222,C.O.[HH].[LiH],-747.0566340744025,0,10,3,-7470.566340744025
libe-182426,C.O.[HH].[LiH],-747.0950654316104,0,10,3,-7470.950654316103
libe-182613,C.O.[HH].[LiH],-747.431749081755,0,10,3,-7474.31749081755
libe-631468,C.O.[HH].[LiH],-747.2506483373828,0,10,3,-7472.506483373828
libe-631788,C.O.[HH].[LiH],-747.5699189720226,0,10,3,-7475.699189720226
libe-209556,C.F.O.[HH].[LiH],-1006.789443991563,0,6,4,-6040.7366639493775
libe-640708,C.F.O.[HH].[LiH],-1006.2628579013958,0,6,4,-6037.577147408375
libe-141062,C.F.O.[HH].[LiH],-1220.9212198589748,0,20,4,-24418.424397179497
libe-141183,C.F.O.[HH].[LiH],-1220.9182720486249,0,20,4,-24418.3654409725
libe-141192,C.F.O.[HH].[LiH],-1220.7447067196467,0,20,4,-24414.894134392933
libe-141201,C.F.O.[HH].[LiH],-1220.7826865631073,0,20,4,-24415.653731262148
libe-141273,C.F.O.[HH].[LiH],-1220.9091714908996,0,20,4,-24418.183429817993
libe-141329,C.F.O.[HH].[LiH],-1220.9098616655094,0,20,4,-24418.197233310188
libe-141352,C.F.O.[HH].[LiH],-1220.7605654050958,0,20,4,-24415.211308101916
libe-141366,C.F.O.[HH].[LiH],-1220.9013542513721,0,20,4,-24418.027085027443
libe-141412,C.F.O.[HH].[LiH],-1220.9063584378819,0,20,4,-24418.127168757637
libe-141548,C.F.O.[HH].[LiH],-1220.885483737085,0,20,4,-24417.7096747417
libe-141576,C.F.O.[HH].[LiH],-1220.8952356843488,0,20,4,-24417.904713686978
libe-141616,C.F.O.[HH].[LiH],-1220.7931698325167,0,20,4,-24415.863396650333
libe-393315,C.F.O.[HH].[LiH],-1220.9132687658935,0,20,4,-24418.26537531787
libe-393536,C.F.O.[HH].[LiH],-1220.8905383555234,0,20,4,-24417.810767110466
libe-424574,C.F.O.[HH].[LiH],-1220.8193273864526,0,20,4,-24416.386547729053
libe-141351,C.F.O.[HH],-1157.1984861331396,0,19,3,-21986.771236529654
libe-401506,C.F.O.[HH],-1157.1715360260969,0,19,3,-21986.25918449584
libe-120760,C.O.[HH].[LiH],-1191.9144391967202,0,14,3,-16686.802148754083
libe-120762,C.O.[HH].[LiH],-1191.8263943863365,0,14,3,-16685.56952140871
libe-120812,C.O.[HH].[LiH],-1191.7713538882513,0,14,3,-16684.79895443552
libe-120817,C.O.[HH].[LiH],-1191.7888280161903,0,14,3,-16685.043592226666
libe-180437,C.O.[HH].[LiH],-1191.9691808228647,0,14,3,-16687.568531520104
libe-136949,C.F.O.[HH],-1419.0875152813146,0,7,3,-9933.612606969202
libe-136961,C.F.O.[HH],-1419.3868772455614,0,7,3,-9935.70814071893
libe-636061,C.F.O.[HH],-1419.4922168942644,0,7,3,-9936.44551825985
libe-176208,C.F.O.[HH],-1419.1933857313331,0,7,3,-9934.353700119333
libe-636056,C.F.O.[HH],-1419.351519050997,0,7,3,-9935.460633356979
libe-642014,C.F.O.[HH],-1418.915171963524,0,7,3,-9932.406203744667
libe-642053,C.F.O.[HH],-1419.1838647670936,0,7,3,-9934.287053369655
libe-642073,C.F.O.[HH],-1418.9431796782007,0,7,3,-9932.602257747405
libe-642080,C.F.O.[HH],-1419.137667629413,0,7,3,-9933.963673405891
libe-642146,C.F.O.[HH],-1419.1972549175498,0,7,3,-9934.380784422849
libe-135944,C.F.O.[HH],-983.6662526552453,0,7,3,-6885.663768586717
libe-137439,C.F.O.[HH],-983.3786675025106,0,7,3,-6883.650672517574
libe-137443,C.F.O.[HH],-983.6855974430858,0,7,3,-6885.799182101601
libe-137543,C.F.O.[HH],-983.7500336507939,0,7,3,-6886.250235555557
libe-137546,C.F.O.[HH],-983.277591366754,0,7,3,-6882.943139567278
libe-208508,C.F.O.[HH],-983.2343914457135,0,7,3,-6882.640740119995
libe-208580,C.F.O.[HH],-982.8039863283872,0,7,3,-6879.62790429871
libe-208829,C.F.O.[HH],-983.7709791355356,0,7,3,-6886.39685394875
libe-208837,C.F.O.[HH],-983.9244131154821,0,7,3,-6887.470891808375
libe-225738,C.F.O.[HH],-983.2337316629471,0,7,3,-6882.636121640629
libe-225747,C.F.O.[HH],-983.366607064076,0,7,3,-6883.566249448532
libe-225751,C.F.O.[HH],-983.2804929618034,0,7,3,-6882.963450732624
libe-225755,C.F.O.[HH],-983.3490759295579,0,7,3,-6883.443531506905
libe-228065,C.F.O.[HH],-983.3460851109784,0,7,3,-6883.4225957768485
libe-642369,C.F.O.[HH],-983.2421338700573,0,7,3,-6882.694937090401
libe-642374,C.F.O.[HH],-982.781643131125,0,7,3,-6879.471501917875
libe-642379,C.F.O.[HH],-983.3166771482693,0,7,3,-6883.216740037885
libe-642399,C.F.O.[HH],-983.3349834844743,0,7,3,-6883.34488439132
libe-136073,C.F.O.[HH],-1333.3163140990173,0,9,3,-11999.846826891155
libe-136334,C.F.O.[HH],-1333.3923651802575,0,9,3,-12000.531286622318
libe-136484,C.F.O.[HH],-1333.2445346272223,0,9,3,-11999.200811645
libe-136644,C.F.O.[HH],-1333.4000126660912,0,9,3,-12000.600113994822
libe-137156,C.F.O.[HH],-1333.4209251903144,0,9,3,-12000.788326712829
libe-137632,C.F.O.[HH],-1333.0818156594914,0,9,3,-11997.736340935424
libe-137804,C.F.O.[HH],-1333.0297879082104,0,9,3,-11997.268091173893
libe-137946,C.F.O.[HH],-1333.261845433551,0,9,3,-11999.356608901959
libe-188796,C.F.O.[HH],-1332.6525992199304,0,9,3,-11993.873392979373
libe-188891,C.F.O.[HH],-1333.34770201276,0,9,3,-12000.12931811484
libe-189007,C.F.O.[HH],-1332.8832562803993,0,9,3,-11995.949306523595
libe-189932,C.F.O.[HH],-1333.3833283650704,0,9,3,-12000.449955285634
libe-190786,C.F.O.[HH],-1333.2360731578456,0,9,3,-11999.124658420611
libe-191293,C.F.O.[HH],-1333.2642235453368,0,9,3,-11999.378011908031
libe-191296,C.F.O.[HH],-1333.0409346499653,0,9,3,-11997.368411849688
libe-192075,C.F.O.[HH],-1332.9539880849654,0,9,3,-11996.58589276469
libe-120972,C.O.[HH],-674.7443755720346,0,17,2,-11470.654384724588
libe-120982,C.O.[HH],-674.5883214935151,0,17,2,-11468.001465389756
libe-174851,C.O.[HH],-674.7230148793352,0,17,2,-11470.291252948698
libe-174856,C.O.[HH],-674.7351761706907,0,17,2,-11470.497994901742
libe-524689,C.F.O.P.[HH],-2057.609863448584,0,12,4,-24691.318361383004
libe-542235,C.F.O.P.[HH],-2057.605529430522,0,12,4,-24691.266353166262
libe-141613,C.F.O.[HH].[LiH],-1167.2134884493685,0,19,4,-22177.056280538
libe-422858,C.F.O.[HH].[LiH],-1167.1598273216487,0,19,4,-22176.036719111326
libe-430778,C.F.O.[HH].[LiH],-1167.3837997205346,0,19,4,-22180.29219469016
libe-523242,C.O.P.[HH],-2069.635440393373,0,6,3,-12417.812642360237
libe-640453,C.O.P.[HH],-2069.734118903271,0,6,3,-12418.404713419626
libe-173543,C.O.[HH].[LiH],-734.9043241688075,0,13,3,-9553.756214194498
libe-173575,C.O.[HH].[LiH],-734.9008409559115,0,13,3,-9553.71093242685
libe-121629,C.O.[HH],-1267.4975540606188,0,13,2,-16477.468202788044
libe-121642,C.O.[HH],-1267.5113395342885,0,13,2,-16477.64741394575
libe-135977,C.F.O.[HH].[LiH],-1140.5207935329356,0,8,4,-9124.166348263485
libe-135996,C.F.O.[HH].[LiH],-1140.4072448040063,0,8,4,-9123.25795843205
libe-136190,C.F.O.[HH].[LiH],-1140.4950551524905,0,8,4,-9123.960441219924
libe-136269,C.F.O.[HH].[LiH],-1140.3635696000692,0,8,4,-9122.908556800554
libe-137047,C.F.O.[HH].[LiH],-1139.816120047666,0,8,4,-9118.528960381327
libe-137057,C.F.O.[HH].[LiH],-1140.5253804914817,0,8,4,-9124.203043931853
libe-137753,C.F.O.[HH].[LiH],-1140.5443702695575,0,8,4,-9124.35496215646
libe-196429,C.F.O.[HH].[LiH],-1140.056019283152,0,8,4,-9120.448154265216
libe-196445,C.F.O.[HH].[LiH],-1139.8970482934396,0,8,4,-9119.176386347517
libe-196460,C.F.O.[HH].[LiH],-1140.4332631260731,0,8,4,-9123.466105008585
libe-196473,C.F.O.[HH].[LiH],-1140.575058897099,0,8,4,-9124.600471176793
libe-636769,C.F.O.[HH].[LiH],-1140.1072811587928,0,8,4,-9120.858249270343
libe-196484,C.F.O.[HH].[LiH],-1139.906772305851,0,8,4,-9119.254178446809
libe-196512,C.F.O.[HH].[LiH],-1140.094304787918,0,8,4,-9120.754438303344
libe-196521,C.F.O.[HH].[LiH],-1139.830212007386,0,8,4,-9118.641696059089
libe-196553,C.F.O.[HH].[LiH],-1140.1009432433154,0,8,4,-9120.807545946524
libe-196564,C.F.O.[HH].[LiH],-1139.8902377122545,0,8,4,-9119.121901698036
libe-196587,C.F.O.[HH].[LiH],-1139.836900487497,0,8,4,-9118.695203899975
libe-196592,C.F.O.[HH].[LiH],-1140.5234968074021,0,8,4,-9124.187974459217
libe-196660,C.F.O.[HH].[LiH],-1140.5605079753109,0,8,4,-9124.484063802487
libe-211358,C.F.O.[HH].[LiH],-1140.4960474277784,0,8,4,-9123.968379422227
libe-211395,C.F.O.[HH].[LiH],-1140.3596646284118,0,8,4,-9122.877317027294
libe-517635,C.F.O.[HH].[LiH],-1140.5061520907147,0,8,4,-9124.049216725718
libe-519621,C.F.O.[HH].[LiH],-1139.708285925433,0,8,4,-9117.666287403465
libe-523460,C.F.O.[HH].[LiH],-1140.5772000504078,0,8,4,-9124.617600403262
libe-642110,C.F.O.[HH].[LiH],-1140.2966219704383,0,8,4,-9122.372975763506
libe-642118,C.F.O.[HH].[LiH],-1139.6728963417374,0,8,4,-9117.3831707339
libe-642138,C.F.O.[HH].[LiH],-1140.1858890814437,0,8,4,-9121.48711265155
libe-642155,C.F.O.[HH].[LiH],-1140.143615266215,0,8,4,-9121.14892212972
libe-642170,C.F.O.[HH].[LiH],-1140.1501815017564,0,8,4,-9121.201452014051
libe-642192,C.F.O.[HH].[LiH],-1140.1282422706506,0,8,4,-9121.025938165205
libe-642217,C.F.O.[HH].[LiH],-1140.0278425666245,0,8,4,-9120.222740532996
libe-642277,C.F.O.[HH].[LiH],-1140.2077486088924,0,8,4,-9121.66198887114
libe-642302,C.F.O.[HH].[LiH],-1140.1860247986892,0,8,4,-9121.488198389514
libe-642327,C.F.O.[HH].[LiH],-1140.2012920197358,0,8,4,-9121.610336157886
libe-642392,C.F.O.[HH].[LiH],-1140.2136943390042,0,8,4,-9121.709554712033
libe-642728,C.F.O.[HH].[LiH],-1140.106728070784,0,8,4,-9120.853824566271
libe-517226,C.F.O.P.[HH],-1573.1594816383497,0,14,4,-22024.232742936896
libe-120549,C.O.[HH].[LiH],-1187.5549473985275,0,9,3,-10687.994526586748
libe-120567,C.O.[HH].[LiH],-1187.9640628151128,0,9,3,-10691.676565336014
libe-141043,C.F.O.[HH].[LiH],-1076.2703008439469,0,20,4,-21525.406016878936
libe-141315,C.F.O.[HH].[LiH],-1076.245555847499,0,20,4,-21524.91111694998
libe-141376,C.F.O.[HH].[LiH],-1076.227545034274,0,20,4,-21524.55090068548
libe-141571,C.F.O.[HH].[LiH],-1076.2344270580052,0,20,4,-21524.688541160103
libe-435997,C.F.O.[HH].[LiH],-1076.3572579384906,0,20,4,-21527.145158769814
libe-462512,C.F.O.[HH].[LiH],-1076.2580645107519,0,20,4,-21525.161290215037
libe-469422,C.F.O.[HH].[LiH],-1076.322669190593,0,20,4,-21526.45338381186
libe-115811,C.[HH].[LiH],-461.747628882143,0,5,2,-2308.738144410715
libe-115813,C.[HH].[LiH],-461.69987312417686,0,5,2,-2308.4993656208844
libe-115996,C.[HH],-398.6014958261554,0,8,1,-3188.8119666092434
libe-116069,C.[HH],-398.72716723571955,0,8,1,-3189.8173378857564
libe-116070,C.[HH],-398.6284012018605,0,8,1,-3189.027209614884
libe-116077,C.[HH],-398.59588979297007,0,8,1,-3188.7671183437606
libe-502229,C.F.N.O.S.[LiH],-3582.4214730076474,0,9,6,-32241.793257068828
libe-502270,C.F.N.O.S.[LiH],-3582.4207325440466,0,9,6,-32241.78659289642
libe-502546,C.F.N.O.S.[LiH],-3582.3175730883686,0,9,6,-32240.858157795315
libe-520266,C.F.O.P.[HH],-1583.97652037085,0,18,4,-28511.5773666753
libe-527864,C.F.O.P.[HH],-1583.8931875344192,0,18,4,-28510.077375619545
libe-539591,C.F.O.P.[HH],-1583.9647720872608,0,18,4,-28511.365897570697
libe-502020,C.N.O.S.[LiH],-3621.002593831759,0,9,5,-32589.02334448583
libe-523825,C.F.O.P.[HH],-2465.7210052770233,0,10,4,-24657.21005277023
libe-535633,C.F.O.P.[HH],-2465.720315594117,0,10,4,-24657.20315594117
libe-514468,C.F.O.P.[HH],-2307.556141645654,0,7,4,-16152.892991519577
libe-516749,C.F.O.P.[HH],-2307.5209296990724,0,7,4,-16152.646507893507
libe-523962,C.F.O.P.[HH],-2308.0407319971846,0,7,4,-16156.285123980293
libe-635713,C.F.O.P.[HH],-2308.2612368264327,0,7,4,-16157.828657785029
libe-528109,C.F.O.P.[HH],-2307.8145460456985,0,7,4,-16154.70182231989
libe-640225,C.F.O.P.[HH],-2307.645082541851,0,7,4,-16153.515577792956
libe-640228,C.F.O.P.[HH],-2307.9110150989723,0,7,4,-16155.377105692805
libe-640238,C.F.O.P.[HH],-2307.6107355364743,0,7,4,-16153.275148755321
libe-640243,C.F.O.P.[HH],-2307.8593507160563,0,7,4,-16155.015455012395
libe-640402,C.F.O.P.[HH],-2307.85500767043,0,7,4,-16154.98505369301
libe-116330,C.O.[HH],-743.0580371773774,0,7,2,-5201.406260241642
libe-116340,C.O.[HH],-743.0862832398353,0,7,2,-5201.603982678847
libe-116350,C.O.[HH],-743.3494570784488,0,7,2,-5203.446199549142
libe-116361,C.O.[HH],-743.0532131311666,0,7,2,-5201.372491918166
libe-116365,C.O.[HH],-743.3518235988564,0,7,2,-5203.462765191995
libe-116368,C.O.[HH],-743.3947687781,0,7,2,-5203.7633814467
libe-116384,C.O.[HH],-743.2304265626835,0,7,2,-5202.612985938785
libe-116386,C.O.[HH],-743.4912374979293,0,7,2,-5204.438662485505
libe-116389,C.O.[HH],-743.0650193380532,0,7,2,-5201.455135366372
libe-116401,C.O.[HH],-742.7598050648868,0,7,2,-5199.318635454208
libe-132351,C.O.[HH],-742.9778270837506,0,7,2,-5200.844789586255
libe-184561,C.O.[HH],-743.1620218162769,0,7,2,-5202.134152713938
libe-184578,C.O.[HH],-743.1244493803176,0,7,2,-5201.871145662223
libe-184735,C.O.[HH],-743.0661561396282,0,7,2,-5201.4630929773975
libe-186611,C.O.[HH],-743.4333610153128,0,7,2,-5204.03352710719
libe-510978,C.O.[HH],-742.6237356304002,0,7,2,-5198.366149412802
libe-515736,C.O.[HH],-743.1616210803379,0,7,2,-5202.131347562366
libe-525920,C.O.[HH],-742.8907204500881,0,7,2,-5200.235043150617
libe-526135,C.O.[HH],-742.9096372789243,0,7,2,-5200.36746095247
libe-136072,C.F.O,-1573.4657290980442,0,5,3,-7867.328645490221
libe-514785,C.O.P,-3089.8819518899513,0,5,3,-15449.409759449756
libe-515009,C.O.P,-3090.2574231958274,0,5,3,-15451.287115979138
libe-515374,C.O.P,-3090.1212727819316,0,5,3,-15450.606363909657
libe-140778,C.F.O.[HH].[LiH],-1123.3454960142585,0,17,4,-19096.873432242395
libe-140789,C.F.O.[HH].[LiH],-1123.254379841427,0,17,4,-19095.324457304258
libe-140852,C.F.O.[HH].[LiH],-1123.327186648952,0,17,4,-19096.562173032184
libe-140879,C.F.O.[HH].[LiH],-1123.23272141446,0,17,4,-19094.95626404582
libe-141132,C.F.O.[HH].[LiH],-1123.2718683256953,0,17,4,-19095.621761536822
libe-141173,C.F.O.[HH].[LiH],-1123.0667747010013,0,17,4,-19092.135169917023
libe-141194,C.F.O.[HH].[LiH],-1123.2794014550293,0,17,4,-19095.7498247355
libe-118194,C.O.[HH].[LiH],-676.3449384478503,0,8,3,-5410.759507582802
libe-118195,C.O.[HH].[LiH],-676.2937727845394,0,8,3,-5410.3501822763155
libe-118196,C.O.[HH].[LiH],-676.2544971240676,0,8,3,-5410.035976992541
libe-118200,C.O.[HH].[LiH],-676.2320706772067,0,8,3,-5409.856565417654
libe-118205,C.O.[HH].[LiH],-676.083394105538,0,8,3,-5408.667152844304
libe-118213,C.O.[HH].[LiH],-676.2158913189047,0,8,3,-5409.727130551238
libe-118218,C.O.[HH].[LiH],-675.8505131109439,0,8,3,-5406.804104887551
libe-136969,C.O.[HH].[LiH],-676.151965408339,0,8,3,-5409.215723266712
libe-179426,C.O.[HH].[LiH],-675.9111909141886,0,8,3,-5407.289527313509
libe-225589,C.O.[HH].[LiH],-676.1971021755987,0,8,3,-5409.57681740479
libe-225604,C.O.[HH].[LiH],-676.1155575344196,0,8,3,-5408.924460275357
libe-225613,C.O.[HH].[LiH],-676.1301018591523,0,8,3,-5409.040814873219
libe-225657,C.O.[HH].[LiH],-675.9465141541003,0,8,3,-5407.572113232803
libe-225674,C.O.[HH].[LiH],-675.8871085167623,0,8,3,-5407.096868134098
libe-225705,C.O.[HH].[LiH],-675.8777328734616,0,8,3,-5407.021862987693
libe-225779,C.O.[HH].[LiH],-675.9764288257164,0,8,3,-5407.811430605731
libe-225787,C.O.[HH].[LiH],-675.7817600373312,0,8,3,-5406.25408029865
libe-639647,C.O.[HH].[LiH],-675.8542149059964,0,8,3,-5406.833719247971
libe-639747,C.O.[HH].[LiH],-675.8326158662214,0,8,3,-5406.660926929771
libe-510558,C.F.O.P,-2983.741273132671,0,7,4,-20886.188911928697
libe-517362,C.F.O.P,-2984.039267654786,0,7,4,-20888.2748735835
libe-524801,C.F.O.P,-2984.2018320943307,0,7,4,-20889.412824660314
libe-136144,C.F.O.[HH].[LiH],-1300.941516827804,0,7,4,-9106.590617794627
libe-136185,C.F.O.[HH].[LiH],-1301.059807506155,0,7,4,-9107.418652543085
libe-137718,C.F.O.[HH].[LiH],-1300.946099844037,0,7,4,-9106.622698908259
libe-137725,C.F.O.[HH].[LiH],-1301.1560578398764,0,7,4,-9108.092404879135
libe-193054,C.F.O.[HH].[LiH],-1300.7326393700157,0,7,4,-9105.12847559011
libe-193260,C.F.O.[HH].[LiH],-1301.129261587972,0,7,4,-9107.904831115804
libe-193270,C.F.O.[HH].[LiH],-1300.8193008439018,0,7,4,-9105.735105907313
libe-193293,C.F.O.[HH].[LiH],-1300.9291244258493,0,7,4,-9106.503870980945
libe-193375,C.F.O.[HH].[LiH],-1300.9926459301282,0,7,4,-9106.948521510898
libe-193547,C.F.O.[HH].[LiH],-1301.0003268268742,0,7,4,-9107.00228778812
libe-207546,C.F.O.[HH].[LiH],-1300.9837865299892,0,7,4,-9106.886505709925
libe-207767,C.F.O.[HH].[LiH],-1301.0601047328717,0,7,4,-9107.420733130102
libe-207877,C.F.O.[HH].[LiH],-1300.9540236904238,0,7,4,-9106.678165832967
libe-208443,C.F.O.[HH].[LiH],-1300.8946270741362,0,7,4,-9106.262389518954
libe-210793,C.F.O.[HH].[LiH],-1300.9246019809377,0,7,4,-9106.472213866564
libe-524721,C.F.O.[HH].[LiH],-1301.0628111196436,0,7,4,-9107.439677837505
libe-509302,C.F.O.P.[HH],-1563.1093695608085,0,13,4,-20320.421804290512
libe-120799,C.O.[HH].[LiH],-978.0237784945314,0,15,3,-14670.35667741797
libe-510495,C.F.O.[HH],-881.7599815279547,0,9,3,-7935.839833751592
libe-516784,C.F.O.[HH],-881.8593962682598,0,9,3,-7936.734566414339
libe-521685,C.F.O.[HH],-881.6907249651672,0,9,3,-7935.216524686505
libe-522373,C.F.O.[HH],-881.6250738654081,0,9,3,-7934.625664788673
libe-529237,C.F.O.[HH],-881.6567889653015,0,9,3,-7934.911100687714
libe-536378,C.F.O.[HH],-881.6551561341043,0,9,3,-7934.89640520694
libe-140708,C.F.O.[HH].[LiH],-949.5285174756225,0,14,4,-13293.399244658714
libe-140735,C.F.O.[HH].[LiH],-949.5067149755212,0,14,4,-13293.094009657296
libe-140981,C.F.O.[HH].[LiH],-949.508798292939,0,14,4,-13293.123176101146
libe-510550,C.F.O.P.[HH],-2485.9504395020904,0,8,4,-19887.603516016723
libe-116375,C.[HH],-598.7139534573696,0,7,1,-4190.997674201587
libe-116377,C.[HH],-598.5185284606687,0,7,1,-4189.629699224681
libe-116379,C.[HH],-598.7764281951083,0,7,1,-4191.434997365758
libe-116388,C.[HH],-598.8569912581115,0,7,1,-4191.998938806781
libe-116395,C.[HH],-598.2319759371854,0,7,1,-4187.623831560298
libe-116398,C.[HH],-598.5709501559367,0,7,1,-4189.9966510915565
libe-116405,C.[HH],-598.6188265145034,0,7,1,-4190.331785601524
libe-116411,C.[HH],-598.4878347221845,0,7,1,-4189.414843055291
libe-516810,C.O.P.[LiH],-2529.6936317724426,0,7,4,-17707.855422407098
libe-137421,C.O.[HH].[LiH],-1064.853658302032,0,12,3,-12778.243899624385
libe-137428,C.O.[HH].[LiH],-1064.7116902735256,0,12,3,-12776.540283282307
libe-631374,C.O.[HH].[LiH],-809.406066358272,0,21,3,-16997.527393523713
libe-631452,C.O.[HH].[LiH],-809.4254649121469,0,21,3,-16997.934763155085
libe-631494,C.O.[HH].[LiH],-809.2818304667327,0,21,3,-16994.918439801386
libe-631598,C.O.[HH].[LiH],-809.3258779002421,0,21,3,-16995.843435905084
libe-631714,C.O.[HH].[LiH],-809.4392109081416,0,21,3,-16998.223429070975
libe-631794,C.O.[HH].[LiH],-809.5578673643804,0,21,3,-17000.715214651987
libe-631798,C.O.[HH].[LiH],-809.497042907083,0,21,3,-16999.437901048743
libe-631868,C.O.[HH].[LiH],-809.4090036619078,0,21,3,-16997.589076900065
libe-631910,C.O.[HH].[LiH],-809.4646730979233,0,21,3,-16998.75813505639
libe-632027,C.O.[HH].[LiH],-809.4362339634532,0,21,3,-16998.160913232517
libe-632153,C.O.[HH].[LiH],-809.4133337138753,0,21,3,-16997.68000799138
libe-632180,C.O.[HH].[LiH],-809.4910363060574,0,21,3,-16999.311762427205
libe-632323,C.O.[HH].[LiH],-809.504357748319,0,21,3,-16999.5915127147
libe-632388,C.O.[HH].[LiH],-809.4623180455407,0,21,3,-16998.708678956355
libe-632391,C.O.[HH].[LiH],-809.4837087173479,0,21,3,-16999.157883064305
libe-632415,C.O.[HH].[LiH],-809.5010520785465,0,21,3,-16999.522093649477
libe-632417,C.O.[HH].[LiH],-809.342653624011,0,21,3,-16996.19572610423
libe-632455,C.O.[HH].[LiH],-809.3551004861461,0,21,3,-16996.457110209067
libe-632472,C.O.[HH].[LiH],-809.4180200949311,0,21,3,-16997.778421993553
libe-632479,C.O.[HH].[LiH],-809.4535644970168,0,21,3,-16998.524854437353
libe-632588,C.O.[HH].[LiH],-809.4621621427935,0,21,3,-16998.705404998665
libe-516806,C.F.O.P.[HH],-2195.4477925677966,0,10,4,-21954.477925677966
libe-523917,C.F.O.P.[HH],-2195.667196918005,0,10,4,-21956.67196918005
libe-527373,C.F.O.P.[HH],-2195.4782074611744,0,10,4,-21954.782074611743
libe-542178,C.F.O.P.[HH],-2195.6614888901577,0,10,4,-21956.614888901575
libe-117590,C.O.[HH],-1032.8664009885824,0,8,2,-8262.93120790866
libe-201912,C.O.[HH],-1032.823763625414,0,8,2,-8262.590109003311
libe-138152,C.F.O.[HH].[LiH],-1398.4637396119044,0,14,4,-19578.49235456666
libe-138208,C.F.O.[HH].[LiH],-1398.3394531058725,0,14,4,-19576.752343482214
libe-181910,C.F.O.[HH].[LiH],-1398.3558542475853,0,14,4,-19576.981959466193
libe-501301,C.F.N.O.S,-4048.6915146191945,0,9,5,-36438.22363157275
libe-501302,C.F.N.O.S,-4048.6162248171113,0,9,5,-36437.546023354
libe-529359,C.O.P.[HH].[LiH],-2239.134440392947,0,7,4,-15673.941082750629
libe-116947,C.O.[HH],-920.7817533726276,0,9,2,-8287.035780353648
libe-116949,C.O.[HH],-920.8899688258102,0,9,2,-8288.009719432292
libe-116950,C.O.[HH],-920.8063028165371,0,9,2,-8287.256725348834
libe-116951,C.O.[HH],-920.8173420956913,0,9,2,-8287.356078861221
libe-116952,C.O.[HH],-920.5749173272275,0,9,2,-8285.174255945047
libe-116956,C.O.[HH],-920.7862095860715,0,9,2,-8287.075886274644
libe-116957,C.O.[HH],-920.8490678022008,0,9,2,-8287.641610219807
libe-116959,C.O.[HH],-920.982180621726,0,9,2,-8288.839625595534
libe-116961,C.O.[HH],-920.6184926999109,0,9,2,-8285.566434299199
libe-116964,C.O.[HH],-920.6723337150847,0,9,2,-8286.051003435763
libe-116966,C.O.[HH],-920.9189802230144,0,9,2,-8288.270822007129
libe-116971,C.O.[HH],-920.8693689709494,0,9,2,-8287.824320738544
libe-116974,C.O.[HH],-920.63842735967,0,9,2,-8285.74584623703
libe-116979,C.O.[HH],-920.7198644570185,0,9,2,-8286.478780113166
libe-116982,C.O.[HH],-920.7688522693326,0,9,2,-8286.919670423993
libe-116987,C.O.[HH],-920.7168726518308,0,9,2,-8286.451853866478
libe-116990,C.O.[HH],-920.607317995379,0,9,2,-8285.465861958412
libe-117022,C.O.[HH],-920.6267026489012,0,9,2,-8285.64032384011
libe-141174,C.F.O.[HH].[LiH],-1211.3281554940404,0,20,4,-24226.563109880808
libe-141217,C.F.O.[HH].[LiH],-1211.2657692894404,0,20,4,-24225.315385788806
libe-391638,C.F.O.[HH].[LiH],-1211.2439629328724,0,20,4,-24224.879258657445
libe-394801,C.F.O.[HH].[LiH],-1211.2623092866177,0,20,4,-24225.246185732354
libe-398262,C.F.O.[HH].[LiH],-1211.3338594292834,0,20,4,-24226.67718858567
libe-423122,C.F.O.[HH].[LiH],-1211.3826379677112,0,20,4,-24227.652759354223
libe-136240,C.F.O,-1709.2878300024697,0,7,3,-11965.014810017288
libe-137013,C.F.O,-1709.4585306721456,0,7,3,-11966.209714705019
libe-116221,C.O.[HH],-1033.6647421740186,0,5,2,-5168.323710870092
libe-116232,C.O.[HH],-1033.7634071652844,0,5,2,-5168.817035826422
libe-116239,C.O.[HH],-1033.7209976306124,0,5,2,-5168.604988153062
libe-116240,C.O.[HH],-1034.1245026849074,0,5,2,-5170.622513424537
libe-116247,C.O.[HH],-1033.469123350831,0,5,2,-5167.345616754155
libe-132365,C.O.[HH],-1034.0665952399147,0,5,2,-5170.332976199574
libe-501954,C.F.N.O.S,-4283.711736911696,0,7,5,-29985.98215838187
libe-501955,C.F.N.O.S,-4283.975462103862,0,7,5,-29987.828234727032
libe-516823,C.F.O.P.[HH],-1396.7723037529279,0,18,4,-25141.901467552703
libe-528405,C.F.O.P.[HH],-1396.682163783283,0,18,4,-25140.278948099094
libe-528628,C.F.O.P.[HH],-1396.7063707003276,0,18,4,-25140.714672605896
libe-542567,C.F.O.P.[HH],-1396.6251962537501,0,18,4,-25139.2535325675
libe-121538,C.O.[HH],-830.1010847418705,0,20,2,-16602.02169483741
libe-121539,C.O.[HH],-830.0172951297263,0,20,2,-16600.345902594527
libe-121540,C.O.[HH],-830.0164699238524,0,20,2,-16600.329398477046
libe-121541,C.O.[HH],-830.0179609806685,0,20,2,-16600.35921961337
libe-121542,C.O.[HH],-830.0153095007905,0,20,2,-16600.30619001581
libe-121548,C.O.[HH],-829.995378505082,0,20,2,-16599.90757010164
libe-501347,C.F.N.O.S.[LiH],-2970.447073917609,0,8,6,-23763.576591340872
libe-520511,C.F.O.P.[HH],-1649.4047296266647,0,15,4,-24741.07094439997
libe-502037,C.F.O.S.[LiH],-3844.200529592441,0,8,5,-30753.604236739528
libe-137333,C.F.O.[HH].[LiH],-903.0972876239689,0,9,4,-8127.87558861572
libe-179983,C.F.O.[HH].[LiH],-902.884894594212,0,9,4,-8125.964051347908
libe-180268,C.F.O.[HH].[LiH],-902.8576212329958,0,9,4,-8125.718591096962
libe-117344,C.O.[HH].[LiH],-541.309940500163,0,12,3,-6495.719286001955
libe-117345,C.O.[HH].[LiH],-541.3145331551484,0,12,3,-6495.774397861781
libe-117346,C.O.[HH].[LiH],-541.1896378017351,0,12,3,-6494.275653620821
libe-117349,C.O.[HH].[LiH],-541.3034291535741,0,12,3,-6495.64114984289
libe-117350,C.O.[HH].[LiH],-541.2188787333157,0,12,3,-6494.6265447997885
libe-117368,C.O.[HH].[LiH],-541.070929733212,0,12,3,-6492.851156798543
libe-117379,C.O.[HH].[LiH],-541.2378257606,0,12,3,-6494.8539091272
libe-115775,C.O.[HH].[LiH],-645.4617587544378,0,10,3,-6454.617587544379
libe-115777,C.O.[HH].[LiH],-645.4886270498599,0,10,3,-6454.8862704985995
libe-175991,C.O.[HH].[LiH],-645.2653881668881,0,10,3,-6452.653881668881
libe-226181,C.O.[HH].[LiH],-645.1298213765768,0,10,3,-6451.298213765768
libe-226243,C.O.[HH].[LiH],-645.1009186351474,0,10,3,-6451.009186351474
libe-642176,C.O.[HH].[LiH],-645.1306760425174,0,10,3,-6451.306760425174
libe-121554,C.O.[HH],-791.3405613082035,0,21,2,-16618.151787472274
libe-510574,C.F.O.P.[HH],-1844.0816067848903,0,11,4,-20284.897674633794
libe-517166,C.F.O.P.[HH],-1844.2486075619652,0,11,4,-20286.734683181618
libe-515136,C.F.O.P.[HH],-2363.2684635290643,0,9,4,-21269.41617176158
libe-515399,C.F.O.P.[HH],-2363.1595062587166,0,9,4,-21268.43555632845
libe-521021,C.F.O.P.[HH],-2363.0372073617295,0,9,4,-21267.334866255565
libe-523865,C.F.O.P.[HH],-2363.157894344544,0,9,4,-21268.421049100896
libe-526942,C.F.O.P.[HH],-2363.608982685774,0,9,4,-21272.48084417197
libe-515782,C.F.O.P.[HH],-1273.268396769751,0,16,4,-20372.294348316016
libe-524389,C.F.O.P.[HH],-1273.3084882703456,0,16,4,-20372.93581232553
libe-137980,C.F.O.[HH].[LiH],-1191.9140283685056,0,13,4,-15494.882368790573
libe-138005,C.F.O.[HH].[LiH],-1191.8970359663058,0,13,4,-15494.661467561975
libe-115833,C.O.[HH],-807.560953873179,0,9,2,-7268.04858485861
libe-119213,C.O.[HH],-807.498288283557,0,9,2,-7267.484594552013
libe-198494,C.O.[HH],-807.1650207006533,0,9,2,-7264.485186305879
libe-198622,C.O.[HH],-807.4636278387602,0,9,2,-7267.172650548842
libe-198715,C.O.[HH],-806.9972225552142,0,9,2,-7262.975002996927
libe-198762,C.O.[HH],-807.6869039152962,0,9,2,-7269.1821352376655
libe-199232,C.O.[HH],-806.9923345326977,0,9,2,-7262.931010794279
libe-514940,C.O.[HH],-807.6059931522404,0,9,2,-7268.453938370164
libe-518867,C.O.[HH],-807.7476477169666,0,9,2,-7269.7288294527
libe-525750,C.O.[HH],-807.3827782949952,0,9,2,-7266.445004654956
libe-536365,C.O.[HH],-807.6259194977898,0,9,2,-7268.633275480109
libe-226551,C.O.[HH],-807.2049307887733,0,9,2,-7264.84437709896
libe-226831,C.O.[HH],-807.2226910168824,0,9,2,-7265.004219151942
libe-640913,C.O.[HH],-807.2531553596172,0,9,2,-7265.2783982365545
libe-640920,C.O.[HH],-807.3850872099588,0,9,2,-7266.465784889629
libe-640943,C.O.[HH],-807.2645969974839,0,9,2,-7265.381372977355
libe-640958,C.O.[HH],-807.2603635696631,0,9,2,-7265.343272126968
libe-640960,C.O.[HH],-807.2565644916226,0,9,2,-7265.309080424604
libe-640986,C.O.[HH],-807.1253802001729,0,9,2,-7264.128421801556
libe-641005,C.O.[HH],-807.0702245544367,0,9,2,-7263.6320209899295
libe-641035,C.O.[HH],-807.100904448751,0,9,2,-7263.908140038759
libe-118955,C.O.[HH].[LiH],-1051.8903461642117,0,10,3,-10518.903461642116
libe-118990,C.O.[HH].[LiH],-1051.9043165409696,0,10,3,-10519.043165409696
libe-209441,C.F.[HH],-806.4650505309681,0,6,2,-4838.790303185809
libe-520796,C.F.[HH],-805.9907226678805,0,6,2,-4835.944336007283
libe-522665,C.F.[HH],-806.1264158554299,0,6,2,-4836.758495132579
libe-640187,C.F.[HH],-805.9366120510408,0,6,2,-4835.619672306245
libe-640214,C.F.[HH],-806.0055634746922,0,6,2,-4836.033380848153
libe-640278,C.F.[HH],-805.9561845632282,0,6,2,-4835.737107379369
libe-514645,C.F.O.P.[HH],-1776.6280805094145,0,12,4,-21319.536966112973
libe-518921,C.F.O.P.[HH],-1776.702152938774,0,12,4,-21320.425835265287
libe-525737,C.F.O.P.[HH],-1776.9167629388692,0,12,4,-21323.00115526643
libe-515089,C.F.O.P.[HH],-2150.6002541041544,0,11,4,-23656.602795145696
libe-515453,C.F.O.P.[HH],-2150.622956349719,0,11,4,-23656.85251984691
libe-520431,C.F.O.P.[HH],-2150.7091189776506,0,11,4,-23657.80030875416
libe-534549,C.F.O.P.[HH],-2150.643657007536,0,11,4,-23657.080227082897
libe-542280,C.F.O.P.[HH],-2150.7146330314863,0,11,4,-23657.86096334635
libe-140758,C.F.O.[HH].[LiH],-1229.157186086032,0,13,4,-15979.043419118416
libe-140760,C.F.O.[HH].[LiH],-1228.9932063881402,0,13,4,-15976.911683045822
libe-140842,C.F.O.[HH].[LiH],-1228.9980839837124,0,13,4,-15976.975091788261
libe-140929,C.F.O.[HH].[LiH],-1229.12149674717,0,13,4,-15978.579457713211
libe-140932,C.F.O.[HH].[LiH],-1228.9535164325962,0,13,4,-15976.395713623751
libe-140941,C.F.O.[HH].[LiH],-1229.09837252759,0,13,4,-15978.27884285867
libe-141020,C.F.O.[HH].[LiH],-1005.3282376659915,0,18,4,-18095.908277987848
libe-141489,C.F.O.[HH].[LiH],-1005.2978325247334,0,18,4,-18095.3609854452
libe-121076,C.O.[HH],-842.8645460214861,0,16,2,-13485.832736343778
libe-121078,C.O.[HH],-842.8371841679754,0,16,2,-13485.394946687606
libe-121081,C.O.[HH],-842.864098641538,0,16,2,-13485.825578264608
libe-121082,C.O.[HH],-842.8108919071877,0,16,2,-13484.974270515004
libe-121083,C.O.[HH],-842.8417275159634,0,16,2,-13485.467640255414
libe-121084,C.O.[HH],-842.7975137767025,0,16,2,-13484.76022042724
libe-121085,C.O.[HH],-842.7873624397225,0,16,2,-13484.59779903556
libe-121472,C.O.[HH],-842.7896067637712,0,16,2,-13484.633708220339
libe-132247,C.O.[HH],-842.6597054914753,0,16,2,-13482.555287863604
libe-501758,C.F.O.S.[LiH],-3906.248106462703,0,9,5,-35156.23295816433
libe-502112,C.F.O.S.[LiH],-3644.448979078899,0,9,5,-32800.04081171009
libe-502192,C.F.O.S.[LiH],-3644.476368613615,0,9,5,-32800.28731752253
libe-514582,C.F.O.P.[HH],-1849.2024676849448,0,13,4,-24039.632079904284
libe-514588,C.F.O.P.[HH],-1849.0116341236192,0,13,4,-24037.151243607048
libe-515428,C.F.O.P.[HH],-1848.9535000811823,0,13,4,-24036.39550105537
libe-515461,C.F.O.P.[HH],-1849.0647672591394,0,13,4,-24037.841974368814
libe-515636,C.F.O.P.[HH],-1848.9758341060615,0,13,4,-24036.6858433788
libe-520722,C.F.O.P.[HH],-1848.9778419376485,0,13,4,-24036.71194518943
libe-523629,C.F.O.P.[HH],-1849.1829378436441,0,13,4,-24039.378191967375
libe-525510,C.F.O.P.[HH],-1849.1522527587892,0,13,4,-24038.97928586426
libe-525971,C.F.O.P.[HH],-1849.0363264031419,0,13,4,-24037.472243240845
libe-528900,C.F.O.P.[HH],-1849.2282788583132,0,13,4,-24039.96762515807
libe-529401,C.F.O.P.[HH],-1849.2080443345728,0,13,4,-24039.704576349446
libe-539106,C.F.O.P.[HH],-1849.188693354555,0,13,4,-24039.453013609214
libe-118663,C.O.[HH].[LiH],-826.3858443615576,0,8,3,-6611.086754892461
libe-118716,C.O.[HH].[LiH],-826.5910582909179,0,8,3,-6612.728466327343
libe-121121,C.O.[HH].[LiH],-826.385945916694,0,8,3,-6611.087567333552
libe-121167,C.O.[HH].[LiH],-826.4084123888667,0,8,3,-6611.267299110934
libe-121197,C.O.[HH].[LiH],-826.2942149702441,0,8,3,-6610.353719761953
libe-121198,C.O.[HH].[LiH],-826.469972366728,0,8,3,-6611.759778933824
libe-121202,C.O.[HH].[LiH],-826.3651350549934,0,8,3,-6610.921080439947
libe-137735,C.O.[HH].[LiH],-826.5911325681043,0,8,3,-6612.729060544834
libe-175802,C.O.[HH].[LiH],-826.3323500957526,0,8,3,-6610.658800766021
libe-226379,C.O.[HH].[LiH],-826.2791171497958,0,8,3,-6610.232937198366
libe-226428,C.O.[HH].[LiH],-826.2315817474096,0,8,3,-6609.8526539792765
libe-226458,C.O.[HH].[LiH],-826.1307406370956,0,8,3,-6609.045925096765
libe-226463,C.O.[HH].[LiH],-826.2345369730141,0,8,3,-6609.876295784113
libe-226471,C.O.[HH].[LiH],-826.1855803479558,0,8,3,-6609.484642783646
libe-641514,C.O.[HH].[LiH],-826.1608013345163,0,8,3,-6609.286410676131
libe-515363,C.O.P.[HH],-2501.9616565209967,0,7,3,-17513.731595646976
libe-526721,C.O.P.[HH],-2502.094461069394,0,7,3,-17514.661227485758
libe-536315,C.O.P.[HH],-2502.6706015450955,0,7,3,-17518.69421081567
libe-537158,C.O.P.[HH],-2502.4127238487476,0,7,3,-17516.889066941232
libe-515495,C.F.O.P.[HH].[LiH],-2271.3761762714157,0,9,5,-20442.385586442742
libe-520681,C.F.O.P.[HH].[LiH],-2271.4884714392088,0,9,5,-20443.39624295288
libe-523039,C.F.O.P.[HH].[LiH],-2271.439923670425,0,9,5,-20442.95931303382
libe-523290,C.F.O.P.[HH].[LiH],-2271.3655769272245,0,9,5,-20442.290192345023
libe-525005,C.F.O.P.[HH].[LiH],-2271.559469627833,0,9,5,-20444.035226650496
libe-527182,C.F.O.P.[HH].[LiH],-2271.588967389047,0,9,5,-20444.30070650142
libe-527995,C.F.O.P.[HH].[LiH],-2271.393862677398,0,9,5,-20442.54476409658
libe-135877,C.F.O,-1652.5875645241415,0,6,3,-9915.52538714485
libe-136121,C.F.O,-1652.8357270667727,0,6,3,-9917.014362400636
libe-136940,C.F.O,-1652.7493671027771,0,6,3,-9916.496202616663
libe-117479,C.O.[HH].[LiH],-914.9658707591785,0,7,3,-6404.761095314249
libe-117480,C.O.[HH].[LiH],-915.0258177272352,0,7,3,-6405.180724090646
libe-117482,C.O.[HH].[LiH],-915.2350465780958,0,7,3,-6406.645326046671
libe-117483,C.O.[HH].[LiH],-914.935432764449,0,7,3,-6404.548029351144
libe-119490,C.O.[HH].[LiH],-914.867010068897,0,7,3,-6404.069070482279
libe-119503,C.O.[HH].[LiH],-914.5640014302782,0,7,3,-6401.948010011947
libe-119506,C.O.[HH].[LiH],-914.9538461592132,0,7,3,-6404.676923114493
libe-119522,C.O.[HH].[LiH],-914.9137127528746,0,7,3,-6404.395989270122
libe-119529,C.O.[HH].[LiH],-914.9438395582769,0,7,3,-6404.606876907938
libe-136988,C.O.[HH].[LiH],-914.987924542963,0,7,3,-6404.915471800741
libe-203300,C.O.[HH].[LiH],-914.8437821002921,0,7,3,-6403.906474702045
libe-203317,C.O.[HH].[LiH],-915.1417776656062,0,7,3,-6405.992443659244
libe-203368,C.O.[HH].[LiH],-915.003535488536,0,7,3,-6405.0247484197525
libe-203392,C.O.[HH].[LiH],-914.8364831592768,0,7,3,-6403.855382114937
libe-510597,C.F.O.P.[HH].[LiH],-2315.966541277652,0,10,5,-23159.66541277652
libe-511034,C.F.O.P.[HH].[LiH],-2316.150687191638,0,10,5,-23161.50687191638
libe-511277,C.F.O.P.[HH].[LiH],-2316.1323362187322,0,10,5,-23161.323362187322
libe-514548,C.F.O.P.[HH].[LiH],-2316.1457286224454,0,10,5,-23161.457286224453
libe-514901,C.F.O.P.[HH].[LiH],-2316.088207301438,0,10,5,-23160.88207301438
libe-514974,C.F.O.P.[HH].[LiH],-2315.5487408292383,0,10,5,-23155.48740829238
libe-515542,C.F.O.P.[HH].[LiH],-2316.0715639707146,0,10,5,-23160.715639707145
libe-520745,C.F.O.P.[HH].[LiH],-2316.110001820426,0,10,5,-23161.10001820426
libe-524946,C.F.O.P.[HH].[LiH],-2315.9395507353875,0,10,5,-23159.395507353875
libe-524979,C.F.O.P.[HH].[LiH],-2316.061542623792,0,10,5,-23160.61542623792
libe-528350,C.F.O.P.[HH].[LiH],-2316.081305457411,0,10,5,-23160.81305457411
libe-528961,C.F.O.P.[HH].[LiH],-2316.130122473442,0,10,5,-23161.30122473442
libe-539107,C.F.O.P.[HH].[LiH],-2316.239731113649,0,10,5,-23162.39731113649
libe-542110,C.F.O.P.[HH].[LiH],-2316.1898897029378,0,10,5,-23161.898897029376
libe-121237,C.O.[HH].[LiH],-894.6352857399347,0,12,3,-10735.623428879217
libe-117499,C.O.[HH].[LiH],-715.3137435110718,0,9,3,-6437.823691599647
libe-117501,C.O.[HH].[LiH],-715.2414727353357,0,9,3,-6437.173254618021
libe-117507,C.O.[HH].[LiH],-715.2710911425525,0,9,3,-6437.439820282972
libe-120556,C.O.[HH].[LiH],-715.2608876864631,0,9,3,-6437.347989178168
libe-120557,C.O.[HH].[LiH],-715.2196170705871,0,9,3,-6436.976553635284
libe-120581,C.O.[HH].[LiH],-715.2320094577611,0,9,3,-6437.08808511985
libe-186190,C.F.O,-1821.766242888485,0,6,3,-10930.59745733091
libe-186985,C.F.O,-1821.4539119536703,0,6,3,-10928.723471722022
libe-136158,C.F.O.[HH].[LiH],-1017.4498640292808,0,10,4,-10174.498640292808
libe-136163,C.F.O.[HH].[LiH],-1017.2902036459757,0,10,4,-10172.902036459756
libe-136351,C.F.O.[HH].[LiH],-1017.4174816690308,0,10,4,-10174.174816690309
libe-136420,C.F.O.[HH].[LiH],-1017.3512046228119,0,10,4,-10173.51204622812
libe-137113,C.F.O.[HH].[LiH],-1017.368325839299,0,10,4,-10173.68325839299
libe-137223,C.F.O.[HH].[LiH],-1017.4202156516552,0,10,4,-10174.202156516552
libe-140685,C.F.O.[HH].[LiH],-1017.3922173364666,0,10,4,-10173.922173364666
libe-137281,C.F.O.[HH].[LiH],-1017.5716207762404,0,10,4,-10175.716207762403
libe-176769,C.F.O.[HH].[LiH],-1017.3766978889423,0,10,4,-10173.766978889424
libe-176804,C.F.O.[HH].[LiH],-1017.3760820299389,0,10,4,-10173.760820299389
libe-176895,C.F.O.[HH].[LiH],-1017.2842444956993,0,10,4,-10172.842444956994
libe-177063,C.F.O.[HH].[LiH],-1017.3916248604003,0,10,4,-10173.916248604002
libe-177180,C.F.O.[HH].[LiH],-1017.6836145084062,0,10,4,-10176.836145084062
libe-197838,C.F.O.[HH].[LiH],-1017.3772562101676,0,10,4,-10173.772562101676
libe-198900,C.F.O.[HH].[LiH],-1017.574883685664,0,10,4,-10175.74883685664
libe-199473,C.F.O.[HH].[LiH],-1017.6497066816328,0,10,4,-10176.497066816328
libe-223486,C.F.O.[HH].[LiH],-1017.5073991597777,0,10,4,-10175.073991597777
libe-136120,C.F.O.[HH].[LiH],-1220.8834667089668,0,10,4,-12208.834667089668
libe-136143,C.F.O.[HH].[LiH],-1220.5559493000005,0,10,4,-12205.559493000006
libe-136148,C.F.O.[HH].[LiH],-1220.6819056499792,0,10,4,-12206.819056499791
libe-136350,C.F.O.[HH].[LiH],-1220.6485798653405,0,10,4,-12206.485798653404
libe-136380,C.F.O.[HH].[LiH],-1220.7433878426,0,10,4,-12207.433878426
libe-136391,C.F.O.[HH].[LiH],-1220.858391636913,0,10,4,-12208.58391636913
libe-136649,C.F.O.[HH].[LiH],-1220.8163631353384,0,10,4,-12208.163631353384
libe-136665,C.F.O.[HH].[LiH],-1220.7156103094392,0,10,4,-12207.156103094392
libe-137150,C.F.O.[HH].[LiH],-1220.6831844107542,0,10,4,-12206.831844107543
libe-137171,C.F.O.[HH].[LiH],-1220.6854516543044,0,10,4,-12206.854516543044
libe-137177,C.F.O.[HH].[LiH],-1220.7102014961843,0,10,4,-12207.102014961842
libe-137200,C.F.O.[HH].[LiH],-1220.8731823121095,0,10,4,-12208.731823121096
libe-137210,C.F.O.[HH].[LiH],-1220.7137735354293,0,10,4,-12207.137735354292
libe-137247,C.F.O.[HH].[LiH],-1220.68544173534,0,10,4,-12206.8544173534
libe-137283,C.F.O.[HH].[LiH],-1220.811410025196,0,10,4,-12208.11410025196
libe-137475,C.F.O.[HH].[LiH],-1220.8300060547283,0,10,4,-12208.300060547283
libe-137672,C.F.O.[HH].[LiH],-1220.6206010620585,0,10,4,-12206.206010620584
libe-137686,C.F.O.[HH].[LiH],-1220.4666769232492,0,10,4,-12204.666769232492
libe-137832,C.F.O.[HH].[LiH],-1220.622052235982,0,10,4,-12206.22052235982
libe-137865,C.F.O.[HH].[LiH],-1220.466240202454,0,10,4,-12204.66240202454
libe-176884,C.F.O.[HH].[LiH],-1220.6816086921617,0,10,4,-12206.816086921617
libe-176916,C.F.O.[HH].[LiH],-1220.6865705545363,0,10,4,-12206.865705545362
libe-176921,C.F.O.[HH].[LiH],-1220.6785837310986,0,10,4,-12206.785837310987
libe-195164,C.F.O.[HH].[LiH],-1220.6562058318214,0,10,4,-12206.562058318214
libe-195166,C.F.O.[HH].[LiH],-1220.117221543697,0,10,4,-12201.17221543697
libe-195177,C.F.O.[HH].[LiH],-1220.7360205459922,0,10,4,-12207.360205459921
libe-195182,C.F.O.[HH].[LiH],-1220.7207984322263,0,10,4,-12207.207984322262
libe-195192,C.F.O.[HH].[LiH],-1220.8695884127353,0,10,4,-12208.695884127354
libe-195242,C.F.O.[HH].[LiH],-1220.8313151160048,0,10,4,-12208.313151160048
libe-195318,C.F.O.[HH].[LiH],-1220.658755618408,0,10,4,-12206.587556184078
libe-195382,C.F.O.[HH].[LiH],-1220.6630467998552,0,10,4,-12206.630467998553
libe-195407,C.F.O.[HH].[LiH],-1220.6552103051758,0,10,4,-12206.55210305176
libe-195416,C.F.O.[HH].[LiH],-1220.780041273342,0,10,4,-12207.80041273342
libe-195503,C.F.O.[HH].[LiH],-1220.7661057614987,0,10,4,-12207.661057614987
libe-195572,C.F.O.[HH].[LiH],-1220.8280397609417,0,10,4,-12208.280397609416
libe-195626,C.F.O.[HH].[LiH],-1220.551352967075,0,10,4,-12205.51352967075
libe-195713,C.F.O.[HH].[LiH],-1220.7350707161381,0,10,4,-12207.350707161382
libe-195727,C.F.O.[HH].[LiH],-1220.8136371176417,0,10,4,-12208.136371176417
libe-195751,C.F.O.[HH].[LiH],-1220.8299311677115,0,10,4,-12208.299311677114
libe-195963,C.F.O.[HH].[LiH],-1220.6609740835113,0,10,4,-12206.609740835112
libe-195996,C.F.O.[HH].[LiH],-1220.7925723448348,0,10,4,-12207.925723448348
libe-195999,C.F.O.[HH].[LiH],-1220.66059362751,0,10,4,-12206.6059362751
libe-196013,C.F.O.[HH].[LiH],-1220.6816384595863,0,10,4,-12206.816384595864
libe-196163,C.F.O.[HH].[LiH],-1220.7108268860627,0,10,4,-12207.108268860628
libe-196274,C.F.O.[HH].[LiH],-1220.8342607558425,0,10,4,-12208.342607558425
libe-196339,C.F.O.[HH].[LiH],-1220.7275310072298,0,10,4,-12207.275310072298
libe-196909,C.F.O.[HH].[LiH],-1220.5982559761628,0,10,4,-12205.982559761627
libe-197182,C.F.O.[HH].[LiH],-1220.8459907809797,0,10,4,-12208.459907809798
libe-197186,C.F.O.[HH].[LiH],-1220.7262552647474,0,10,4,-12207.262552647473
libe-502202,C.F.O.S.[LiH],-3484.42402110507,0,10,5,-34844.2402110507
libe-117224,C.O.[HH].[LiH],-803.6768139190144,0,8,3,-6429.414511352115
libe-117227,C.O.[HH].[LiH],-803.4133096499646,0,8,3,-6427.306477199717
libe-117230,C.O.[HH].[LiH],-803.7221931814381,0,8,3,-6429.777545451505
libe-117244,C.O.[HH].[LiH],-803.6357981330973,0,8,3,-6429.086385064778
libe-117248,C.O.[HH].[LiH],-803.7279624911791,0,8,3,-6429.823699929433
libe-117249,C.O.[HH].[LiH],-803.7001400197153,0,8,3,-6429.601120157722
libe-117254,C.O.[HH].[LiH],-803.5505413232621,0,8,3,-6428.404330586097
libe-120292,C.O.[LiH],-1438.0271896252377,0,8,3,-11504.217517001902
libe-120316,C.O.[LiH],-1438.027317892875,0,8,3,-11504.218543143
libe-135967,C.F.O.[LiH],-1591.1956779892437,0,7,4,-11138.369745924705
libe-136992,C.F.O.[LiH],-1590.657094630814,0,7,4,-11134.599662415698
libe-137003,C.F.O.[LiH],-1591.181488330841,0,7,4,-11138.270418315886
libe-179083,C.F.O.[LiH],-1591.3529357552804,0,7,4,-11139.470550286964
libe-179353,C.F.O.[LiH],-1591.548411083731,0,7,4,-11140.838877586117
libe-195138,C.F.O.[LiH],-1591.3342673426318,0,7,4,-11139.339871398422
libe-641063,C.F.O.[LiH],-1590.8697115735558,0,7,4,-11136.08798101489
libe-641082,C.F.O.[LiH],-1590.921425303677,0,7,4,-11136.44997712574
libe-641170,C.F.O.[LiH],-1590.9823586688963,0,7,4,-11136.876510682274
libe-641200,C.F.O.[LiH],-1590.5098876123066,0,7,4,-11133.569213286146
libe-501632,C.F.N.O.S.[LiH],-3394.9879270517577,0,12,6,-40739.85512462109
libe-518994,C.F.O.P.[HH],-1691.8736258175486,0,12,4,-20302.483509810583
libe-526101,C.F.O.P.[HH],-2005.6365277031666,0,13,4,-26073.274860141166
libe-529200,C.F.O.P.[HH],-2005.411374676697,0,13,4,-26070.34787079706
libe-511249,C.O.P.[HH],-1691.0515461113982,0,11,3,-18601.56700722538
libe-520965,C.O.P.[HH],-1691.0581319950077,0,11,3,-18601.639451945084
libe-501873,C.F.N.O.S.[LiH],-3694.971581254651,0,9,6,-33254.74423129186
libe-502091,C.F.N.O.S.[LiH],-3695.049188710373,0,9,6,-33255.44269839336
libe-136572,C.F.O.[HH].[LiH],-1189.2576739940143,0,12,4,-14271.092087928173
libe-136608,C.F.O.[HH].[LiH],-1189.2666104947543,0,12,4,-14271.199325937052
libe-136650,C.F.O.[HH].[LiH],-1189.1972887385864,0,12,4,-14270.367464863037
libe-137951,C.F.O.[HH].[LiH],-1189.2606928280227,0,12,4,-14271.128313936271
libe-137972,C.F.O.[HH].[LiH],-1189.2877368855077,0,12,4,-14271.452842626091
libe-138042,C.F.O.[HH].[LiH],-1189.2860487802811,0,12,4,-14271.432585363373
libe-199192,C.F.O.[HH].[LiH],-1189.2785104614152,0,12,4,-14271.342125536981
libe-199382,C.F.O.[HH].[LiH],-1188.9922045747558,0,12,4,-14267.90645489707
libe-199444,C.F.O.[HH].[LiH],-1189.1676380270626,0,12,4,-14270.011656324752
libe-199458,C.F.O.[HH].[LiH],-1189.1684052456974,0,12,4,-14270.020862948368
libe-199459,C.F.O.[HH].[LiH],-1189.199348654268,0,12,4,-14270.392183851216
libe-199540,C.F.O.[HH].[LiH],-1189.2620775054484,0,12,4,-14271.14493006538
libe-501349,C.F.N.O.S,-3848.4736080514535,0,10,5,-38484.736080514536
libe-120254,C.O.[LiH],-1350.7128173222197,0,7,3,-9454.989721255539
libe-120281,C.O.[LiH],-1350.8565699316603,0,7,3,-9455.995989521622
libe-120284,C.O.[LiH],-1350.6607811630834,0,7,3,-9454.625468141583
libe-120307,C.O.[LiH],-1350.9396463887094,0,7,3,-9456.577524720966
libe-120310,C.O.[LiH],-1350.7124212200986,0,7,3,-9454.98694854069
libe-120373,C.O.[LiH],-1351.0514137831626,0,7,3,-9457.359896482138
libe-120788,C.O.[LiH],-1350.5950684746092,0,7,3,-9454.165479322264
libe-132362,C.O.[LiH],-1350.6752167034485,0,7,3,-9454.72651692414
libe-517640,C.F.O.P.[HH],-1641.3027243782649,0,13,4,-21336.935416917444
libe-520560,C.F.O.P.[HH],-1641.3199198869045,0,13,4,-21337.15895852976
libe-522830,C.F.O.P.[HH],-1641.171980626777,0,13,4,-21335.2357481481
libe-525803,C.F.O.P.[HH],-1641.3749976912097,0,13,4,-21337.874969985725
libe-528529,C.F.O.P.[HH],-1641.182805700208,0,13,4,-21335.376474102704
libe-529240,C.F.O.P.[HH],-1641.183688825171,0,13,4,-21335.387954727223
libe-138154,C.F.O.[HH].[LiH],-1253.1784137436077,0,14,4,-17544.497792410508
libe-138157,C.F.O.[HH].[LiH],-1253.161089411686,0,14,4,-17544.255251763603
libe-138189,C.F.O.[HH].[LiH],-1253.1787848884323,0,14,4,-17544.502988438053
libe-138207,C.F.O.[HH].[LiH],-1253.166467485638,0,14,4,-17544.33054479893
libe-115794,C.O.[HH].[LiH],-1044.9956156220228,0,16,3,-16719.929849952365
libe-115957,C.[HH],-423.8973792043037,0,5,1,-2119.4868960215185
libe-115960,C.[HH],-423.5344530477388,0,5,1,-2117.672265238694
libe-510526,C.O.P.[HH],-2211.807842654758,0,7,3,-15482.654898583307
libe-520488,C.O.P.[HH],-2212.071737375388,0,7,3,-15484.502161627714
libe-524289,C.O.P.[HH],-2212.2988988451148,0,7,3,-15486.092291915802
libe-524391,C.O.P.[HH],-2211.6730805451402,0,7,3,-15481.711563815983
libe-527734,C.O.P.[HH],-2211.966989643042,0,7,3,-15483.768927501294
libe-528396,C.O.P.[HH],-2212.0186083231793,0,7,3,-15484.130258262256
libe-536274,C.O.P.[HH],-2212.3164442014927,0,7,3,-15486.21510941045
libe-537004,C.O.P.[HH],-2212.3233622884895,0,7,3,-15486.263536019427
libe-180221,C.F.O.[HH],-1371.165009574641,0,14,3,-19196.310134044976
libe-115835,C.O.[HH].[LiH],-950.5476568456252,0,10,3,-9505.476568456252
libe-115836,C.O.[HH].[LiH],-950.5413495018522,0,10,3,-9505.413495018522
libe-118918,C.O.[HH].[LiH],-950.7839851712718,0,10,3,-9507.839851712717
libe-118921,C.O.[HH].[LiH],-950.3697690471497,0,10,3,-9503.697690471497
libe-118926,C.O.[HH].[LiH],-950.4923908557728,0,10,3,-9504.923908557728
libe-118932,C.O.[HH].[LiH],-950.5721068085229,0,10,3,-9505.72106808523
libe-118959,C.O.[HH].[LiH],-950.6662513213935,0,10,3,-9506.662513213934
libe-118960,C.O.[HH].[LiH],-950.3590561149718,0,10,3,-9503.590561149718
libe-118961,C.O.[HH].[LiH],-950.5188966644366,0,10,3,-9505.188966644366
libe-118962,C.O.[HH].[LiH],-950.5221206534549,0,10,3,-9505.221206534548
libe-118963,C.O.[HH].[LiH],-950.5609960558602,0,10,3,-9505.609960558602
libe-118964,C.O.[HH].[LiH],-950.5729539145352,0,10,3,-9505.729539145352
libe-638928,C.O.[HH].[LiH],-950.2147767588833,0,10,3,-9502.147767588833
libe-118966,C.O.[HH].[LiH],-950.7732719522197,0,10,3,-9507.732719522197
libe-118968,C.O.[HH].[LiH],-950.4668396226598,0,10,3,-9504.668396226598
libe-118969,C.O.[HH].[LiH],-950.3453386650244,0,10,3,-9503.453386650244
libe-118973,C.O.[HH].[LiH],-950.5767770100823,0,10,3,-9505.767770100823
libe-118975,C.O.[HH].[LiH],-950.8289479270355,0,10,3,-9508.289479270356
libe-118976,C.O.[HH].[LiH],-950.75528073445,0,10,3,-9507.5528073445
libe-118982,C.O.[HH].[LiH],-950.4908449508293,0,10,3,-9504.908449508293
libe-118986,C.O.[HH].[LiH],-950.6456348908972,0,10,3,-9506.456348908972
libe-118999,C.O.[HH].[LiH],-950.3802918722974,0,10,3,-9503.802918722975
libe-119001,C.O.[HH].[LiH],-950.5542800693095,0,10,3,-9505.542800693094
libe-140666,C.O.[HH].[LiH],-950.5214828922695,0,10,3,-9505.214828922695
libe-193125,C.O.[HH].[LiH],-950.1598319335753,0,10,3,-9501.598319335753
libe-193159,C.O.[HH].[LiH],-950.6065988284124,0,10,3,-9506.065988284125
libe-193234,C.O.[HH].[LiH],-950.1613480562473,0,10,3,-9501.613480562473
libe-193239,C.O.[HH].[LiH],-950.5973484111555,0,10,3,-9505.973484111555
libe-193384,C.O.[HH].[LiH],-950.138273201083,0,10,3,-9501.38273201083
libe-193445,C.O.[HH].[LiH],-950.1571252440702,0,10,3,-9501.571252440703
libe-193638,C.O.[HH].[LiH],-950.2772000179275,0,10,3,-9502.772000179275
libe-193649,C.O.[HH].[LiH],-950.5844715340245,0,10,3,-9505.844715340245
libe-198190,C.O.[HH].[LiH],-950.659446481405,0,10,3,-9506.59446481405
libe-198209,C.O.[HH].[LiH],-950.6570250823604,0,10,3,-9506.570250823605
libe-198302,C.O.[HH].[LiH],-950.2384136412151,0,10,3,-9502.38413641215
libe-198452,C.O.[HH].[LiH],-950.4991362456782,0,10,3,-9504.991362456782
libe-198467,C.O.[HH].[LiH],-950.257379711736,0,10,3,-9502.57379711736
libe-198649,C.O.[HH].[LiH],-950.4953858048077,0,10,3,-9504.953858048077
libe-198683,C.O.[HH].[LiH],-950.5841153811805,0,10,3,-9505.841153811805
libe-199369,C.O.[HH].[LiH],-950.5792196790777,0,10,3,-9505.792196790777
libe-199406,C.O.[HH].[LiH],-950.6315534375611,0,10,3,-9506.315534375612
libe-639120,C.O.[HH].[LiH],-950.5188959090619,0,10,3,-9505.18895909062
libe-642682,C.O.[HH].[LiH],-950.511915540764,0,10,3,-9505.11915540764
libe-642698,C.O.[HH].[LiH],-950.2247515461053,0,10,3,-9502.247515461053
libe-642711,C.O.[HH].[LiH],-950.2459098647229,0,10,3,-9502.459098647229
libe-642717,C.O.[HH].[LiH],-950.2137918419994,0,10,3,-9502.137918419994
libe-642729,C.O.[HH].[LiH],-950.210608182893,0,10,3,-9502.10608182893
libe-642730,C.O.[HH].[LiH],-950.48742521689,0,10,3,-9504.8742521689
libe-642733,C.O.[HH].[LiH],-950.2832642159844,0,10,3,-9502.832642159845
libe-642747,C.O.[HH].[LiH],-950.2565145676788,0,10,3,-9502.565145676788
libe-642748,C.O.[HH].[LiH],-950.1745470629443,0,10,3,-9501.745470629443
libe-642749,C.O.[HH].[LiH],-950.2495923566239,0,10,3,-9502.495923566239
libe-642750,C.O.[HH].[LiH],-950.3241057218104,0,10,3,-9503.241057218103
libe-642757,C.O.[HH].[LiH],-950.3868227846251,0,10,3,-9503.868227846251
libe-642762,C.O.[HH].[LiH],-950.1878217857044,0,10,3,-9501.878217857044
libe-642764,C.O.[HH].[LiH],-950.302881613649,0,10,3,-9503.02881613649
libe-642769,C.O.[HH].[LiH],-950.4155358887235,0,10,3,-9504.155358887236
libe-642772,C.O.[HH].[LiH],-950.2444307442587,0,10,3,-9502.444307442587
libe-642776,C.O.[HH].[LiH],-950.3651822745014,0,10,3,-9503.651822745014
libe-642779,C.O.[HH].[LiH],-950.3764212069631,0,10,3,-9503.764212069631
libe-642780,C.O.[HH].[LiH],-950.4320133667559,0,10,3,-9504.32013366756
libe-642783,C.O.[HH].[LiH],-950.4804269346408,0,10,3,-9504.804269346409
libe-642801,C.O.[HH].[LiH],-950.4778903036338,0,10,3,-9504.778903036338
libe-642816,C.O.[HH].[LiH],-950.4779184002302,0,10,3,-9504.779184002302
libe-642819,C.O.[HH].[LiH],-950.2927326598058,0,10,3,-9502.927326598057
libe-642821,C.O.[HH].[LiH],-950.29421214706,0,10,3,-9502.9421214706
libe-642826,C.O.[HH].[LiH],-950.4912081117457,0,10,3,-9504.912081117456
libe-642834,C.O.[HH].[LiH],-950.3308905849395,0,10,3,-9503.308905849395
libe-642850,C.O.[HH].[LiH],-950.102117001957,0,10,3,-9501.02117001957
libe-642870,C.O.[HH].[LiH],-950.501082305865,0,10,3,-9505.01082305865
libe-642910,C.O.[HH].[LiH],-950.1643402407159,0,10,3,-9501.643402407159
libe-642958,C.O.[HH].[LiH],-950.548288237557,0,10,3,-9505.48288237557
libe-643018,C.O.[HH].[LiH],-950.5527285414777,0,10,3,-9505.527285414777
libe-643140,C.O.[HH].[LiH],-950.3413529063216,0,10,3,-9503.413529063217
libe-137677,C.O.[HH].[LiH],-651.9719626572977,0,7,3,-4563.803738601084
libe-207013,C.O.[HH].[LiH],-651.9719890670622,0,7,3,-4563.803923469435
libe-137675,C.O.[HH].[LiH],-651.8762306785236,0,7,3,-4563.133614749665
libe-141092,C.O.[HH].[LiH],-651.8810191291917,0,7,3,-4563.167133904342
libe-207430,C.O.[HH].[LiH],-651.5076872532742,0,7,3,-4560.553810772919
libe-225209,C.O.[HH].[LiH],-651.6325068817721,0,7,3,-4561.427548172404
libe-225215,C.O.[HH].[LiH],-651.5823567524803,0,7,3,-4561.076497267362
libe-639620,C.O.[HH].[LiH],-651.5333401935717,0,7,3,-4560.733381355002
libe-510579,C.F.O.P.[HH],-1692.8476382411875,0,13,4,-22007.019297135437
libe-521202,C.F.O.P.[HH],-1693.0059078047607,0,13,4,-22009.076801461888
libe-526953,C.F.O.P.[HH],-1693.0022634423417,0,13,4,-22009.029424750443
libe-117463,C.O.[HH],-694.1164798546791,0,9,2,-6247.048318692112
libe-117464,C.O.[HH],-694.149077767071,0,9,2,-6247.341699903639
libe-510465,C.F.O.P.[HH],-1611.1821615933345,0,16,4,-25778.914585493352
libe-510613,C.F.O.P.[HH],-1611.1995459289712,0,16,4,-25779.19273486354
libe-510930,C.F.O.P.[HH],-1611.0832731286162,0,16,4,-25777.33237005786
libe-515267,C.F.O.P.[HH],-1611.1861427509739,0,16,4,-25778.978284015582
libe-515417,C.F.O.P.[HH],-1611.0552118468656,0,16,4,-25776.88338954985
libe-516529,C.F.O.P.[HH],-1611.1035508652074,0,16,4,-25777.656813843318
libe-517574,C.F.O.P.[HH],-1610.9251780441664,0,16,4,-25774.802848706662
libe-518981,C.F.O.P.[HH],-1610.9901018319736,0,16,4,-25775.841629311577
libe-519016,C.F.O.P.[HH],-1611.1995775828486,0,16,4,-25779.193241325578
libe-519263,C.F.O.P.[HH],-1611.050449950293,0,16,4,-25776.807199204686
libe-522971,C.F.O.P.[HH],-1611.0703496130382,0,16,4,-25777.12559380861
libe-525705,C.F.O.P.[HH],-1610.8711343352047,0,16,4,-25773.938149363275
libe-526952,C.F.O.P.[HH],-1611.0956360561431,0,16,4,-25777.53017689829
libe-120610,C.O.[HH].[LiH],-766.098484969116,0,10,3,-7660.984849691161
libe-120612,C.O.[HH].[LiH],-766.4264292878358,0,10,3,-7664.264292878359
libe-120615,C.O.[HH].[LiH],-766.1522414118764,0,10,3,-7661.522414118764
libe-120624,C.O.[HH].[LiH],-766.2323511445286,0,10,3,-7662.323511445286
libe-120630,C.O.[HH].[LiH],-766.4268965195208,0,10,3,-7664.268965195209
libe-120632,C.O.[HH].[LiH],-766.4189273619402,0,10,3,-7664.189273619402
libe-181137,C.O.[HH].[LiH],-766.2483737159282,0,10,3,-7662.483737159282
libe-137499,C.O.[LiH],-1512.2746235318743,0,11,3,-16635.020858850618
libe-119722,C.O.[HH],-756.4293654610224,0,11,2,-8320.723020071246
libe-119725,C.O.[HH],-756.16697410928,0,11,2,-8317.83671520208
libe-119728,C.O.[HH],-756.3444374554612,0,11,2,-8319.788812010072
libe-119733,C.O.[HH],-756.3853191638966,0,11,2,-8320.238510802863
libe-119735,C.O.[HH],-756.355238186679,0,11,2,-8319.90762005347
libe-132429,C.O.[HH],-756.3086200219361,0,11,2,-8319.394820241298
libe-119741,C.O.[HH],-756.3440219692199,0,11,2,-8319.784241661418
libe-119742,C.O.[HH],-756.4392564304438,0,11,2,-8320.831820734882
libe-119743,C.O.[HH],-756.4996572319519,0,11,2,-8321.49622955147
libe-119744,C.O.[HH],-756.3339048430088,0,11,2,-8319.672953273097
libe-119745,C.O.[HH],-756.3627281391687,0,11,2,-8319.990009530855
libe-119747,C.O.[HH],-756.1594395927968,0,11,2,-8317.753835520765
libe-119748,C.O.[HH],-756.1688836200465,0,11,2,-8317.857719820511
libe-119750,C.O.[HH],-756.3551011146438,0,11,2,-8319.906112261082
libe-119751,C.O.[HH],-756.1863726045241,0,11,2,-8318.050098649765
libe-119752,C.O.[HH],-756.4177257901483,0,11,2,-8320.594983691632
libe-119753,C.O.[HH],-756.363092450751,0,11,2,-8319.99401695826
libe-119756,C.O.[HH],-756.3711019004236,0,11,2,-8320.082120904659
libe-119757,C.O.[HH],-756.483950577632,0,11,2,-8321.323456353952
libe-119758,C.O.[HH],-756.4816871783964,0,11,2,-8321.29855896236
libe-119760,C.O.[HH],-756.4001784516275,0,11,2,-8320.401962967902
libe-119762,C.O.[HH],-756.3858094850895,0,11,2,-8320.243904335985
libe-119763,C.O.[HH],-756.1505977712175,0,11,2,-8317.656575483392
libe-119765,C.O.[HH],-756.2883863919507,0,11,2,-8319.172250311458
libe-119766,C.O.[HH],-756.2858067634971,0,11,2,-8319.143874398469
libe-119768,C.O.[HH],-756.2896463589121,0,11,2,-8319.186109948034
libe-119770,C.O.[HH],-756.2778083101828,0,11,2,-8319.05589141201
libe-119781,C.O.[HH],-756.2669462966486,0,11,2,-8318.936409263135
libe-119796,C.O.[HH],-756.3793381408733,0,11,2,-8320.172719549606
libe-119799,C.O.[HH],-756.2609062137536,0,11,2,-8318.86996835129
libe-119814,C.O.[HH],-756.4140792089764,0,11,2,-8320.55487129874
libe-132442,C.O.[HH],-756.1353893929809,0,11,2,-8317.48928332279
libe-132473,C.O.[HH],-756.1441868527897,0,11,2,-8317.586055380687
libe-510382,C.O.[HH],-756.289841960493,0,11,2,-8319.188261565423
libe-511272,C.O.[HH],-756.3842570112186,0,11,2,-8320.226827123404
libe-514539,C.O.[HH],-756.3130107083401,0,11,2,-8319.443117791741
libe-519486,C.O.[HH],-756.4169731289451,0,11,2,-8320.586704418396
libe-520397,C.O.[HH],-756.1919707534312,0,11,2,-8318.111678287743
libe-525730,C.O.[HH],-756.3029614591258,0,11,2,-8319.332576050383
libe-120514,C.O.[HH].[LiH],-961.9767011212693,0,9,3,-8657.790310091425
libe-120516,C.O.[HH].[LiH],-961.7812041297439,0,9,3,-8656.030837167695
libe-120519,C.O.[HH].[LiH],-961.8090150295073,0,9,3,-8656.281135265566
libe-120522,C.O.[HH].[LiH],-962.1562832600391,0,9,3,-8659.406549340352
libe-120531,C.O.[HH].[LiH],-962.2374042655006,0,9,3,-8660.136638389506
libe-120538,C.O.[HH].[LiH],-962.1239065791514,0,9,3,-8659.115159212362
libe-639054,C.O.[HH].[LiH],-962.3535987514359,0,9,3,-8661.182388762923
libe-631427,C.O.[HH].[LiH],-962.2417634884785,0,9,3,-8660.175871396306
libe-639777,C.O.[HH].[LiH],-962.1443835852458,0,9,3,-8659.299452267212
libe-639793,C.O.[HH].[LiH],-961.6880433236784,0,9,3,-8655.192389913105
libe-639801,C.O.[HH].[LiH],-961.89222063398,0,9,3,-8657.02998570582
libe-639872,C.O.[HH].[LiH],-961.9739458015532,0,9,3,-8657.765512213979
libe-640087,C.O.[HH].[LiH],-961.9462572408613,0,9,3,-8657.516315167752
libe-137557,C.F.O.[HH].[LiH],-1289.9350687747108,0,12,4,-15479.220825296528
libe-137627,C.F.O.[HH].[LiH],-1289.805340401849,0,12,4,-15477.664084822187
libe-136070,C.F.O.[HH].[LiH],-1354.3860445132425,0,9,4,-12189.474400619183
libe-136085,C.F.O.[HH].[LiH],-1354.4689146293933,0,9,4,-12190.22023166454
libe-136362,C.F.O.[HH].[LiH],-1354.4529125623178,0,9,4,-12190.07621306086
libe-136369,C.F.O.[HH].[LiH],-1354.4389438112937,0,9,4,-12189.950494301644
libe-136375,C.F.O.[HH].[LiH],-1354.4591353689966,0,9,4,-12190.132218320969
libe-136476,C.F.O.[HH].[LiH],-1354.2381075113278,0,9,4,-12188.14296760195
libe-136487,C.F.O.[HH].[LiH],-1354.391937000456,0,9,4,-12189.527433004103
libe-136638,C.F.O.[HH].[LiH],-1354.4945999278684,0,9,4,-12190.451399350815
libe-137162,C.F.O.[HH].[LiH],-1354.3680712652679,0,9,4,-12189.31264138741
libe-137164,C.F.O.[HH].[LiH],-1354.431511383481,0,9,4,-12189.883602451328
libe-137172,C.F.O.[HH].[LiH],-1354.3766036805969,0,9,4,-12189.389433125372
libe-137218,C.F.O.[HH].[LiH],-1354.3965852401238,0,9,4,-12189.569267161114
libe-137255,C.F.O.[HH].[LiH],-1354.3737640387608,0,9,4,-12189.363876348847
libe-137671,C.F.O.[HH].[LiH],-1354.1958652127482,0,9,4,-12187.762786914735
libe-137805,C.F.O.[HH].[LiH],-1354.1974879007694,0,9,4,-12187.777391106925
libe-176870,C.F.O.[HH].[LiH],-1354.2721520807193,0,9,4,-12188.449368726473
libe-176917,C.F.O.[HH].[LiH],-1354.363005733749,0,9,4,-12189.267051603741
libe-188384,C.F.O.[HH].[LiH],-1354.3832822439256,0,9,4,-12189.44954019533
libe-188421,C.F.O.[HH].[LiH],-1354.4514572586045,0,9,4,-12190.06311532744
libe-188426,C.F.O.[HH].[LiH],-1354.3466347202232,0,9,4,-12189.119712482008
libe-188602,C.F.O.[HH].[LiH],-1354.5673263540925,0,9,4,-12191.105937186832
libe-188649,C.F.O.[HH].[LiH],-1354.2888938090105,0,9,4,-12188.600044281095
libe-190083,C.F.O.[HH].[LiH],-1354.2437164745124,0,9,4,-12188.193448270613
libe-190403,C.F.O.[HH].[LiH],-1354.3212540952873,0,9,4,-12188.891286857584
libe-191805,C.F.O.[HH].[LiH],-1354.3884231687252,0,9,4,-12189.495808518526
libe-192109,C.F.O.[HH].[LiH],-1354.4520641945303,0,9,4,-12190.068577750773
libe-192298,C.F.O.[HH].[LiH],-1354.6524423051253,0,9,4,-12191.871980746128
libe-527088,C.F.O.P.[HH],-2823.3469651031965,0,8,4,-22586.77572082557
libe-519106,C.O.P,-2792.477113902438,0,7,3,-19547.339797317065
libe-502113,C.F.O.S.[LiH],-3719.0645843835073,0,9,5,-33471.58125945157
libe-502415,C.F.O.S.[LiH],-3718.921404692094,0,9,5,-33470.292642228844
libe-121558,C.O.[HH],-1100.75633244423,0,15,2,-16511.34498666345
libe-121560,C.O.[HH],-1100.7269009290765,0,15,2,-16510.903513936148
libe-497494,C.F.S,-4004.2309489222653,0,5,3,-20021.154744611325
libe-509697,C.F.O.P,-3140.0116473463845,0,6,4,-18840.069884078308
libe-451382,C.F.O.[HH],-957.728095084697,0,18,3,-17239.105711524546
libe-475055,C.F.O.[HH],-957.7675696008757,0,18,3,-17239.816252815763
libe-631248,C.O.[HH].[LiH],-946.2917928827474,0,19,3,-17979.5440647722
libe-631308,C.O.[HH].[LiH],-946.208649392454,0,19,3,-17977.964338456626
libe-631320,C.O.[HH].[LiH],-946.1748024424523,0,19,3,-17977.321246406595
libe-631322,C.O.[HH].[LiH],-946.2616072838285,0,19,3,-17978.970538392743
libe-631333,C.O.[HH].[LiH],-946.2213197852252,0,19,3,-17978.20507591928
libe-631345,C.O.[HH].[LiH],-946.2480911316561,0,19,3,-17978.713731501466
libe-631352,C.O.[HH].[LiH],-946.3036864342857,0,19,3,-17979.770042251428
libe-631357,C.O.[HH].[LiH],-946.1012457821562,0,19,3,-17975.923669860967
libe-631370,C.O.[HH].[LiH],-946.091286504097,0,19,3,-17975.734443577843
libe-631399,C.O.[HH].[LiH],-946.0333625488398,0,19,3,-17974.633888427958
libe-631400,C.O.[HH].[LiH],-946.1137306830029,0,19,3,-17976.160882977056
libe-631409,C.O.[HH].[LiH],-946.1983283918038,0,19,3,-17977.76823944427
libe-631413,C.O.[HH].[LiH],-946.2673550042966,0,19,3,-17979.079745081635
libe-631471,C.O.[HH].[LiH],-946.2003797619587,0,19,3,-17977.807215477216
libe-631499,C.O.[HH].[LiH],-946.0889595520765,0,19,3,-17975.690231489454
libe-631535,C.O.[HH].[LiH],-946.121428849158,0,19,3,-17976.307148134
libe-631586,C.O.[HH].[LiH],-946.1811569376707,0,19,3,-17977.441981815744
libe-631594,C.O.[HH].[LiH],-946.2199749847365,0,19,3,-17978.179524709994
libe-631642,C.O.[HH].[LiH],-946.2931212345217,0,19,3,-17979.56930345591
libe-631676,C.O.[HH].[LiH],-946.1206390625848,0,19,3,-17976.29214218911
libe-631687,C.O.[HH].[LiH],-946.1824481093021,0,19,3,-17977.46651407674
libe-631753,C.O.[HH].[LiH],-946.2309126504862,0,19,3,-17978.387340359237
libe-631834,C.O.[HH].[LiH],-946.206903708785,0,19,3,-17977.931170466916
libe-631844,C.O.[HH].[LiH],-946.2356436869944,0,19,3,-17978.477230052893
libe-631846,C.O.[HH].[LiH],-946.3104896013515,0,19,3,-17979.899302425678
libe-631861,C.O.[HH].[LiH],-946.2835446242038,0,19,3,-17979.387347859873
libe-631953,C.O.[HH].[LiH],-946.2367769229091,0,19,3,-17978.498761535273
libe-631955,C.O.[HH].[LiH],-946.1046978070385,0,19,3,-17975.98925833373
libe-631966,C.O.[HH].[LiH],-946.0479996537431,0,19,3,-17974.91199342112
libe-631998,C.O.[HH].[LiH],-946.2215979246964,0,19,3,-17978.210360569232
libe-632040,C.O.[HH].[LiH],-946.238414761446,0,19,3,-17978.529880467475
libe-632050,C.O.[HH].[LiH],-946.2951709150029,0,19,3,-17979.608247385055
libe-632066,C.O.[HH].[LiH],-946.1026971852889,0,19,3,-17975.95124652049
libe-632101,C.O.[HH].[LiH],-946.1800149663768,0,19,3,-17977.42028436116
libe-632127,C.O.[HH].[LiH],-946.1630458596528,0,19,3,-17977.097871333404
libe-632128,C.O.[HH].[LiH],-946.155317306811,0,19,3,-17976.951028829408
libe-632134,C.O.[HH].[LiH],-946.2276326636232,0,19,3,-17978.32502060884
libe-632137,C.O.[HH].[LiH],-946.2253347457618,0,19,3,-17978.281360169472
libe-632138,C.O.[HH].[LiH],-946.1009253269154,0,19,3,-17975.917581211394
libe-632140,C.O.[HH].[LiH],-946.3158733766537,0,19,3,-17980.00159415642
libe-632157,C.O.[HH].[LiH],-946.2291607988032,0,19,3,-17978.35405517726
libe-632166,C.O.[HH].[LiH],-946.1491119137157,0,19,3,-17976.833126360598
libe-632172,C.O.[HH].[LiH],-946.0863637719636,0,19,3,-17975.64091166731
libe-632183,C.O.[HH].[LiH],-946.0949965209365,0,19,3,-17975.804933897794
libe-632186,C.O.[HH].[LiH],-946.2306098381096,0,19,3,-17978.381586924083
libe-632209,C.O.[HH].[LiH],-946.125759526548,0,19,3,-17976.389431004412
libe-632239,C.O.[HH].[LiH],-946.2762733928411,0,19,3,-17979.24919446398
libe-632254,C.O.[HH].[LiH],-946.1434695169322,0,19,3,-17976.72592082171
libe-632307,C.O.[HH].[LiH],-946.2027783861049,0,19,3,-17977.852789335993
libe-632312,C.O.[HH].[LiH],-946.1096530158183,0,19,3,-17976.083407300546
libe-632320,C.O.[HH].[LiH],-946.1482604420089,0,19,3,-17976.81694839817
libe-632327,C.O.[HH].[LiH],-945.8803631115608,0,19,3,-17971.726899119654
libe-632337,C.O.[HH].[LiH],-946.1678448103879,0,19,3,-17977.18905139737
libe-632345,C.O.[HH].[LiH],-946.1924838348577,0,19,3,-17977.657192862298
libe-632412,C.O.[HH].[LiH],-945.9351789870184,0,19,3,-17972.76840075335
libe-632418,C.O.[HH].[LiH],-946.1584324283787,0,19,3,-17977.010216139195
libe-632454,C.O.[HH].[LiH],-946.0987973169739,0,19,3,-17975.877149022504
libe-632464,C.O.[HH].[LiH],-946.1339243925767,0,19,3,-17976.544563458956
libe-632470,C.O.[HH].[LiH],-946.1049531876178,0,19,3,-17975.994110564738
libe-632474,C.O.[HH].[LiH],-946.2854530905234,0,19,3,-17979.423608719946
libe-632564,C.O.[HH].[LiH],-946.1394829643835,0,19,3,-17976.650176323288
libe-497590,C.F.O.S,-3735.5849550071316,0,5,4,-18677.92477503566
libe-185427,C.O.[HH],-694.5948547575791,0,15,2,-10418.922821363687
libe-120115,C.O.[HH].[LiH],-790.7418451579665,0,11,3,-8698.160296737631
libe-120116,C.O.[HH].[LiH],-790.8797630107802,0,11,3,-8699.677393118582
libe-120117,C.O.[HH].[LiH],-790.8918085995879,0,11,3,-8699.809894595466
libe-120118,C.O.[HH].[LiH],-790.7881636856546,0,11,3,-8698.6698005422
libe-120120,C.O.[HH].[LiH],-790.7316293225778,0,11,3,-8698.047922548356
libe-120128,C.O.[HH].[LiH],-790.9552594048492,0,11,3,-8700.507853453342
libe-120130,C.O.[HH].[LiH],-790.8731934382835,0,11,3,-8699.605127821118
libe-502246,C.F.O.S.[LiH],-3313.6706581268018,0,14,5,-46391.38921377523
libe-519294,C.F.O.P.[HH],-2970.259761069034,0,6,4,-17821.558566414205
libe-641073,C.F.O.P.[HH],-2970.1084899562034,0,6,4,-17820.65093973722
libe-118462,C.O.[HH].[LiH],-710.5314514481357,0,12,3,-8526.37741737763
libe-118465,C.O.[HH].[LiH],-710.6635749441772,0,12,3,-8527.962899330127
libe-118466,C.O.[HH].[LiH],-710.5287370749616,0,12,3,-8526.344844899539
libe-118467,C.O.[HH].[LiH],-710.4885041039344,0,12,3,-8525.862049247213
libe-118468,C.O.[HH].[LiH],-710.6144347363764,0,12,3,-8527.373216836517
libe-118469,C.O.[HH].[LiH],-710.4435399367236,0,12,3,-8525.322479240684
libe-118473,C.O.[HH].[LiH],-710.6589362669192,0,12,3,-8527.90723520303
libe-118477,C.O.[HH].[LiH],-710.5314894004695,0,12,3,-8526.377872805633
libe-118479,C.O.[HH].[LiH],-710.5856571363721,0,12,3,-8527.027885636466
libe-118480,C.O.[HH].[LiH],-710.5118495011587,0,12,3,-8526.142194013904
libe-639085,C.O.[HH].[LiH],-710.6176281247581,0,12,3,-8527.411537497097
libe-118484,C.O.[HH].[LiH],-710.4335801168369,0,12,3,-8525.202961402043
libe-118492,C.O.[HH].[LiH],-710.5748632360238,0,12,3,-8526.898358832286
libe-118493,C.O.[HH].[LiH],-710.5543224248603,0,12,3,-8526.651869098323
libe-118498,C.O.[HH].[LiH],-710.5310283527751,0,12,3,-8526.372340233302
libe-118501,C.O.[HH].[LiH],-710.3463790404267,0,12,3,-8524.15654848512
libe-639046,C.O.[HH].[LiH],-710.5353453597768,0,12,3,-8526.424144317321
libe-118505,C.O.[HH].[LiH],-710.5784351091614,0,12,3,-8526.941221309937
libe-118513,C.O.[HH].[LiH],-710.6550568115513,0,12,3,-8527.860681738615
libe-639041,C.O.[HH].[LiH],-710.5753256433644,0,12,3,-8526.903907720372
libe-118524,C.O.[HH].[LiH],-710.4305774514572,0,12,3,-8525.166929417486
libe-119326,C.O.[HH].[LiH],-710.69071473672,0,12,3,-8528.28857684064
libe-119331,C.O.[HH].[LiH],-710.5205994933659,0,12,3,-8526.247193920392
libe-119343,C.O.[HH].[LiH],-710.6428706150481,0,12,3,-8527.714447380577
libe-119344,C.O.[HH].[LiH],-710.5516266011159,0,12,3,-8526.619519213391
libe-639080,C.O.[HH].[LiH],-710.5899871263197,0,12,3,-8527.079845515836
libe-639141,C.O.[HH].[LiH],-710.501142805586,0,12,3,-8526.013713667033
libe-641688,C.O.[HH].[LiH],-710.4269958931213,0,12,3,-8525.123950717456
libe-641693,C.O.[HH].[LiH],-710.4002453796625,0,12,3,-8524.80294455595
libe-641698,C.O.[HH].[LiH],-710.4069376717365,0,12,3,-8524.883252060838
libe-641699,C.O.[HH].[LiH],-710.4125658060199,0,12,3,-8524.950789672239
libe-641700,C.O.[HH].[LiH],-710.4742979901943,0,12,3,-8525.69157588233
libe-641701,C.O.[HH].[LiH],-710.3192086331328,0,12,3,-8523.830503597594
libe-641704,C.O.[HH].[LiH],-710.4884044773972,0,12,3,-8525.860853728767
libe-641718,C.O.[HH].[LiH],-710.3985319496506,0,12,3,-8524.782383395808
libe-641735,C.O.[HH].[LiH],-710.4134587364061,0,12,3,-8524.961504836874
libe-641748,C.O.[HH].[LiH],-710.5031090439535,0,12,3,-8526.037308527442
libe-641751,C.O.[HH].[LiH],-710.445696036255,0,12,3,-8525.34835243506
libe-641758,C.O.[HH].[LiH],-710.4928333953849,0,12,3,-8525.914000744619
libe-641767,C.O.[HH].[LiH],-710.3914714215057,0,12,3,-8524.697657058068
libe-641782,C.O.[HH].[LiH],-710.4282401249161,0,12,3,-8525.138881498993
libe-641849,C.O.[HH].[LiH],-710.4402969375141,0,12,3,-8525.283563250168
libe-641854,C.O.[HH].[LiH],-710.4048340053502,0,12,3,-8524.858008064202
libe-641860,C.O.[HH].[LiH],-710.4438208815644,0,12,3,-8525.325850578773
libe-641901,C.O.[HH].[LiH],-710.3970415982056,0,12,3,-8524.764499178467
libe-641930,C.O.[HH].[LiH],-710.48728885659,0,12,3,-8525.84746627908
libe-641942,C.O.[HH].[LiH],-710.3806161099691,0,12,3,-8524.567393319629
libe-642045,C.O.[HH].[LiH],-710.3950654275458,0,12,3,-8524.740785130549
libe-642224,C.O.[HH].[LiH],-710.3023402340785,0,12,3,-8523.628082808942
libe-642455,C.O.[HH].[LiH],-710.237405136971,0,12,3,-8522.848861643652
libe-642472,C.O.[HH].[LiH],-710.3430165792007,0,12,3,-8524.116198950409
libe-642640,C.O.[HH].[LiH],-710.416676147321,0,12,3,-8525.000113767852
libe-136265,C.F.[HH].[LiH],-720.3956050976237,0,7,3,-5042.769235683366
libe-136933,C.F.[HH].[LiH],-720.5688625329554,0,7,3,-5043.982037730688
libe-117019,C.O.[HH],-581.748704951433,0,9,2,-5235.738344562897
libe-117023,C.O.[HH],-581.9056466591401,0,9,2,-5237.150819932261
libe-117027,C.O.[HH],-581.8834475510265,0,9,2,-5236.951027959239
libe-117034,C.O.[HH],-581.6463240694787,0,9,2,-5234.816916625308
libe-117035,C.O.[HH],-581.7982459561949,0,9,2,-5236.184213605755
libe-117037,C.O.[HH],-581.7658197338693,0,9,2,-5235.892377604824
libe-183312,C.O.[HH],-581.6838586773149,0,9,2,-5235.154728095834
libe-518861,C.O.[HH],-581.7857490115862,0,9,2,-5236.071741104275
libe-528056,C.O.[HH],-581.5509073878432,0,9,2,-5233.958166490588
libe-121697,C.O.[HH].[LiH],-1126.1917943999943,0,15,3,-16892.876915999914
libe-631878,C.O.[HH].[LiH],-1126.1934032472932,0,15,3,-16892.9010487094
libe-631959,C.O.[HH].[LiH],-1126.1330767157403,0,15,3,-16891.996150736104
libe-631986,C.O.[HH].[LiH],-1126.1887191138228,0,15,3,-16892.83078670734
libe-632007,C.O.[HH].[LiH],-1126.1758476299449,0,15,3,-16892.637714449174
libe-632037,C.O.[HH].[LiH],-1125.8892326611626,0,15,3,-16888.338489917438
libe-632047,C.O.[HH].[LiH],-1126.189527014817,0,15,3,-16892.842905222256
libe-632076,C.O.[HH].[LiH],-1126.1204359990973,0,15,3,-16891.806539986457
libe-632103,C.O.[HH].[LiH],-1126.1730140962352,0,15,3,-16892.595211443528
libe-632108,C.O.[HH].[LiH],-1126.0779754051441,0,15,3,-16891.169631077162
libe-632117,C.O.[HH].[LiH],-1126.12892950121,0,15,3,-16891.93394251815
libe-632184,C.O.[HH].[LiH],-1126.2095812631985,0,15,3,-16893.143718947977
libe-632188,C.O.[HH].[LiH],-1126.2085467775953,0,15,3,-16893.12820166393
libe-632284,C.O.[HH].[LiH],-1126.1563201410927,0,15,3,-16892.34480211639
libe-632480,C.O.[HH].[LiH],-1126.2559876780272,0,15,3,-16893.839815170406
libe-137388,C.F.O,-1671.9799214550862,0,9,3,-15047.819293095776
libe-115780,C.O.[HH].[LiH],-865.5639949207088,0,11,3,-9521.203944127796
libe-115781,C.O.[HH].[LiH],-865.7207253786842,0,11,3,-9522.927979165526
libe-115782,C.O.[HH].[LiH],-865.6118115267684,0,11,3,-9521.729926794453
libe-120457,C.O.[HH].[LiH],-865.5612057311911,0,11,3,-9521.173263043102
libe-120473,C.O.[HH].[LiH],-865.4065097194256,0,11,3,-9519.471606913681
libe-121129,C.O.[HH].[LiH],-865.4008681058959,0,11,3,-9519.409549164855
libe-121132,C.O.[HH].[LiH],-865.5034667528635,0,11,3,-9520.538134281498
libe-121133,C.O.[HH].[LiH],-865.4926375724467,0,11,3,-9520.419013296914
libe-121134,C.O.[HH].[LiH],-865.524839734915,0,11,3,-9520.773237084064
libe-121135,C.O.[HH].[LiH],-865.5766688678096,0,11,3,-9521.343357545906
libe-121137,C.O.[HH].[LiH],-865.5484724489295,0,11,3,-9521.033196938224
libe-121140,C.O.[HH].[LiH],-865.709115409035,0,11,3,-9522.800269499385
libe-121141,C.O.[HH].[LiH],-865.4708654605336,0,11,3,-9520.179520065869
libe-121144,C.O.[HH].[LiH],-865.4777990950989,0,11,3,-9520.255790046089
libe-121147,C.O.[HH].[LiH],-865.6928377280485,0,11,3,-9522.621215008534
libe-121155,C.O.[HH].[LiH],-865.4536502893585,0,11,3,-9519.990153182944
libe-121674,C.O.[HH].[LiH],-865.6027099857805,0,11,3,-9521.629809843585
libe-182997,C.O.[HH].[LiH],-865.7431874935454,0,11,3,-9523.175062429
libe-183004,C.O.[HH].[LiH],-865.3891483548564,0,11,3,-9519.28063190342
libe-183130,C.O.[HH].[LiH],-865.4212155718324,0,11,3,-9519.633371290156
libe-183179,C.O.[HH].[LiH],-865.7324667803634,0,11,3,-9523.057134583998
libe-183245,C.O.[HH].[LiH],-865.4291464232575,0,11,3,-9519.720610655833
libe-201590,C.O.[HH].[LiH],-865.4831278216602,0,11,3,-9520.314406038262
libe-202098,C.O.[HH].[LiH],-865.5249352615446,0,11,3,-9520.77428787699
libe-202292,C.O.[HH].[LiH],-865.3417736953994,0,11,3,-9518.759510649394
libe-631635,C.O.[HH].[LiH],-865.5092415525928,0,11,3,-9520.601657078521
libe-631667,C.O.[HH].[LiH],-865.7400533402365,0,11,3,-9523.140586742602
libe-631933,C.O.[HH].[LiH],-865.694340969458,0,11,3,-9522.637750664038
libe-515667,C.F.O.P.[HH],-1797.7009688493877,0,13,4,-23370.11259504204
libe-520742,C.F.O.P.[HH],-1897.3773190653192,0,15,4,-28460.659785979788
libe-121681,C.F.O.P.[HH].[LiH],-1732.0158913462528,0,14,5,-24248.22247884754
libe-121683,C.F.O.P.[HH].[LiH],-1731.8852524775987,0,14,5,-24246.39353468638
libe-136324,C.F.O.[LiH],-1580.2088677412773,0,9,4,-14221.879809671496
libe-141561,C.F.O.[HH].[LiH],-882.536892926137,0,20,4,-17650.73785852274
libe-459996,C.F.O.[HH].[LiH],-882.5463588187322,0,20,4,-17650.927176374644
libe-521850,C.O.P.[HH],-1466.7054627154257,0,12,3,-17600.46555258511
libe-141103,C.F.O.[HH].[LiH],-1119.2037118607234,0,20,4,-22384.074237214467
libe-141139,C.F.O.[HH].[LiH],-1119.205624196621,0,20,4,-22384.112483932422
libe-141228,C.F.O.[HH].[LiH],-1119.2002941816181,0,20,4,-22384.005883632362
libe-141294,C.F.O.[HH].[LiH],-1119.1843448152176,0,20,4,-22383.686896304353
libe-141353,C.F.O.[HH].[LiH],-1119.1854315388769,0,20,4,-22383.708630777535
libe-141359,C.F.O.[HH].[LiH],-1119.1875107198148,0,20,4,-22383.750214396296
libe-141372,C.F.O.[HH].[LiH],-1119.1890444737005,0,20,4,-22383.78088947401
libe-141458,C.F.O.[HH].[LiH],-1119.181738180333,0,20,4,-22383.63476360666
libe-141470,C.F.O.[HH].[LiH],-1119.1946393269204,0,20,4,-22383.89278653841
libe-141479,C.F.O.[HH].[LiH],-1119.1912482921014,0,20,4,-22383.824965842028
libe-141647,C.F.O.[HH].[LiH],-1119.174550106298,0,20,4,-22383.49100212596
libe-390675,C.F.O.[HH].[LiH],-1119.1753518245873,0,20,4,-22383.50703649175
libe-391273,C.F.O.[HH].[LiH],-1119.1740950962278,0,20,4,-22383.481901924555
libe-399243,C.F.O.[HH].[LiH],-1119.1754904137329,0,20,4,-22383.50980827466
libe-401936,C.F.O.[HH].[LiH],-1119.1854692333868,0,20,4,-22383.709384667738
libe-136084,C.F.O.[LiH],-1375.377419200266,0,9,4,-12378.396772802394
libe-136483,C.F.O.[LiH],-1375.435795652976,0,9,4,-12378.922160876784
libe-136532,C.F.O.[LiH],-1375.4395093947237,0,9,4,-12378.955584552514
libe-137160,C.F.O.[LiH],-1375.5284432971496,0,9,4,-12379.755989674346
libe-121669,C.F.O.P.[LiH],-2763.852904413639,0,8,5,-22110.82323530911
libe-514460,C.F.O.P.[HH],-1517.332231668839,0,17,4,-25794.647938370264
libe-514634,C.F.O.P.[HH],-1517.302535590651,0,17,4,-25794.143105041065
libe-517361,C.F.O.P.[HH],-1517.23399935954,0,17,4,-25792.97798911218
libe-519845,C.F.O.P.[HH],-1517.3266410261404,0,17,4,-25794.552897444384
libe-519900,C.F.O.P.[HH],-1517.3284368044294,0,17,4,-25794.5834256753
libe-118502,C.O.[HH].[LiH],-868.3891939396614,0,10,3,-8683.891939396613
libe-118509,C.O.[HH].[LiH],-868.2194086688567,0,10,3,-8682.194086688567
libe-118520,C.O.[HH].[LiH],-868.2643962129747,0,10,3,-8682.643962129747
libe-119380,C.O.[HH].[LiH],-868.2992714817467,0,10,3,-8682.992714817467
libe-119382,C.O.[HH].[LiH],-868.4666539852172,0,10,3,-8684.666539852173
libe-119429,C.O.[HH].[LiH],-868.3124551902462,0,10,3,-8683.124551902461
libe-640503,C.O.[HH].[LiH],-868.0820851551865,0,10,3,-8680.820851551865
libe-640507,C.O.[HH].[LiH],-868.2884385751465,0,10,3,-8682.884385751466
libe-640574,C.O.[HH].[LiH],-868.2081509715756,0,10,3,-8682.081509715756
libe-640592,C.O.[HH].[LiH],-868.2324556773144,0,10,3,-8682.324556773145
libe-640634,C.O.[HH].[LiH],-868.1825423194119,0,10,3,-8681.82542319412
libe-640977,C.O.[HH].[LiH],-868.2426138583372,0,10,3,-8682.426138583372
libe-117814,C.O.[LiH],-1071.9521697754476,0,5,3,-5359.7608488772385
libe-117815,C.O.[LiH],-1071.3934820021198,0,5,3,-5356.9674100105985
libe-136950,C.O.[LiH],-1072.0653496507653,0,5,3,-5360.326748253826
libe-118584,C.O.[HH].[LiH],-894.7815722380143,0,6,3,-5368.689433428086
libe-118590,C.O.[HH].[LiH],-894.6648328686073,0,6,3,-5367.988997211643
libe-208521,C.O.[HH].[LiH],-894.5569944885924,0,6,3,-5367.341966931554
libe-119072,C.O.[HH].[LiH],-1056.7155784816723,0,8,3,-8453.724627853378
libe-119087,C.O.[HH].[LiH],-1056.7001358083264,0,8,3,-8453.601086466611
libe-119610,C.O.[HH].[LiH],-1056.6780916163589,0,8,3,-8453.424732930871
libe-119613,C.O.[HH].[LiH],-1056.463968984603,0,8,3,-8451.711751876825
libe-119631,C.O.[HH].[LiH],-1056.394648035215,0,8,3,-8451.15718428172
libe-119637,C.O.[HH].[LiH],-1056.4416457739571,0,8,3,-8451.533166191657
libe-119641,C.O.[HH].[LiH],-1056.7117463045888,0,8,3,-8453.69397043671
libe-119642,C.O.[HH].[LiH],-1056.4007904362854,0,8,3,-8451.206323490283
libe-137289,C.O.[HH].[LiH],-1056.2639577319108,0,8,3,-8450.111661855286
libe-137324,C.O.[HH].[LiH],-1056.3775520993454,0,8,3,-8451.020416794763
libe-201672,C.O.[HH].[LiH],-1056.6798217262756,0,8,3,-8453.438573810205
libe-517320,C.F.O.P.[HH],-2598.265452871676,0,7,4,-18187.858170101732
libe-518911,C.F.O.P.[HH],-2597.710647100915,0,7,4,-18183.974529706407
libe-520925,C.F.O.P.[HH],-2598.11852009466,0,7,4,-18186.82964066262
libe-523561,C.F.O.P.[HH],-2598.100642423896,0,7,4,-18186.70449696727
libe-525748,C.F.O.P.[HH],-2598.018056084749,0,7,4,-18186.126392593244
libe-527059,C.F.O.P.[HH],-2598.2437589320757,0,7,4,-18187.70631252453
libe-511050,C.F.O.[HH].[LiH],-915.673386282725,0,10,4,-9156.73386282725
libe-518989,C.F.O.[HH].[LiH],-915.3679284438404,0,10,4,-9153.679284438404
libe-643097,C.F.O.[HH].[LiH],-915.364390232955,0,10,4,-9153.64390232955
libe-518863,C.F.O.P,-3560.9166438689253,0,5,4,-17804.583219344626
libe-118086,C.O.[HH],-887.859168566959,0,14,2,-12430.028359937427
libe-137633,C.F.O.[LiH],-1525.929756467474,0,10,4,-15259.29756467474
libe-138196,C.F.O.[LiH],-1525.7705117198873,0,10,4,-15257.705117198873
libe-501734,C.F.N.O.S,-3458.0135046276605,0,13,5,-44954.17556015959
libe-501447,C.F.N.O.S,-3974.0569993574773,0,9,5,-35766.51299421729
libe-501944,C.F.N.O.S,-3814.175624567437,0,10,5,-38141.75624567437
libe-120963,C.O.[HH].[LiH],-980.0392121428234,0,12,3,-11760.47054571388
libe-120966,C.O.[HH].[LiH],-980.074174949602,0,12,3,-11760.890099395225
libe-121720,C.O.[HH].[LiH],-979.976545888384,0,12,3,-11759.718550660607
libe-121723,C.O.[HH].[LiH],-980.017488660162,0,12,3,-11760.209863921944
libe-199446,C.O.[HH].[LiH],-980.0784141027142,0,12,3,-11760.94096923257
libe-631205,C.O.[HH].[LiH],-980.0055121314413,0,12,3,-11760.066145577295
libe-631215,C.O.[HH].[LiH],-979.891288093163,0,12,3,-11758.695457117956
libe-634028,C.O.[HH].[LiH],-980.0118414126218,0,12,3,-11760.142096951462
libe-634029,C.O.[HH].[LiH],-980.1294549438111,0,12,3,-11761.553459325733
libe-117443,C.O.[HH],-887.8784201491183,0,7,2,-6215.148941043828
libe-117445,C.O.[HH],-887.9360400386722,0,7,2,-6215.5522802707055
libe-117446,C.O.[HH],-887.6922800711811,0,7,2,-6213.845960498268
libe-117452,C.O.[HH],-887.8002272872042,0,7,2,-6214.601591010429
libe-117454,C.O.[HH],-887.619873733427,0,7,2,-6213.339116133989
libe-207831,C.O.[HH],-887.8834704465296,0,7,2,-6215.184293125707
libe-210226,C.O.[HH],-887.495584308791,0,7,2,-6212.469090161537
libe-121091,C.O.[HH].[LiH],-685.9630365458169,0,17,3,-11661.371621278886
libe-173942,C.O.[HH].[LiH],-685.7632811555413,0,17,3,-11657.975779644203
libe-173950,C.O.[HH].[LiH],-685.7640445171608,0,17,3,-11657.988756791732
libe-173960,C.O.[HH].[LiH],-685.7539476281521,0,17,3,-11657.817109678586
libe-174781,C.O.[HH].[LiH],-685.8220079548978,0,17,3,-11658.974135233262
libe-174822,C.O.[HH].[LiH],-685.8390727727482,0,17,3,-11659.264237136718
libe-174861,C.O.[HH].[LiH],-685.8547062702347,0,17,3,-11659.53000659399
libe-174867,C.O.[HH].[LiH],-685.7651046408791,0,17,3,-11658.006778894945
libe-174952,C.O.[HH].[LiH],-685.7172322926477,0,17,3,-11657.192948975011
libe-174974,C.O.[HH].[LiH],-685.9201706773207,0,17,3,-11660.642901514451
libe-175210,C.O.[HH].[LiH],-685.9350667720107,0,17,3,-11660.896135124181
libe-175221,C.O.[HH].[LiH],-685.8581115640178,0,17,3,-11659.587896588302
libe-221674,C.O.[HH].[LiH],-685.8533374344072,0,17,3,-11659.506736384923
libe-631252,C.O.[HH].[LiH],-685.7569580201865,0,17,3,-11657.868286343171
libe-631264,C.O.[HH].[LiH],-685.8668237624084,0,17,3,-11659.736003960943
libe-631288,C.O.[HH].[LiH],-685.7954395543609,0,17,3,-11658.522472424134
libe-631290,C.O.[HH].[LiH],-685.7182763983889,0,17,3,-11657.210698772611
libe-631325,C.O.[HH].[LiH],-685.7794190311619,0,17,3,-11658.250123529751
libe-631346,C.O.[HH].[LiH],-685.8395387383432,0,17,3,-11659.272158551834
libe-631647,C.O.[HH].[LiH],-685.8883277501317,0,17,3,-11660.101571752239
libe-631821,C.O.[HH].[LiH],-685.8637507816783,0,17,3,-11659.68376328853
libe-631900,C.O.[HH].[LiH],-685.9556795822791,0,17,3,-11661.246552898745
libe-631957,C.O.[HH].[LiH],-685.8384399656816,0,17,3,-11659.253479416588
libe-631988,C.O.[HH].[LiH],-685.8752618436631,0,17,3,-11659.879451342273
libe-136747,C.F.O.[HH].[LiH],-988.6530184860734,0,22,4,-21750.366406693614
libe-136753,C.F.O.[HH].[LiH],-988.6423077313706,0,22,4,-21750.130770090153
libe-516697,C.O.P.[HH],-1720.9465662145324,0,12,3,-20651.35879457439
libe-501310,C.F.O.S.[LiH],-3086.312944681183,0,7,5,-21604.19061276828
libe-118580,C.O.[HH].[LiH],-556.1241336182616,0,6,3,-3336.7448017095694
libe-182827,C.O.[HH].[LiH],-556.3686775145862,0,6,3,-3338.2120650875177
libe-224725,C.O.[HH].[LiH],-555.8258795405342,0,6,3,-3334.955277243205
libe-641319,C.O.[HH].[LiH],-555.786024272407,0,6,3,-3334.7161456344415
libe-137120,C.F.O.[HH].[LiH],-943.651407041099,0,11,4,-10380.165477452088
libe-137262,C.F.O.[HH].[LiH],-943.8833029739206,0,11,4,-10382.716332713127
libe-180232,C.F.O.[HH].[LiH],-943.6619206904248,0,11,4,-10380.281127594673
libe-180543,C.F.O.[HH].[LiH],-943.9070357909998,0,11,4,-10382.977393700998
libe-180707,C.F.O.[HH].[LiH],-943.9753444085006,0,11,4,-10383.728788493507
libe-117291,C.O.[HH].[LiH],-646.2384830667075,0,10,3,-6462.384830667075
libe-117293,C.O.[HH].[LiH],-646.3191042306731,0,10,3,-6463.191042306731
libe-117295,C.O.[HH].[LiH],-646.2476119698222,0,10,3,-6462.476119698222
libe-117297,C.O.[HH].[LiH],-646.2708033880199,0,10,3,-6462.708033880199
libe-117299,C.O.[HH].[LiH],-646.0817158376182,0,10,3,-6460.817158376181
libe-117301,C.O.[HH].[LiH],-646.2231162427771,0,10,3,-6462.231162427771
libe-117302,C.O.[HH].[LiH],-646.2492238571011,0,10,3,-6462.4922385710115
libe-117306,C.O.[HH].[LiH],-646.2340541271898,0,10,3,-6462.340541271898
libe-117319,C.O.[HH].[LiH],-646.2999189859845,0,10,3,-6462.9991898598455
libe-117320,C.O.[HH].[LiH],-646.2355842666586,0,10,3,-6462.355842666586
libe-117327,C.O.[HH].[LiH],-646.1393503186578,0,10,3,-6461.393503186578
libe-117336,C.O.[HH].[LiH],-646.1234774345438,0,10,3,-6461.234774345438
libe-117347,C.O.[HH].[LiH],-646.0605520451493,0,10,3,-6460.605520451492
libe-502780,C.F.N.O.S.[LiH],-3177.960935890518,0,14,6,-44491.453102467254
libe-120709,C.O.[HH].[LiH],-790.0247143532744,0,11,3,-8690.271857886019
libe-137403,C.F.O.[HH],-1555.780803108355,0,11,3,-17113.588834191905
libe-501288,C.F.O.S.[LiH],-3182.227580682246,0,7,5,-22275.59306477572
libe-511212,C.O.P.[HH].[LiH],-1572.4365919811835,0,10,4,-15724.365919811835
libe-514835,C.O.P.[HH].[LiH],-1572.3908423095627,0,10,4,-15723.908423095627
libe-116138,C.O.[HH].[LiH],-664.1916431678367,0,5,3,-3320.9582158391836
libe-116146,C.O.[HH].[LiH],-663.8560432823142,0,5,3,-3319.280216411571
libe-502143,C.F.N.O.S.[LiH],-3366.459259462308,0,12,6,-40397.5111135477
libe-132045,C.O.[HH].[LiH],-775.2264712156029,0,15,3,-11628.397068234044
libe-132049,C.O.[HH].[LiH],-775.20338008045,0,15,3,-11628.05070120675
libe-132050,C.O.[HH].[LiH],-775.2661805142923,0,15,3,-11628.992707714384
libe-132054,C.O.[HH].[LiH],-775.1899450202759,0,15,3,-11627.849175304138
libe-132056,C.O.[HH].[LiH],-775.0686752039129,0,15,3,-11626.030128058694
libe-132062,C.O.[HH].[LiH],-775.10124240024,0,15,3,-11626.5186360036
libe-132064,C.O.[HH].[LiH],-775.0533688046565,0,15,3,-11625.800532069848
libe-132077,C.O.[HH].[LiH],-775.232139204071,0,15,3,-11628.482088061066
libe-141052,C.F.O.[HH].[LiH],-984.1494414289602,0,20,4,-19682.988828579204
libe-141191,C.F.O.[HH].[LiH],-984.1454095882482,0,20,4,-19682.908191764964
libe-141395,C.F.O.[HH].[LiH],-984.1395396998994,0,20,4,-19682.79079399799
libe-141413,C.F.O.[HH].[LiH],-984.1318658015731,0,20,4,-19682.63731603146
libe-141464,C.F.O.[HH].[LiH],-984.1336595777062,0,20,4,-19682.673191554124
libe-141487,C.F.O.[HH].[LiH],-984.1428464488347,0,20,4,-19682.856928976693
libe-141572,C.F.O.[HH].[LiH],-984.1256194801417,0,20,4,-19682.512389602834
libe-141609,C.F.O.[HH].[LiH],-984.1298247691018,0,20,4,-19682.596495382037
libe-425665,C.F.O.[HH].[LiH],-984.1371005572437,0,20,4,-19682.742011144874
libe-428882,C.F.O.[HH].[LiH],-984.1380365379525,0,20,4,-19682.76073075905
libe-430008,C.F.O.[HH].[LiH],-984.1376930794007,0,20,4,-19682.753861588015
libe-433256,C.F.O.[HH].[LiH],-984.1411979631426,0,20,4,-19682.823959262852
libe-443894,C.F.O.[HH].[LiH],-984.2147968443342,0,20,4,-19684.295936886683
libe-447189,C.F.O.[HH].[LiH],-984.1613665357536,0,20,4,-19683.22733071507
libe-141634,C.F.O.[HH],-1015.0315096181242,0,19,3,-19285.59868274436
libe-116291,C.[HH],-696.0483572330836,0,6,1,-4176.290143398502
libe-116292,C.[HH],-695.76888057221,0,6,1,-4174.61328343326
libe-116298,C.[HH],-695.7270278516338,0,6,1,-4174.362167109803
libe-116302,C.[HH],-695.4164399572592,0,6,1,-4172.498639743555
libe-116303,C.[HH],-695.659135924937,0,6,1,-4173.954815549622
libe-116304,C.[HH],-695.7247593277415,0,6,1,-4174.348555966449
libe-224896,C.[HH],-695.5366746999813,0,6,1,-4173.220048199888
libe-224901,C.[HH],-695.4803650660994,0,6,1,-4172.882190396596
libe-224908,C.[HH],-695.0500444579972,0,6,1,-4170.300266747983
libe-224915,C.[HH],-695.4227771872874,0,6,1,-4172.536663123724
libe-224920,C.[HH],-695.3789765653964,0,6,1,-4172.273859392379
libe-518914,C.F.O.P.[HH],-1798.6686081953487,0,9,4,-16188.017473758138
libe-521772,C.F.O.P.[HH],-1798.956591718025,0,9,4,-16190.609325462225
libe-641141,C.F.O.P.[HH],-1798.7332468038342,0,9,4,-16188.599221234508
libe-116736,C.O.[HH],-525.4116576886585,0,10,2,-5254.116576886585
libe-636449,C.O.[HH],-525.4041140388364,0,10,2,-5254.041140388364
libe-225576,C.O.[HH],-525.1458056441002,0,10,2,-5251.458056441002
libe-135887,C.F.O.[HH],-1144.5971893347282,0,6,3,-6867.583136008369
libe-135889,C.F.O.[HH],-1144.9382380765576,0,6,3,-6869.629428459346
libe-137408,C.F.O.[HH],-1144.58704823737,0,6,3,-6867.52228942422
libe-137410,C.F.O.[HH],-1144.539656746699,0,6,3,-6867.237940480194
libe-137535,C.F.O.[HH],-1144.6000445938719,0,6,3,-6867.600267563231
libe-204684,C.F.O.[HH],-1143.70234563957,0,6,3,-6862.21407383742
libe-204694,C.F.O.[HH],-1144.8269201727664,0,6,3,-6868.961521036599
libe-204750,C.F.O.[HH],-1144.581462469818,0,6,3,-6867.488774818908
libe-204943,C.F.O.[HH],-1144.0188369063028,0,6,3,-6864.113021437816
libe-205113,C.F.O.[HH],-1144.274264864941,0,6,3,-6865.645589189646
libe-205209,C.F.O.[HH],-1144.2395875189093,0,6,3,-6865.437525113456
libe-205685,C.F.O.[HH],-1144.8225208577724,0,6,3,-6868.935125146634
libe-117655,C.O.[LiH],-1234.145176234078,0,6,3,-7404.871057404468
libe-117665,C.O.[LiH],-1234.5709764468834,0,6,3,-7407.4258586813
libe-120255,C.O.[LiH],-1234.4313746424052,0,6,3,-7406.588247854431
libe-120276,C.O.[LiH],-1234.5742717683925,0,6,3,-7407.445630610355
libe-136971,C.O.[LiH],-1234.7282076156314,0,6,3,-7408.369245693788
libe-136976,C.O.[LiH],-1234.0869770574582,0,6,3,-7404.521862344749
libe-502238,C.F.N.O.S.[LiH],-3364.1950759822503,0,11,6,-37006.14583580475
libe-502250,C.F.N.O.S.[LiH],-3364.257216667511,0,11,6,-37006.82938334262
libe-502529,C.F.N.O.S.[LiH],-3364.1450452764457,0,11,6,-37005.5954980409
libe-517496,C.F.O.P.[HH],-1832.5338394073126,0,12,4,-21990.406072887752
libe-521809,C.F.O.P.[HH],-1832.430487887132,0,12,4,-21989.165854645584
libe-524454,C.F.O.P.[HH],-1832.4878581148012,0,12,4,-21989.854297377613
libe-527047,C.F.O.P.[HH],-1832.5973103424583,0,12,4,-21991.1677241095
libe-115848,C.O.[HH].[LiH],-1184.1322094423322,0,8,3,-9473.057675538657
libe-115852,C.O.[HH].[LiH],-1184.136281009105,0,8,3,-9473.09024807284
libe-119574,C.O.[HH].[LiH],-1184.2260728827418,0,8,3,-9473.808583061935
libe-119576,C.O.[HH].[LiH],-1183.997006106483,0,8,3,-9471.976048851864
libe-119595,C.O.[HH].[LiH],-1184.117541876614,0,8,3,-9472.940335012912
libe-119603,C.O.[HH].[LiH],-1184.1122124150877,0,8,3,-9472.897699320702
libe-119608,C.O.[HH].[LiH],-1183.8925082459416,0,8,3,-9471.140065967533
libe-119650,C.O.[HH].[LiH],-1184.0376105025512,0,8,3,-9472.30088402041
libe-119651,C.O.[HH].[LiH],-1183.8648504156054,0,8,3,-9470.918803324843
libe-119652,C.O.[HH].[LiH],-1183.8323118210021,0,8,3,-9470.658494568017
libe-119657,C.O.[HH].[LiH],-1184.1811232821408,0,8,3,-9473.448986257126
libe-119658,C.O.[HH].[LiH],-1183.867287787336,0,8,3,-9470.938302298688
libe-119667,C.O.[HH].[LiH],-1184.0391036319108,0,8,3,-9472.312829055287
libe-119669,C.O.[HH].[LiH],-1184.1434531879845,0,8,3,-9473.147625503876
libe-119678,C.O.[HH].[LiH],-1184.1361780122302,0,8,3,-9473.089424097841
libe-119679,C.O.[HH].[LiH],-1184.2402875874875,0,8,3,-9473.9223006999
libe-119686,C.O.[HH].[LiH],-1184.4356398574987,0,8,3,-9475.48511885999
libe-175954,C.O.[HH].[LiH],-1183.9661147754023,0,8,3,-9471.728918203218
libe-175974,C.O.[HH].[LiH],-1184.1815635472585,0,8,3,-9473.452508378068
libe-175997,C.O.[HH].[LiH],-1184.1053642337158,0,8,3,-9472.842913869727
libe-176501,C.O.[HH].[LiH],-1184.1252079327344,0,8,3,-9473.001663461875
libe-641657,C.O.[HH].[LiH],-1183.8439139691384,0,8,3,-9470.751311753107
libe-641666,C.O.[HH].[LiH],-1183.7963661056258,0,8,3,-9470.370928845006
libe-641680,C.O.[HH].[LiH],-1183.772143428951,0,8,3,-9470.177147431608
libe-641681,C.O.[HH].[LiH],-1183.487254385264,0,8,3,-9467.898035082111
libe-641684,C.O.[HH].[LiH],-1183.700393268256,0,8,3,-9469.603146146048
libe-641685,C.O.[HH].[LiH],-1183.7724624759614,0,8,3,-9470.179699807692
libe-641692,C.O.[HH].[LiH],-1183.6579233304708,0,8,3,-9469.263386643766
libe-641696,C.O.[HH].[LiH],-1183.8759599965808,0,8,3,-9471.007679972647
libe-641702,C.O.[HH].[LiH],-1183.5175465405873,0,8,3,-9468.140372324699
libe-641714,C.O.[HH].[LiH],-1183.8101511980637,0,8,3,-9470.48120958451
libe-641730,C.O.[HH].[LiH],-1184.04002189444,0,8,3,-9472.32017515552
libe-641733,C.O.[HH].[LiH],-1183.8252612192673,0,8,3,-9470.602089754138
libe-641788,C.O.[HH].[LiH],-1184.065604971334,0,8,3,-9472.524839770673
libe-641813,C.O.[HH].[LiH],-1183.9959500525865,0,8,3,-9471.967600420692
libe-641864,C.O.[HH].[LiH],-1183.5224267493563,0,8,3,-9468.17941399485
libe-641870,C.O.[HH].[LiH],-1184.0805372574869,0,8,3,-9472.644298059895
libe-641876,C.O.[HH].[LiH],-1184.1421122750207,0,8,3,-9473.136898200166
libe-642009,C.O.[HH].[LiH],-1184.1100074598614,0,8,3,-9472.880059678891
libe-529248,C.O.P,-3085.482649578164,0,6,3,-18512.895897468985
libe-511219,C.F.O.P.[HH],-1357.0474995203547,0,15,4,-20355.71249280532
libe-542380,C.F.O.P.[HH],-1356.9786733151084,0,15,4,-20354.680099726625
libe-631247,C.O.[HH].[LiH],-924.8841522139688,0,17,3,-15723.03058763747
libe-631280,C.O.[HH].[LiH],-924.8778179565006,0,17,3,-15722.92290526051
libe-115770,C.O.[HH].[LiH],-1233.8144756388863,0,6,3,-7402.886853833318
libe-119421,C.O.[HH].[LiH],-1233.787406984705,0,6,3,-7402.72444190823
libe-637183,C.O.[HH].[LiH],-1232.9149994151962,0,6,3,-7397.489996491177
libe-225771,C.O.[HH].[LiH],-1232.9454374935847,0,6,3,-7397.672624961508
libe-226084,C.O.[HH].[LiH],-1232.899530426578,0,6,3,-7397.397182559468
libe-115783,C.O.[HH].[LiH],-810.7428870488149,0,12,3,-9728.914644585779
libe-120743,C.O.[HH].[LiH],-810.7074239683275,0,12,3,-9728.48908761993
libe-121230,C.O.[HH].[LiH],-810.8999298384574,0,12,3,-9730.799158061489
libe-121239,C.O.[HH].[LiH],-810.6487667391108,0,12,3,-9727.78520086933
libe-121240,C.O.[HH].[LiH],-810.7635041804115,0,12,3,-9729.162050164938
libe-121677,C.O.[HH].[LiH],-810.485817188469,0,12,3,-9725.829806261629
libe-631504,C.O.[HH].[LiH],-810.551767719528,0,12,3,-9726.621212634336
libe-631517,C.O.[HH].[LiH],-810.92487544225,0,12,3,-9731.098505307
libe-631528,C.O.[HH].[LiH],-810.6728953743841,0,12,3,-9728.07474449261
libe-631536,C.O.[HH].[LiH],-810.6905821149309,0,12,3,-9728.28698537917
libe-631539,C.O.[HH].[LiH],-810.6688528759097,0,12,3,-9728.026234510917
libe-631545,C.O.[HH].[LiH],-810.6228755031333,0,12,3,-9727.474506037599
libe-631547,C.O.[HH].[LiH],-810.6795116263429,0,12,3,-9728.154139516115
libe-631571,C.O.[HH].[LiH],-810.7657534487693,0,12,3,-9729.18904138523
libe-631574,C.O.[HH].[LiH],-810.7799154510491,0,12,3,-9729.35898541259
libe-631823,C.O.[HH].[LiH],-810.7771315206538,0,12,3,-9729.325578247846
libe-631856,C.O.[HH].[LiH],-810.6162684391421,0,12,3,-9727.395221269706
libe-631859,C.O.[HH].[LiH],-810.6935563802025,0,12,3,-9728.32267656243
libe-634038,C.O.[HH].[LiH],-810.6682356990614,0,12,3,-9728.018828388736
libe-497688,C.F.N.O.S.[LiH],-3054.760631209041,0,6,6,-18328.563787254247
libe-524589,C.F.O.P.[HH],-2137.01577659104,0,9,4,-19233.14198931936
libe-497561,C.F.O.S.[LiH],-3367.877889151652,0,5,5,-16839.38944575826
libe-642688,C.F.O.S.[LiH],-3367.5209932278713,0,5,5,-16837.604966139355
libe-173718,C.F.O.[HH].[LiH],-1466.8538735232369,0,9,4,-13201.684861709133
libe-138106,C.F.O.[LiH],-1504.6167172593612,0,13,4,-19560.017324371696
libe-140748,C.F.O.[HH].[LiH],-1065.5239068301316,0,16,4,-17048.382509282106
libe-140752,C.F.O.[HH].[LiH],-1065.3895852908224,0,16,4,-17046.23336465316
libe-140755,C.F.O.[HH].[LiH],-1065.5124114239218,0,16,4,-17048.19858278275
libe-140809,C.F.O.[HH].[LiH],-1065.5321862308056,0,16,4,-17048.51497969289
libe-140814,C.F.O.[HH].[LiH],-1065.3671430342672,0,16,4,-17045.874288548275
libe-140882,C.F.O.[HH].[LiH],-1065.5427892699918,0,16,4,-17048.68462831987
libe-141017,C.F.O.[HH].[LiH],-1065.4999005363643,0,16,4,-17047.99840858183
libe-141048,C.F.O.[HH].[LiH],-1065.4802036712679,0,16,4,-17047.683258740286
libe-638569,C.O.[HH].[LiH],-500.9881039748098,0,13,3,-6512.845351672528
libe-118510,C.O.[HH].[LiH],-500.99694442353814,0,13,3,-6512.960277505996
libe-119376,C.O.[HH].[LiH],-500.8518664432903,0,13,3,-6511.074263762774
libe-640760,C.O.[HH].[LiH],-500.79044019056164,0,13,3,-6510.275722477301
libe-640952,C.O.[HH].[LiH],-500.83285321294505,0,13,3,-6510.827091768286
libe-641059,C.O.[HH].[LiH],-500.7171567873713,0,13,3,-6509.323038235827
libe-137374,C.O.[HH].[LiH],-1159.994003394188,0,11,3,-12759.934037336068
libe-517080,C.O.P.[HH],-1858.263798554819,0,10,3,-18582.63798554819
libe-520492,C.O.P.[HH],-1858.3484118219505,0,10,3,-18583.484118219505
libe-520584,C.O.P.[HH],-1858.6348352559864,0,10,3,-18586.348352559864
libe-522588,C.O.P.[HH],-1858.5565425703567,0,10,3,-18585.565425703568
libe-137020,C.F.O.[HH].[LiH],-1156.0863037945678,0,7,4,-8092.604126561974
libe-140642,C.F.O.[HH].[LiH],-1155.8846736439323,0,7,4,-8091.192715507526
libe-137145,C.F.O.[HH].[LiH],-1156.1861254219646,0,7,4,-8093.302877953753
libe-179131,C.F.O.[HH].[LiH],-1155.9237918505453,0,7,4,-8091.466542953817
libe-179747,C.F.O.[HH].[LiH],-1156.2512917446688,0,7,4,-8093.759042212681
libe-119444,C.O.[HH].[LiH],-1060.5408184524977,0,7,3,-7423.785729167484
libe-119449,C.O.[HH].[LiH],-1060.6957261897055,0,7,3,-7424.870083327939
libe-136964,C.O.[HH].[LiH],-1060.6451585540092,0,7,3,-7424.516109878064
libe-119451,C.O.[HH].[LiH],-1060.5664284877562,0,7,3,-7423.964999414293
libe-119471,C.O.[HH].[LiH],-1060.8112840689794,0,7,3,-7425.678988482855
libe-119534,C.O.[HH].[LiH],-1060.6065090566085,0,7,3,-7424.24556339626
libe-119544,C.O.[HH].[LiH],-1060.3867299248789,0,7,3,-7422.707109474151
libe-119556,C.O.[HH].[LiH],-1060.8735498308401,0,7,3,-7426.1148488158815
libe-119558,C.O.[HH].[LiH],-1060.837377883329,0,7,3,-7425.861645183304
libe-119565,C.O.[HH].[LiH],-1060.8155390356953,0,7,3,-7425.708773249867
libe-226820,C.O.[HH].[LiH],-1060.3723613628338,0,7,3,-7422.606529539836
libe-226822,C.O.[HH].[LiH],-1060.1452037320555,0,7,3,-7421.016426124389
libe-226836,C.O.[HH].[LiH],-1060.445898900943,0,7,3,-7423.1212923066005
libe-226841,C.O.[HH].[LiH],-1060.0383198456043,0,7,3,-7420.26823891923
libe-226849,C.O.[HH].[LiH],-1060.2761417614984,0,7,3,-7421.932992330489
libe-226853,C.O.[HH].[LiH],-1060.4209929817866,0,7,3,-7422.946950872507
libe-226867,C.O.[HH].[LiH],-1060.211893364779,0,7,3,-7421.483253553452
libe-226884,C.O.[HH].[LiH],-1060.3571277426097,0,7,3,-7422.499894198268
libe-227223,C.O.[HH].[LiH],-1060.374414258306,0,7,3,-7422.620899808141
libe-639718,C.O.[HH].[LiH],-1060.3642416577836,0,7,3,-7422.549691604485
libe-631765,C.O.[HH].[LiH],-1218.580230196901,0,13,3,-15841.542992559713
libe-631840,C.O.[HH].[LiH],-1218.5727165191968,0,13,3,-15841.445314749559
libe-631845,C.O.[HH].[LiH],-1218.2886361234273,0,13,3,-15837.752269604556
libe-631920,C.O.[HH].[LiH],-1218.5904327613139,0,13,3,-15841.67562589708
libe-631947,C.O.[HH].[LiH],-1218.203518181404,0,13,3,-15836.64573635825
libe-631960,C.O.[HH].[LiH],-1218.6158262036356,0,13,3,-15842.005740647264
libe-631968,C.O.[HH].[LiH],-1218.563579023899,0,13,3,-15841.326527310686
libe-632061,C.O.[HH].[LiH],-1218.5998479594946,0,13,3,-15841.79802347343
libe-515378,C.F.O.P.[HH],-1718.3172279375085,0,14,4,-24056.44119112512
libe-520262,C.F.O.P.[HH],-1718.4050798075289,0,14,4,-24057.671117305403
libe-524387,C.F.O.P.[HH],-1718.2564070545254,0,14,4,-24055.589698763357
libe-528095,C.F.O.P.[HH],-1718.1652289701476,0,14,4,-24054.313205582068
libe-528990,C.F.O.P.[HH],-1718.336984411322,0,14,4,-24056.717781758507
libe-534688,C.F.O.P.[HH],-1718.3312196572133,0,14,4,-24056.637075200986
libe-116091,C.O.[HH],-597.9587928470411,0,7,2,-4185.711549929288
libe-116103,C.O.[HH],-597.8762258645085,0,7,2,-4185.133581051559
libe-182500,C.O.[HH],-597.7812543804256,0,7,2,-4184.468780662979
libe-510450,C.O.[HH],-597.5235682756944,0,7,2,-4182.6649779298605
libe-516753,C.O.[HH],-597.4212099614194,0,7,2,-4181.948469729936
libe-224772,C.O.[HH],-597.4823103010439,0,7,2,-4182.376172107307
libe-224784,C.O.[HH],-597.496236904697,0,7,2,-4182.473658332879
libe-640142,C.O.[HH],-597.4002394919702,0,7,2,-4181.801676443792
libe-640289,C.O.[HH],-597.3523287946465,0,7,2,-4181.466301562526
libe-519379,C.F.O.P.[HH],-1911.156617167353,0,14,4,-26756.192640342942
libe-520288,C.F.O.P.[HH],-1911.0068037110852,0,14,4,-26754.095251955194
libe-520464,C.F.O.P.[HH],-1911.130496547293,0,14,4,-26755.8269516621
libe-520630,C.F.O.P.[HH],-1911.3326739381826,0,14,4,-26758.657435134555
libe-522358,C.F.O.P.[HH],-1911.1343376372465,0,14,4,-26755.880726921452
libe-523955,C.F.O.P.[HH],-1911.1014610857494,0,14,4,-26755.420455200492
libe-526843,C.F.O.P.[HH],-1911.1853992936626,0,14,4,-26756.595590111276
libe-536386,C.F.O.P.[HH],-1911.2679513528117,0,14,4,-26757.751318939365
libe-524948,C.O.P.[HH],-1683.6973038589524,0,8,3,-13469.57843087162
libe-515333,C.F.O.P.[HH],-2297.1886111895105,0,10,4,-22971.886111895106
libe-520620,C.F.O.P.[HH],-2297.0657459013846,0,10,4,-22970.657459013848
libe-524319,C.F.O.P.[HH],-2297.185327075064,0,10,4,-22971.85327075064
libe-527294,C.F.O.P.[HH],-2296.961555784993,0,10,4,-22969.615557849927
libe-528534,C.F.O.P.[HH],-2296.86156743888,0,10,4,-22968.6156743888
libe-535231,C.F.O.P.[HH],-2297.0748726335096,0,10,4,-22970.748726335096
libe-121410,C.O.[HH],-670.7015085969813,0,14,2,-9389.821120357738
libe-121414,C.O.[HH],-670.7085092044298,0,14,2,-9389.919128862017
libe-525694,C.F.O.P.[HH],-1765.96734878551,0,14,4,-24723.54288299714
libe-528491,C.F.O.P.[HH],-1765.9119352141965,0,14,4,-24722.76709299875
libe-117890,C.O.[HH].[LiH],-1050.3849390586636,0,11,3,-11554.234329645298
libe-117914,C.O.[HH].[LiH],-1050.3068534778135,0,11,3,-11553.375388255949
libe-117925,C.O.[HH].[LiH],-1050.4516395214418,0,11,3,-11554.96803473586
libe-117940,C.O.[HH].[LiH],-1050.161646233822,0,11,3,-11551.778108572042
libe-119002,C.O.[HH].[LiH],-1050.302178189155,0,11,3,-11553.323960080706
libe-119005,C.O.[HH].[LiH],-1050.4948100405481,0,11,3,-11555.442910446029
libe-119008,C.O.[HH].[LiH],-1050.442650028834,0,11,3,-11554.869150317174
libe-119010,C.O.[HH].[LiH],-1050.3005898039914,0,11,3,-11553.306487843905
libe-119014,C.O.[HH].[LiH],-1050.4083629996476,0,11,3,-11554.491992996123
libe-119016,C.O.[HH].[LiH],-1050.2699917047141,0,11,3,-11552.969908751857
libe-119018,C.O.[HH].[LiH],-1050.5040650308986,0,11,3,-11555.544715339885
libe-192462,C.O.[HH].[LiH],-1050.4811170624027,0,11,3,-11555.29228768643
libe-120302,C.O.[LiH],-1571.7179344115377,0,6,3,-9430.307606469227
libe-516804,C.F.O.P.[HH],-1676.0666583592083,0,17,4,-28493.133192106543
libe-528244,C.F.O.P.[HH],-1676.227331330532,0,17,4,-28495.864632619043
libe-535065,C.F.O.P.[HH],-1676.1093809425026,0,17,4,-28493.859476022546
libe-542104,C.F.O.P.[HH],-1676.2421035032976,0,17,4,-28496.115759556058
libe-542621,C.F.O.P.[HH],-1676.193820739821,0,17,4,-28495.294952576955
libe-137619,C.F.O.[HH].[LiH],-1322.1328601192113,0,10,4,-13221.328601192112
libe-501759,C.F.O.S.[LiH],-3411.0816056273297,0,13,5,-44344.060873155286
libe-117893,C.O.[HH].[LiH],-1067.7178496925715,0,11,3,-11744.896346618285
libe-117894,C.O.[HH].[LiH],-1067.6434989010052,0,11,3,-11744.078487911056
libe-117916,C.O.[HH].[LiH],-1067.5160245883255,0,11,3,-11742.67627047158
libe-120676,C.O.[HH].[LiH],-1067.592787344244,0,11,3,-11743.520660786684
libe-120688,C.O.[HH].[LiH],-1067.77760159847,0,11,3,-11745.55361758317
libe-121531,C.O.[HH].[LiH],-1067.647088494292,0,11,3,-11744.11797343721
libe-196988,C.O.[HH].[LiH],-1067.7299342203246,0,11,3,-11745.029276423571
libe-197032,C.O.[HH].[LiH],-1067.5277736170503,0,11,3,-11742.805509787553
libe-118175,C.O.[HH].[LiH],-1057.6172467770646,0,8,3,-8460.937974216517
libe-637201,C.O.[HH].[LiH],-1057.6750159582587,0,8,3,-8461.40012766607
libe-637199,C.O.[HH].[LiH],-1057.7608920967068,0,8,3,-8462.087136773654
libe-118193,C.O.[HH].[LiH],-1057.652809846934,0,8,3,-8461.222478775471
libe-118223,C.O.[HH].[LiH],-1057.5853945856973,0,8,3,-8460.683156685578
libe-640646,C.O.[HH].[LiH],-1057.6160201792925,0,8,3,-8460.92816143434
libe-640677,C.O.[HH].[LiH],-1057.6052914260983,0,8,3,-8460.842331408787
libe-640721,C.O.[HH].[LiH],-1057.6313053180254,0,8,3,-8461.050442544203
libe-640739,C.O.[HH].[LiH],-1057.5715503323677,0,8,3,-8460.572402658941
libe-640855,C.O.[HH].[LiH],-1057.3620306815199,0,8,3,-8458.896245452159
libe-132031,C.O.[HH],-1033.1044723240527,0,14,2,-14463.462612536738
libe-132039,C.O.[HH],-1032.9892934957427,0,14,2,-14461.850108940398
libe-132051,C.O.[HH],-1032.9898481977875,0,14,2,-14461.857874769024
libe-132125,C.O.[HH],-1032.9319186079413,0,14,2,-14461.046860511178
libe-135949,C.F.O.[HH],-1273.693208636573,0,7,3,-8915.852460456012
libe-137437,C.F.O.[HH],-1273.8685707705695,0,7,3,-8917.079995393986
libe-137569,C.F.O.[HH],-1273.7432221971208,0,7,3,-8916.202555379845
libe-137616,C.F.O.[HH],-1273.7891517011535,0,7,3,-8916.524061908074
libe-202944,C.F.O.[HH],-1273.2559435290464,0,7,3,-8912.791604703325
libe-202969,C.F.O.[HH],-1273.7509466992701,0,7,3,-8916.25662689489
libe-203141,C.F.O.[HH],-1273.4728836727184,0,7,3,-8914.310185709028
libe-141254,C.F.O.[HH],-953.0330403846788,0,17,3,-16201.561686539539
libe-141374,C.F.O.[HH],-953.0487194633574,0,17,3,-16201.828230877076
libe-193000,C.F.O.[HH],-1564.1309097084388,0,7,3,-10948.916367959071
libe-639744,C.F.O.[HH],-1563.45745029426,0,7,3,-10944.202152059821
libe-116176,C.O.[HH].[LiH],-625.0182014149497,0,7,3,-4375.127409904648
libe-116183,C.O.[HH].[LiH],-624.8304194916924,0,7,3,-4373.812936441846
libe-116194,C.O.[HH].[LiH],-624.7566391248953,0,7,3,-4373.296473874267
libe-132327,C.O.[HH].[LiH],-624.8013853524975,0,7,3,-4373.609697467483
libe-210225,C.O.[HH].[LiH],-624.6767500771426,0,7,3,-4372.737250539998
libe-210375,C.O.[HH].[LiH],-624.3680058812331,0,7,3,-4370.5760411686315
libe-224886,C.O.[HH].[LiH],-624.6507536313594,0,7,3,-4372.555275419516
libe-224890,C.O.[HH].[LiH],-624.6226067423033,0,7,3,-4372.358247196124
libe-224910,C.O.[HH].[LiH],-624.4472994688421,0,7,3,-4371.131096281894
libe-225019,C.O.[HH].[LiH],-624.4212313531082,0,7,3,-4370.948619471757
libe-641216,C.O.[HH].[LiH],-624.3851461248074,0,7,3,-4370.696022873652
libe-641305,C.O.[HH].[LiH],-624.4915817443351,0,7,3,-4371.441072210346
libe-501755,C.F.N.O.S,-4524.73066813435,0,7,5,-31673.114676940448
libe-502177,C.N.O.S.[LiH],-3507.8922876772376,0,9,5,-31571.03058909514
libe-502331,C.N.O.S.[LiH],-3507.8561508570315,0,9,5,-31570.705357713283
libe-117651,C.O.[HH],-728.2637189534405,0,10,2,-7282.6371895344055
libe-117653,C.O.[HH],-728.2042475337518,0,10,2,-7282.042475337517
libe-201393,C.O.[HH],-728.4540828809313,0,10,2,-7284.540828809313
libe-201468,C.O.[HH],-728.210546277219,0,10,2,-7282.10546277219
libe-525836,C.O.[HH],-728.3608277548872,0,10,2,-7283.608277548872
libe-631581,C.O.[HH],-728.3808375892102,0,10,2,-7283.808375892102
libe-138081,C.F.O.[HH].[LiH],-1108.0404363456178,0,14,4,-15512.566108838648
libe-136767,C.F.O.[HH].[LiH],-1111.4368905512447,0,22,4,-24451.61159212738
libe-136770,C.F.O.[HH].[LiH],-1111.4026902806077,0,22,4,-24450.85918617337
libe-136772,C.F.O.[HH].[LiH],-1111.423137558103,0,22,4,-24451.309026278268
libe-502123,C.F.N.O.S,-3592.691368771231,0,11,5,-39519.60505648354
libe-220275,C.F.O.[LiH],-1648.6475747719694,0,8,4,-13189.180598175755
libe-135934,C.F.O.[HH],-1128.9483456816101,0,7,3,-7902.6384197712705
libe-136162,C.F.O.[HH],-1128.6473475932212,0,7,3,-7900.531433152549
libe-190068,C.F.O.[HH],-1128.9561519410306,0,7,3,-7902.693063587214
libe-190109,C.F.O.[HH],-1129.0250545430188,0,7,3,-7903.175381801131
libe-190152,C.F.O.[HH],-1128.9395607631523,0,7,3,-7902.576925342066
libe-190258,C.F.O.[HH],-1128.8851595985893,0,7,3,-7902.196117190125
libe-190292,C.F.O.[HH],-1128.8637107488148,0,7,3,-7902.045975241704
libe-190351,C.F.O.[HH],-1128.9349015726561,0,7,3,-7902.5443110085935
libe-190692,C.F.O.[HH],-1129.3329879068956,0,7,3,-7905.330915348269
libe-141079,C.F.O.[HH].[LiH],-1066.7557236689072,0,21,4,-22401.87019704705
libe-141182,C.F.O.[HH].[LiH],-1066.7415583829268,0,21,4,-22401.572726041464
libe-141370,C.F.O.[HH].[LiH],-1066.7448231354797,0,21,4,-22401.64128584507
libe-141515,C.F.O.[HH].[LiH],-1066.7215502684476,0,21,4,-22401.1525556374
libe-141497,C.O.[HH].[LiH],-849.0782481860435,0,20,3,-16981.56496372087
libe-141605,C.O.[HH].[LiH],-849.0799535397346,0,20,3,-16981.59907079469
libe-461408,C.O.[HH].[LiH],-849.0842729549911,0,20,3,-16981.685459099823
libe-461479,C.O.[HH].[LiH],-849.0829927624491,0,20,3,-16981.65985524898
libe-631420,C.O.[HH].[LiH],-849.0845443523174,0,20,3,-16981.69088704635
libe-631448,C.O.[HH].[LiH],-849.0604758019387,0,20,3,-16981.209516038773
libe-631451,C.O.[HH].[LiH],-849.0013335491074,0,20,3,-16980.026670982148
libe-631459,C.O.[HH].[LiH],-849.0800897752097,0,20,3,-16981.601795504193
libe-631489,C.O.[HH].[LiH],-849.0799827761788,0,20,3,-16981.599655523576
libe-631562,C.O.[HH].[LiH],-848.9752223256462,0,20,3,-16979.504446512925
libe-631852,C.O.[HH].[LiH],-849.091900914028,0,20,3,-16981.83801828056
libe-631896,C.O.[HH].[LiH],-849.0893242877594,0,20,3,-16981.786485755187
libe-632023,C.O.[HH].[LiH],-849.1151446425914,0,20,3,-16982.30289285183
libe-632056,C.O.[HH].[LiH],-849.0943133645933,0,20,3,-16981.886267291866
libe-632085,C.O.[HH].[LiH],-849.0444068953253,0,20,3,-16980.888137906506
libe-634039,C.O.[HH].[LiH],-849.0818919968017,0,20,3,-16981.637839936033
libe-511301,C.F.O.P.[HH],-1318.8649327217283,0,17,4,-22420.70385626938
libe-514936,C.F.O.P.[HH],-1319.0297123588587,0,17,4,-22423.505110100596
libe-529229,C.F.O.P.[HH],-1318.8357435421287,0,17,4,-22420.207640216187
libe-542127,C.F.O.P.[HH],-1318.9598064839865,0,17,4,-22422.31671022777
libe-516718,C.F.O.P.[HH].[LiH],-2299.4507144787735,0,8,5,-18395.60571583019
libe-528084,C.F.O.P.[HH].[LiH],-2299.1028489161613,0,8,5,-18392.82279132929
libe-137713,C.O.[HH].[LiH],-1234.1303040597525,0,12,3,-14809.563648717029
libe-137717,C.O.[HH].[LiH],-1234.1245326014657,0,12,3,-14809.494391217588
libe-120245,C.O.[HH],-848.3085851714455,0,11,2,-9331.394436885901
libe-120252,C.O.[HH],-848.1537693020996,0,11,2,-9329.691462323095
libe-120256,C.O.[HH],-848.1823651129492,0,11,2,-9330.006016242442
libe-120288,C.O.[HH],-848.3838348558643,0,11,2,-9332.222183414508
libe-132457,C.O.[HH],-848.1449804987986,0,11,2,-9329.594785486785
libe-201581,C.O.[HH],-848.3341634653099,0,11,2,-9331.67579811841
libe-201894,C.O.[HH],-848.3591184457567,0,11,2,-9331.950302903324
libe-631604,C.O.[HH],-848.3019669400309,0,11,2,-9331.321636340339
libe-631701,C.O.[HH],-848.2535634623291,0,11,2,-9330.78919808562
libe-523663,C.O.P.[HH],-2683.598401944248,0,5,3,-13417.99200972124
libe-527716,C.O.P.[HH],-2683.9646495719853,0,5,3,-13419.823247859928
libe-642618,C.O.P.[HH],-2684.125656838455,0,5,3,-13420.628284192275
libe-510374,C.F.O.P.[HH].[LiH],-1861.4894425673497,0,11,5,-20476.383868240846
libe-510582,C.F.O.P.[HH].[LiH],-1861.5917736369347,0,11,5,-20477.509510006283
libe-510910,C.F.O.P.[HH].[LiH],-1861.4816574457554,0,11,5,-20476.29823190331
libe-514880,C.F.O.P.[HH].[LiH],-1861.531579091536,0,11,5,-20476.847370006897
libe-514889,C.F.O.P.[HH].[LiH],-1861.4741211139901,0,11,5,-20476.21533225389
libe-515178,C.F.O.P.[HH].[LiH],-1861.5037533512407,0,11,5,-20476.54128686365
libe-515228,C.F.O.P.[HH].[LiH],-1861.139767671381,0,11,5,-20472.53744438519
libe-515406,C.F.O.P.[HH].[LiH],-1861.6203722511905,0,11,5,-20477.824094763095
libe-516181,C.F.O.P.[HH].[LiH],-1861.565420132476,0,11,5,-20477.219621457236
libe-523875,C.F.O.P.[HH].[LiH],-1861.750061050582,0,11,5,-20479.2506715564
libe-524335,C.F.O.P.[HH].[LiH],-1861.5467440670334,0,11,5,-20477.014184737367
libe-524682,C.F.O.P.[HH].[LiH],-1861.44675264294,0,11,5,-20475.91427907234
libe-528324,C.F.O.P.[HH].[LiH],-1861.3040862942,0,11,5,-20474.3449492362
libe-542306,C.F.O.P.[HH].[LiH],-1861.571570148043,0,11,5,-20477.287271628473
libe-524742,C.F.O.P.[HH],-3020.7017780390643,0,5,4,-15103.508890195322
libe-120090,C.O.[HH].[LiH],-962.9984529869803,0,9,3,-8666.986076882822
libe-501738,C.F.N.O.S,-3509.716176005545,0,13,5,-45626.31028807208
libe-501831,C.F.N.O.S,-3509.605315203963,0,13,5,-45624.86909765152
libe-115839,C.O.[HH],-1033.3073351628268,0,7,2,-7233.151346139787
libe-115840,C.O.[HH],-1033.5943525970356,0,7,2,-7235.16046817925
libe-118727,C.O.[HH],-1033.3193950081968,0,7,2,-7233.235765057378
libe-118728,C.O.[HH],-1033.0630967079485,0,7,2,-7231.44167695564
libe-635653,C.O.[HH],-1033.56717186081,0,7,2,-7234.97020302567
libe-175816,C.O.[HH],-1033.4267246399972,0,7,2,-7233.987072479981
libe-175829,C.O.[HH],-1033.3249048673856,0,7,2,-7233.274334071699
libe-175857,C.O.[HH],-1033.719059067822,0,7,2,-7236.033413474754
libe-175896,C.O.[HH],-1033.5312095924169,0,7,2,-7234.718467146919
libe-175906,C.O.[HH],-1033.4858374910273,0,7,2,-7234.400862437191
libe-176373,C.O.[HH],-1033.826946868728,0,7,2,-7236.788628081096
libe-226111,C.O.[HH],-1033.0659535370862,0,7,2,-7231.461674759604
libe-226120,C.O.[HH],-1033.103772809439,0,7,2,-7231.726409666074
libe-226393,C.O.[HH],-1032.9745564426419,0,7,2,-7230.821895098494
libe-226545,C.O.[HH],-1033.3509237725336,0,7,2,-7233.456466407736
libe-639579,C.O.[HH],-1033.0671340917859,0,7,2,-7231.469938642502
libe-639581,C.O.[HH],-1033.3316401869072,0,7,2,-7233.32148130835
libe-639685,C.O.[HH],-1033.289477934625,0,7,2,-7233.026345542375
libe-639734,C.O.[HH],-1033.334273944643,0,7,2,-7233.3399176125
libe-639764,C.O.[HH],-1033.375861191958,0,7,2,-7233.631028343705
libe-639781,C.O.[HH],-1033.5021013904768,0,7,2,-7234.514709733337
libe-510999,C.F.O.P.[HH].[LiH],-2112.93059439795,0,10,5,-21129.305943979496
libe-511062,C.F.O.P.[HH].[LiH],-2113.064976214627,0,10,5,-21130.649762146273
libe-515524,C.F.O.P.[HH].[LiH],-2112.714534941645,0,10,5,-21127.145349416453
libe-515683,C.F.O.P.[HH].[LiH],-2112.9325057856436,0,10,5,-21129.325057856437
libe-516297,C.F.O.P.[HH].[LiH],-2113.1585483146546,0,10,5,-21131.585483146548
libe-517330,C.F.O.P.[HH].[LiH],-2113.0131922492747,0,10,5,-21130.131922492747
libe-520355,C.F.O.P.[HH].[LiH],-2112.978032270442,0,10,5,-21129.78032270442
libe-520617,C.F.O.P.[HH].[LiH],-2112.8240807950547,0,10,5,-21128.240807950548
libe-520935,C.F.O.P.[HH].[LiH],-2112.997717475996,0,10,5,-21129.97717475996
libe-521814,C.F.O.P.[HH].[LiH],-2112.782009933423,0,10,5,-21127.820099334233
libe-522654,C.F.O.P.[HH].[LiH],-2113.1562859860455,0,10,5,-21131.562859860456
libe-525041,C.F.O.P.[HH].[LiH],-2113.0220943715585,0,10,5,-21130.220943715583
libe-525436,C.F.O.P.[HH].[LiH],-2112.8880216473117,0,10,5,-21128.880216473117
libe-525473,C.F.O.P.[HH].[LiH],-2112.8632607297777,0,10,5,-21128.632607297775
libe-525924,C.F.O.P.[HH].[LiH],-2112.9392803574233,0,10,5,-21129.392803574232
libe-528498,C.F.O.P.[HH].[LiH],-2113.017572096206,0,10,5,-21130.175720962063
libe-115791,C.O.[HH].[LiH],-548.9074334068714,0,16,3,-8782.518934509942
libe-519244,C.F.[HH],-693.4241059200284,0,7,2,-4853.968741440199
libe-528266,C.F.[HH],-693.4429016866126,0,7,2,-4854.100311806288
libe-173913,C.O.[HH].[LiH],-566.2460244708227,0,17,3,-9626.182416003987
libe-174348,C.O.[HH].[LiH],-566.2416145685073,0,17,3,-9626.107447664624
libe-174403,C.O.[HH].[LiH],-566.4063283881887,0,17,3,-9628.90758259921
libe-115834,C.O.[HH],-931.7478607181587,0,10,2,-9317.478607181587
libe-119223,C.O.[HH],-931.2364945779702,0,10,2,-9312.364945779702
libe-119226,C.O.[HH],-931.4545710721866,0,10,2,-9314.545710721866
libe-119233,C.O.[HH],-931.7049598160053,0,10,2,-9317.049598160052
libe-119235,C.O.[HH],-931.5060786144207,0,10,2,-9315.060786144208
libe-119259,C.O.[HH],-931.2986750136743,0,10,2,-9312.986750136743
libe-198136,C.O.[HH],-931.4106122695615,0,10,2,-9314.106122695615
libe-198310,C.O.[HH],-931.2432428975637,0,10,2,-9312.432428975637
libe-198626,C.O.[HH],-931.2656992528695,0,10,2,-9312.656992528695
libe-199176,C.O.[HH],-931.2804404437614,0,10,2,-9312.804404437615
libe-518851,C.O.[HH],-931.3950895732253,0,10,2,-9313.950895732252
libe-641242,C.O.[HH],-931.2544344279071,0,10,2,-9312.544344279071
libe-641248,C.O.[HH],-931.3706362864725,0,10,2,-9313.706362864725
libe-641256,C.O.[HH],-931.4343983023851,0,10,2,-9314.343983023851
libe-641258,C.O.[HH],-931.2036256537394,0,10,2,-9312.036256537394
libe-641261,C.O.[HH],-931.17078643622,0,10,2,-9311.7078643622
libe-641264,C.O.[HH],-931.3227296990879,0,10,2,-9313.227296990879
libe-641419,C.O.[HH],-931.2320976274744,0,10,2,-9312.320976274745
libe-641503,C.O.[HH],-931.13158922446,0,10,2,-9311.3158922446
libe-641562,C.O.[HH],-931.2881125681708,0,10,2,-9312.881125681708
libe-137278,C.O.[HH].[LiH],-1052.2087194777255,0,10,3,-10522.087194777254
libe-137871,C.O.[HH].[LiH],-1052.0504133343281,0,10,3,-10520.504133343282
libe-502690,C.O.S.[LiH],-3570.1881822973173,0,9,4,-32131.693640675854
libe-116157,C.O.[HH].[LiH],-726.1228068512396,0,6,3,-4356.736841107438
libe-116158,C.O.[HH].[LiH],-726.2564176851853,0,6,3,-4357.538506111112
libe-116172,C.O.[HH].[LiH],-726.0968417745858,0,6,3,-4356.5810506475145
libe-116179,C.O.[HH].[LiH],-725.9845352348722,0,6,3,-4355.907211409233
libe-116184,C.O.[HH].[LiH],-725.9619139713794,0,6,3,-4355.771483828276
libe-116189,C.O.[HH].[LiH],-726.1543444726923,0,6,3,-4356.926066836154
libe-116196,C.O.[HH].[LiH],-726.2243495945542,0,6,3,-4357.346097567325
libe-136909,C.O.[HH].[LiH],-725.9026976433853,0,6,3,-4355.416185860312
libe-206742,C.O.[HH].[LiH],-725.5685960638057,0,6,3,-4353.411576382834
libe-206905,C.O.[HH].[LiH],-725.5681735403341,0,6,3,-4353.409041242005
libe-140650,C.F.[HH],-656.4291255172066,0,9,2,-5907.862129654859
libe-225825,C.F.[HH],-656.1473728549104,0,9,2,-5905.326355694193
libe-535118,C.F.O.P,-2993.734894734531,0,8,4,-23949.879157876247
libe-509296,C.F.O.P.[HH],-1972.9790119068005,0,12,4,-23675.748142881606
libe-523802,C.F.O.P.[HH],-1972.9287811321428,0,12,4,-23675.145373585714
libe-634333,C.O.P.[HH].[LiH],-1616.0468353909828,0,11,4,-17776.51518930081
libe-515116,C.O.P.[HH].[LiH],-1615.8597786415196,0,11,4,-17774.457565056717
libe-516311,C.O.P.[HH].[LiH],-1615.7850277219256,0,11,4,-17773.63530494118
libe-518897,C.O.P.[HH].[LiH],-1615.8939664131074,0,11,4,-17774.83363054418
libe-132304,C.O.[HH].[LiH],-974.5315824503249,0,11,3,-10719.847406953573
libe-118282,C.O.[HH],-715.9706841992835,0,16,2,-11455.530947188536
libe-118298,C.O.[HH],-715.8535475420894,0,16,2,-11453.65676067343
libe-118309,C.O.[HH],-715.9646753064268,0,16,2,-11455.434804902829
libe-118312,C.O.[HH],-715.8145680739071,0,16,2,-11453.033089182514
libe-118333,C.O.[HH],-715.857472381076,0,16,2,-11453.719558097217
libe-173971,C.O.[HH],-715.8285424932428,0,16,2,-11453.256679891885
libe-173972,C.O.[HH],-715.9461507161083,0,16,2,-11455.138411457732
libe-174381,C.O.[HH],-715.7228191067042,0,16,2,-11451.565105707266
libe-177113,C.F.O.[HH],-1220.4701323918819,0,9,3,-10984.231191526937
libe-528310,C.F.O.P,-2950.921750051689,0,8,4,-23607.37400041351
libe-140697,C.F.O.[HH],-901.9645632187265,0,13,3,-11725.539321843446
libe-140732,C.F.O.[HH],-901.9406658155884,0,13,3,-11725.22865560265
libe-524531,C.F.O.P.[HH],-2162.5011534534297,0,7,4,-15137.508074174008
libe-115881,C.O.[HH].[LiH],-865.8677648205594,0,22,3,-19049.090826052307
libe-121758,C.O.[HH].[LiH],-865.800847640138,0,22,3,-19047.618648083037
libe-121759,C.O.[HH].[LiH],-865.733177091866,0,22,3,-19046.12989602105
libe-631394,C.O.[HH].[LiH],-865.8486551221074,0,22,3,-19048.670412686362
libe-631408,C.O.[HH].[LiH],-865.6986995570799,0,22,3,-19045.371390255757
libe-631419,C.O.[HH].[LiH],-865.6557301651848,0,22,3,-19044.426063634066
libe-631503,C.O.[HH].[LiH],-865.6761869921821,0,22,3,-19044.876113828006
libe-631515,C.O.[HH].[LiH],-865.714138780185,0,22,3,-19045.71105316407
libe-631526,C.O.[HH].[LiH],-865.7955283813277,0,22,3,-19047.50162438921
libe-631544,C.O.[HH].[LiH],-865.7150629373754,0,22,3,-19045.731384622257
libe-631565,C.O.[HH].[LiH],-865.6812482794193,0,22,3,-19044.987462147223
libe-631578,C.O.[HH].[LiH],-865.6704013323139,0,22,3,-19044.748829310905
libe-631607,C.O.[HH].[LiH],-865.7679618786146,0,22,3,-19046.89516132952
libe-631626,C.O.[HH].[LiH],-865.7027847904017,0,22,3,-19045.461265388836
libe-631643,C.O.[HH].[LiH],-865.7935126394259,0,22,3,-19047.45727806737
libe-631651,C.O.[HH].[LiH],-865.7823802756561,0,22,3,-19047.212366064436
libe-631663,C.O.[HH].[LiH],-865.4642636717031,0,22,3,-19040.213800777467
libe-631722,C.O.[HH].[LiH],-865.6657336482099,0,22,3,-19044.64614026062
libe-631725,C.O.[HH].[LiH],-865.7561599929887,0,22,3,-19046.635519845753
libe-631748,C.O.[HH].[LiH],-865.7191500577939,0,22,3,-19045.821301271466
libe-631787,C.O.[HH].[LiH],-865.8064998287573,0,22,3,-19047.74299623266
libe-631791,C.O.[HH].[LiH],-865.7422584812073,0,22,3,-19046.32968658656
libe-631826,C.O.[HH].[LiH],-865.6643948659931,0,22,3,-19044.61668705185
libe-631882,C.O.[HH].[LiH],-865.4924827270602,0,22,3,-19040.834619995323
libe-631891,C.O.[HH].[LiH],-865.6828398258727,0,22,3,-19045.0224761692
libe-631929,C.O.[HH].[LiH],-865.749105297493,0,22,3,-19046.480316544847
libe-631954,C.O.[HH].[LiH],-865.6170159706402,0,22,3,-19043.574351354084
libe-631975,C.O.[HH].[LiH],-865.7177379891294,0,22,3,-19045.790235760847
libe-632008,C.O.[HH].[LiH],-865.7870535356916,0,22,3,-19047.315177785214
libe-632081,C.O.[HH].[LiH],-865.7261132348772,0,22,3,-19045.974491167297
libe-632109,C.O.[HH].[LiH],-865.8120930115958,0,22,3,-19047.86604625511
libe-632142,C.O.[HH].[LiH],-865.6814513664335,0,22,3,-19044.991930061537
libe-632173,C.O.[HH].[LiH],-865.6960687486672,0,22,3,-19045.31351247068
libe-632193,C.O.[HH].[LiH],-865.6537037469008,0,22,3,-19044.381482431818
libe-632195,C.O.[HH].[LiH],-865.7909141565619,0,22,3,-19047.400111444364
libe-632215,C.O.[HH].[LiH],-865.4509013007857,0,22,3,-19039.919828617287
libe-632222,C.O.[HH].[LiH],-865.7823629525496,0,22,3,-19047.21198495609
libe-632232,C.O.[HH].[LiH],-865.7487729513609,0,22,3,-19046.47300492994
libe-632246,C.O.[HH].[LiH],-865.7202732075185,0,22,3,-19045.84601056541
libe-632266,C.O.[HH].[LiH],-865.6498385984959,0,22,3,-19044.296449166908
libe-632308,C.O.[HH].[LiH],-865.8626733341224,0,22,3,-19048.97881335069
libe-632310,C.O.[HH].[LiH],-865.8539471119071,0,22,3,-19048.786836461957
libe-632322,C.O.[HH].[LiH],-865.803842620026,0,22,3,-19047.684537640573
libe-632328,C.O.[HH].[LiH],-865.7274194932193,0,22,3,-19046.003228850823
libe-632333,C.O.[HH].[LiH],-865.6037142711922,0,22,3,-19043.28171396623
libe-632338,C.O.[HH].[LiH],-865.714120624218,0,22,3,-19045.710653732796
libe-632358,C.O.[HH].[LiH],-865.6338712020678,0,22,3,-19043.94516644549
libe-632384,C.O.[HH].[LiH],-865.7770766206914,0,22,3,-19047.09568565521
libe-632405,C.O.[HH].[LiH],-865.7074011887365,0,22,3,-19045.562826152203
libe-632406,C.O.[HH].[LiH],-865.8341948503446,0,22,3,-19048.35228670758
libe-632419,C.O.[HH].[LiH],-865.6854410019628,0,22,3,-19045.079702043182
libe-632420,C.O.[HH].[LiH],-865.8709108423303,0,22,3,-19049.160038531267
libe-632433,C.O.[HH].[LiH],-865.7068240833399,0,22,3,-19045.55012983348
libe-632451,C.O.[HH].[LiH],-865.7365105374381,0,22,3,-19046.203231823638
libe-632452,C.O.[HH].[LiH],-865.8768739564125,0,22,3,-19049.291227041074
libe-632463,C.O.[HH].[LiH],-865.6226908996625,0,22,3,-19043.699199792576
libe-632469,C.O.[HH].[LiH],-865.7778810590643,0,22,3,-19047.113383299413
libe-632485,C.O.[HH].[LiH],-865.6626146766149,0,22,3,-19044.577522885527
libe-632491,C.O.[HH].[LiH],-865.6866775214338,0,22,3,-19045.106905471544
libe-632501,C.O.[HH].[LiH],-865.7674399593726,0,22,3,-19046.8836791062
libe-632502,C.O.[HH].[LiH],-865.7431446883111,0,22,3,-19046.349183142844
libe-632511,C.O.[HH].[LiH],-865.7144960780267,0,22,3,-19045.718913716588
libe-632514,C.O.[HH].[LiH],-865.8976076033042,0,22,3,-19049.747367272692
libe-632520,C.O.[HH].[LiH],-865.7934281136128,0,22,3,-19047.45541849948
libe-632523,C.O.[HH].[LiH],-865.494030571923,0,22,3,-19040.868672582306
libe-632527,C.O.[HH].[LiH],-865.4967649269648,0,22,3,-19040.928828393226
libe-632538,C.O.[HH].[LiH],-865.7217714201612,0,22,3,-19045.878971243546
libe-632545,C.O.[HH].[LiH],-865.7819704974881,0,22,3,-19047.20335094474
libe-632556,C.O.[HH].[LiH],-865.7282628110569,0,22,3,-19046.02178184325
libe-632560,C.O.[HH].[LiH],-865.7268052697714,0,22,3,-19045.98971593497
libe-632574,C.O.[HH].[LiH],-865.7864038153316,0,22,3,-19047.300883937296
libe-632578,C.O.[HH].[LiH],-865.7237607600302,0,22,3,-19045.922736720666
libe-632589,C.O.[HH].[LiH],-865.4357344226984,0,22,3,-19039.586157299364
libe-632592,C.O.[HH].[LiH],-865.527060224069,0,22,3,-19041.59532492952
libe-632598,C.O.[HH].[LiH],-865.8092425860576,0,22,3,-19047.803336893267
libe-632602,C.O.[HH].[LiH],-865.6700732693206,0,22,3,-19044.741611925052
libe-632605,C.O.[HH].[LiH],-865.6692825149726,0,22,3,-19044.724215329396
libe-632607,C.O.[HH].[LiH],-865.8540101837615,0,22,3,-19048.788224042753
libe-632610,C.O.[HH].[LiH],-865.8149363883639,0,22,3,-19047.928600544004
libe-632616,C.O.[HH].[LiH],-865.4273827770808,0,22,3,-19039.402421095776
libe-632621,C.O.[HH].[LiH],-865.794320818755,0,22,3,-19047.47505801261
libe-632634,C.O.[HH].[LiH],-865.7591535420314,0,22,3,-19046.70137792469
libe-632636,C.O.[HH].[LiH],-865.6974514952431,0,22,3,-19045.343932895346
libe-116324,C.O.[HH],-889.0304434233027,0,7,2,-6223.213103963119
libe-116325,C.O.[HH],-889.0301414964417,0,7,2,-6223.210990475092
libe-116327,C.O.[HH],-888.8796056158662,0,7,2,-6222.157239311064
libe-116328,C.O.[HH],-888.7822736203425,0,7,2,-6221.4759153423975
libe-116329,C.O.[HH],-888.8612470532138,0,7,2,-6222.028729372497
libe-116333,C.O.[HH],-889.2269661316732,0,7,2,-6224.588762921712
libe-116334,C.O.[HH],-888.9123508602986,0,7,2,-6222.38645602209
libe-116335,C.O.[HH],-889.1920774719256,0,7,2,-6224.344542303479
libe-116336,C.O.[HH],-888.6752377100195,0,7,2,-6220.7266639701365
libe-116341,C.O.[HH],-889.0381933458697,0,7,2,-6223.267353421088
libe-116345,C.O.[HH],-888.8079220706728,0,7,2,-6221.655454494709
libe-225805,C.O.[HH],-888.7276958992422,0,7,2,-6221.093871294695
libe-225809,C.O.[HH],-888.6805355685739,0,7,2,-6220.763748980017
libe-228077,C.O.[HH],-888.6797781884217,0,7,2,-6220.758447318952
libe-228079,C.O.[HH],-888.7047615146372,0,7,2,-6220.93333060246
libe-228090,C.O.[HH],-888.4773928574201,0,7,2,-6219.34175000194
libe-228103,C.O.[HH],-888.9751327715325,0,7,2,-6222.825929400728
libe-228108,C.O.[HH],-888.6240082916663,0,7,2,-6220.368058041664
libe-228116,C.O.[HH],-888.9207372933404,0,7,2,-6222.445161053382
libe-228135,C.O.[HH],-888.8968121662131,0,7,2,-6222.277685163492
libe-640726,C.O.[HH],-888.6624388312404,0,7,2,-6220.637071818683
libe-136230,C.F.O.[LiH],-1442.8134735008582,0,10,4,-14428.134735008582
libe-136614,C.F.O.[LiH],-1442.8699005743688,0,10,4,-14428.699005743689
libe-173806,C.F.O.[LiH],-1442.820346783344,0,10,4,-14428.203467833438
libe-173810,C.F.O.[LiH],-1442.8257244741367,0,10,4,-14428.257244741366
libe-136304,C.F.O.[HH],-1498.1026530770614,0,8,3,-11984.821224616491
libe-137022,C.F.O.[HH],-1497.9174768120138,0,8,3,-11983.33981449611
libe-137036,C.F.O.[HH],-1498.1269821057565,0,8,3,-11985.015856846052
libe-176253,C.F.O.[HH],-1498.1125740982927,0,8,3,-11984.900592786342
libe-176275,C.F.O.[HH],-1497.8832102681208,0,8,3,-11983.065682144967
libe-132026,C.O.[HH],-954.7908521579664,0,13,2,-12412.281078053562
libe-132060,C.O.[HH],-954.9144995893874,0,13,2,-12413.888494662036
libe-132070,C.O.[HH],-954.9306782999748,0,13,2,-12414.098817899672
libe-131994,C.O.[HH],-1202.5168677911745,0,12,2,-14430.202413494093
libe-131996,C.O.[HH],-1202.3268165376817,0,12,2,-14427.92179845218
libe-132000,C.O.[HH],-1202.3221246796177,0,12,2,-14427.865496155413
libe-132012,C.O.[HH],-1202.3417451246141,0,12,2,-14428.10094149537
libe-132040,C.O.[HH],-1202.3474132180247,0,12,2,-14428.168958616297
libe-132066,C.O.[HH],-1202.4336281041242,0,12,2,-14429.20353724949
libe-177902,C.O.[HH],-1202.5894790649832,0,12,2,-14431.073748779798
libe-121365,C.O.[LiH],-1458.6368165015583,0,10,3,-14586.368165015583
libe-141546,C.F.O.[HH].[LiH],-974.684780008702,0,20,4,-19493.69560017404
libe-141618,C.F.O.[HH].[LiH],-974.6887299431237,0,20,4,-19493.774598862474
libe-429919,C.F.O.[HH].[LiH],-974.6903673002707,0,20,4,-19493.807346005415
libe-464173,C.F.O.[HH].[LiH],-974.6168226009734,0,20,4,-19492.336452019466
libe-471510,C.F.O.[HH].[LiH],-974.6435016466792,0,20,4,-19492.870032933584
libe-136009,C.F.O.[HH].[LiH],-1267.5726814083528,0,8,4,-10140.581451266822
libe-136042,C.F.O.[HH].[LiH],-1267.4919824526069,0,8,4,-10139.935859620855
libe-136099,C.F.O.[HH].[LiH],-1267.3846599423202,0,8,4,-10139.077279538562
libe-136223,C.F.O.[HH].[LiH],-1267.5755420103756,0,8,4,-10140.604336083004
libe-136347,C.F.O.[HH].[LiH],-1267.5497167889953,0,8,4,-10140.397734311962
libe-136353,C.F.O.[HH].[LiH],-1267.5817474268565,0,8,4,-10140.653979414852
libe-136381,C.F.O.[HH].[LiH],-1267.6112991433142,0,8,4,-10140.890393146514
libe-137028,C.F.O.[HH].[LiH],-1267.629064464692,0,8,4,-10141.032515717536
libe-137123,C.F.O.[HH].[LiH],-1267.7540697316563,0,8,4,-10142.03255785325
libe-137157,C.F.O.[HH].[LiH],-1267.5106810004377,0,8,4,-10140.085448003501
libe-137242,C.F.O.[HH].[LiH],-1267.5402109729619,0,8,4,-10140.321687783695
libe-137244,C.F.O.[HH].[LiH],-1267.7212175398265,0,8,4,-10141.769740318612
libe-176547,C.F.O.[HH].[LiH],-1267.7206179348943,0,8,4,-10141.764943479155
libe-176584,C.F.O.[HH].[LiH],-1267.7857255297463,0,8,4,-10142.28580423797
libe-176600,C.F.O.[HH].[LiH],-1267.5724848740592,0,8,4,-10140.579878992474
libe-176608,C.F.O.[HH].[LiH],-1267.7410419345188,0,8,4,-10141.92833547615
libe-176635,C.F.O.[HH].[LiH],-1267.7054421240987,0,8,4,-10141.64353699279
libe-176704,C.F.O.[HH].[LiH],-1267.5169959988148,0,8,4,-10140.135967990518
libe-176768,C.F.O.[HH].[LiH],-1267.6961519941647,0,8,4,-10141.569215953317
libe-177011,C.F.O.[HH].[LiH],-1267.5993563903673,0,8,4,-10140.794851122939
libe-188016,C.F.O.[HH].[LiH],-1267.7154041356475,0,8,4,-10141.72323308518
libe-188049,C.F.O.[HH].[LiH],-1267.5418045756498,0,8,4,-10140.334436605199
libe-188061,C.F.O.[HH].[LiH],-1267.620298284688,0,8,4,-10140.962386277504
libe-188088,C.F.O.[HH].[LiH],-1267.7124211659068,0,8,4,-10141.699369327254
libe-188277,C.F.O.[HH].[LiH],-1267.7788583042015,0,8,4,-10142.230866433612
libe-188280,C.F.O.[HH].[LiH],-1267.5118605577916,0,8,4,-10140.094884462333
libe-188365,C.F.O.[HH].[LiH],-1267.5471697878063,0,8,4,-10140.37735830245
libe-188451,C.F.O.[HH].[LiH],-1267.7521380508358,0,8,4,-10142.017104406686
libe-188498,C.F.O.[HH].[LiH],-1267.6103405313322,0,8,4,-10140.882724250658
libe-188501,C.F.O.[HH].[LiH],-1267.977121659045,0,8,4,-10143.81697327236
libe-188907,C.F.O.[HH].[LiH],-1267.6470680766342,0,8,4,-10141.176544613074
libe-220184,C.F.O.[HH].[LiH],-1267.4922862502426,0,8,4,-10139.938290001941
libe-220193,C.F.O.[HH].[LiH],-1267.5826838125383,0,8,4,-10140.661470500307
libe-220477,C.F.O.[HH].[LiH],-1267.4859534225004,0,8,4,-10139.887627380003
libe-510557,C.O.P.[HH],-1950.147425923697,0,9,3,-17551.326833313273
libe-526813,C.O.P.[HH],-1950.0256406416136,0,9,3,-17550.230765774522
libe-527874,C.O.P.[HH],-1950.2460375095761,0,9,3,-17552.214337586185
libe-136402,C.F.O.[HH].[LiH],-1205.0731074394205,0,12,4,-14460.877289273047
libe-136444,C.F.O.[HH].[LiH],-1205.1381727431449,0,12,4,-14461.658072917739
libe-136619,C.F.O.[HH].[LiH],-1205.148642950902,0,12,4,-14461.783715410824
libe-136719,C.F.O.[HH].[LiH],-1205.250800358481,0,12,4,-14463.009604301771
libe-173822,C.F.O.[HH].[LiH],-1205.077489231096,0,12,4,-14460.929870773152
libe-173887,C.F.O.[HH].[LiH],-1205.2068519814627,0,12,4,-14462.482223777552
libe-199405,C.F.O.[HH].[LiH],-1205.1267565551311,0,12,4,-14461.521078661573
libe-119058,C.O.[HH].[LiH],-794.8419662634973,0,12,3,-9538.103595161967
libe-119059,C.O.[HH].[LiH],-794.776738335849,0,12,3,-9537.320860030188
libe-119116,C.O.[HH].[LiH],-794.770675331038,0,12,3,-9537.248103972455
libe-119148,C.O.[HH].[LiH],-795.0375006797312,0,12,3,-9540.450008156775
libe-121672,C.O.[HH].[LiH],-795.0741229512647,0,12,3,-9540.889475415177
libe-121676,C.O.[HH].[LiH],-794.9349659630834,0,12,3,-9539.219591557001
libe-183975,C.O.[HH].[LiH],-795.0637189434611,0,12,3,-9540.764627321534
libe-184135,C.O.[HH].[LiH],-794.7638139063537,0,12,3,-9537.165766876244
libe-184214,C.O.[HH].[LiH],-794.7684887581605,0,12,3,-9537.221865097927
libe-202503,C.O.[HH].[LiH],-794.8511221339289,0,12,3,-9538.213465607147
libe-631609,C.O.[HH].[LiH],-794.9144027726265,0,12,3,-9538.972833271519
libe-631625,C.O.[HH].[LiH],-794.942478340915,0,12,3,-9539.309740090981
libe-631637,C.O.[HH].[LiH],-794.8583869707078,0,12,3,-9538.300643648494
libe-631640,C.O.[HH].[LiH],-794.9123749003073,0,12,3,-9538.948498803687
libe-631641,C.O.[HH].[LiH],-794.7673218901791,0,12,3,-9537.20786268215
libe-631678,C.O.[HH].[LiH],-794.7756077762864,0,12,3,-9537.307293315436
libe-631770,C.O.[HH].[LiH],-795.066855416563,0,12,3,-9540.802264998756
libe-631771,C.O.[HH].[LiH],-795.0517977207454,0,12,3,-9540.621572648944
libe-634036,C.O.[HH].[LiH],-794.7567513999852,0,12,3,-9537.081016799822
libe-501835,C.O.S.[LiH],-4149.982185995795,0,7,4,-29049.875301970562
libe-115866,C.O,-1541.0951688460964,0,6,2,-9246.571013076578
libe-639104,C.O,-1541.178920252268,0,6,2,-9247.073521513608
libe-641263,C.O,-1541.092695905231,0,6,2,-9246.556175431386
libe-509543,C.F.O.P.[HH],-2024.5165311653057,0,9,4,-18220.64878048775
libe-510875,C.F.O.P.[HH],-2024.5419754369395,0,9,4,-18220.877778932456
libe-515748,C.F.O.P.[HH],-2024.6466877359703,0,9,4,-18221.820189623733
libe-516539,C.F.O.P.[HH],-2024.536052244903,0,9,4,-18220.824470204127
libe-518883,C.F.O.P.[HH],-2024.3784255171438,0,9,4,-18219.405829654293
libe-519728,C.F.O.P.[HH],-2024.5228837995285,0,9,4,-18220.705954195757
libe-520856,C.F.O.P.[HH],-2024.502055886674,0,9,4,-18220.518502980067
libe-521714,C.F.O.P.[HH],-2024.6805161096688,0,9,4,-18222.12464498702
libe-529312,C.F.O.P.[HH],-2024.5946827952039,0,9,4,-18221.352145156834
libe-536995,C.F.O.P.[HH],-2024.2670243736397,0,9,4,-18218.403219362757
libe-135779,C.F.O.[HH].[LiH],-934.5983859487691,0,10,4,-9345.983859487691
libe-135926,C.F.O.[HH].[LiH],-934.7986226535998,0,10,4,-9347.986226535997
libe-173556,C.F.O.[HH].[LiH],-934.6815603900055,0,10,4,-9346.815603900055
libe-640439,C.F.O.[HH].[LiH],-934.4759844204597,0,10,4,-9344.759844204596
libe-640674,C.F.O.[HH].[LiH],-934.5358819988654,0,10,4,-9345.358819988654
libe-640817,C.F.O.[HH].[LiH],-934.3102028032814,0,10,4,-9343.102028032814
libe-497686,C.N.O.S.[LiH],-2942.7514657858023,0,6,5,-17656.508794714813
libe-637722,C.N.O.S.[LiH],-2943.5120242399007,0,6,5,-17661.072145439404
libe-642994,C.N.O.S.[LiH],-2942.7814217695463,0,6,5,-17656.688530617277
libe-643083,C.N.O.S.[LiH],-2943.012651468442,0,6,5,-17658.075908810653
libe-137702,C.F.O.[HH],-998.304263092153,0,10,3,-9983.042630921529
libe-137858,C.F.O.[HH],-998.3330398259325,0,10,3,-9983.330398259324
libe-176675,C.F.O.[HH],-997.9691186362928,0,10,3,-9979.691186362928
libe-514445,C.F.O.[HH],-998.5369769498169,0,10,3,-9985.36976949817
libe-517291,C.O.P,-3293.115825851934,0,5,3,-16465.57912925967
libe-529149,C.O.P,-3292.700283877578,0,5,3,-16463.50141938789
libe-116838,C.O.[HH],-1034.0742960175166,0,6,2,-6204.4457761051
libe-116839,C.O.[HH],-1034.3477739755535,0,6,2,-6206.086643853321
libe-116841,C.O.[HH],-1034.3571963351567,0,6,2,-6206.143178010941
libe-116845,C.O.[HH],-1034.1230177961727,0,6,2,-6204.738106777036
libe-116848,C.O.[HH],-1034.4792713217214,0,6,2,-6206.875627930329
libe-137860,C.O.[HH].[LiH],-984.1198744959287,0,13,3,-12793.558368447073
libe-501264,C.F.N.S,-3584.971907259864,0,6,4,-21509.831443559186
libe-502233,C.F.N.O.S.[LiH],-3264.9290230031233,0,13,6,-42444.077299040604
libe-510491,C.F.O.P.[HH].[LiH],-2045.6872299481417,0,9,5,-18411.185069533276
libe-510997,C.F.O.P.[HH].[LiH],-2045.5582061574517,0,9,5,-18410.023855417065
libe-515000,C.F.O.P.[HH].[LiH],-2045.5557247293827,0,9,5,-18410.001522564446
libe-515338,C.F.O.P.[HH].[LiH],-2045.4671403865625,0,9,5,-18409.204263479063
libe-515433,C.F.O.P.[HH].[LiH],-2045.6929439469895,0,9,5,-18411.236495522906
libe-524686,C.F.O.P.[HH].[LiH],-2045.450868065234,0,9,5,-18409.057812587107
libe-516332,C.O.P.[HH],-1921.9987507654125,0,7,3,-13453.991255357887
libe-528935,C.O.P.[HH],-1922.233212361154,0,7,3,-13455.632486528079
libe-639975,C.O.P.[HH],-1922.0986054415098,0,7,3,-13454.690238090569
libe-640029,C.O.P.[HH],-1921.9406497162379,0,7,3,-13453.584548013665
libe-203175,C.F.O.[LiH],-1611.3088254241477,0,5,4,-8056.544127120738
libe-203190,C.F.O.[LiH],-1610.1324982386082,0,5,4,-8050.66249119304
libe-203220,C.F.O.[LiH],-1611.3768016051274,0,5,4,-8056.884008025637
libe-226092,C.F.O.[LiH],-1610.1798492912872,0,5,4,-8050.899246456435
libe-642970,C.F.O.[LiH],-1610.435063531197,0,5,4,-8052.175317655985
libe-121115,C.O.[HH].[LiH],-941.2687326454743,0,20,3,-18825.374652909486
libe-121116,C.O.[HH].[LiH],-941.272271844348,0,20,3,-18825.44543688696
libe-121117,C.O.[HH].[LiH],-941.2674918759512,0,20,3,-18825.349837519025
libe-121118,C.O.[HH].[LiH],-941.2011175559843,0,20,3,-18824.022351119685
libe-121120,C.O.[HH].[LiH],-941.1415810156698,0,20,3,-18822.831620313395
libe-121136,C.O.[HH].[LiH],-941.1650268448087,0,20,3,-18823.300536896175
libe-121138,C.O.[HH].[LiH],-941.2605060757385,0,20,3,-18825.21012151477
libe-121143,C.O.[HH].[LiH],-941.1651410739529,0,20,3,-18823.302821479057
libe-121149,C.O.[HH].[LiH],-941.2598382242617,0,20,3,-18825.196764485234
libe-121160,C.O.[HH].[LiH],-941.2589793089392,0,20,3,-18825.179586178783
libe-121537,C.O.[HH].[LiH],-941.1418624090041,0,20,3,-18822.837248180083
libe-132224,C.O.[HH].[LiH],-941.1779922579838,0,20,3,-18823.559845159674
libe-631916,C.O.[HH].[LiH],-941.178699116088,0,20,3,-18823.57398232176
libe-510541,C.F.O.P.[LiH],-2625.2840709072516,0,7,5,-18376.98849635076
libe-521818,C.F.O.P.[HH],-2742.805553053665,0,7,4,-19199.638871375653
libe-527076,C.O.P,-2572.855657039683,0,8,3,-20582.845256317465
libe-514741,C.F.O.P.[HH],-1997.4764546907538,0,11,4,-21972.241001598293
libe-528362,C.F.O.P.[HH],-1997.7386977138165,0,11,4,-21975.12567485198
libe-497628,C.N.O.S.[LiH],-3121.493555893277,0,5,5,-15607.467779466386
libe-640657,C.N.O.S.[LiH],-3121.555620853121,0,5,5,-15607.778104265606
libe-120141,C.O.[HH].[LiH],-671.7728012889875,0,13,3,-8733.046416756837
libe-120142,C.O.[HH].[LiH],-671.6828783925217,0,13,3,-8731.877419102782
libe-120143,C.O.[HH].[LiH],-671.6153037041406,0,13,3,-8730.998948153829
libe-120144,C.O.[HH].[LiH],-671.7293848611923,0,13,3,-8732.4820031955
libe-120145,C.O.[HH].[LiH],-671.6515515747475,0,13,3,-8731.470170471717
libe-120147,C.O.[HH].[LiH],-671.76042992811,0,13,3,-8732.88558906543
libe-120149,C.O.[HH].[LiH],-671.6551982313703,0,13,3,-8731.517577007813
libe-137938,C.F.O.[HH].[LiH],-1177.371498298197,0,13,4,-15305.82947787656
libe-137941,C.F.O.[HH].[LiH],-1177.3615131432625,0,13,4,-15305.699670862414
libe-138052,C.F.O.[HH].[LiH],-1177.3859448330081,0,13,4,-15306.017282829105
libe-138069,C.F.O.[HH].[LiH],-1177.3712811567862,0,13,4,-15305.826655038221
libe-520505,C.F.O.P.[HH],-2160.9182771527335,0,10,4,-21609.182771527336
libe-524828,C.F.O.P.[HH],-2160.9262096045536,0,10,4,-21609.262096045535
libe-117876,C.O.[LiH],-1301.2251135493489,0,9,3,-11711.02602194414
libe-121235,C.O.[LiH],-1301.2922262238098,0,9,3,-11711.630036014289
libe-527224,C.O.P.[HH],-2886.8472358317513,0,5,3,-14434.236179158755
libe-639550,C.O.P.[HH],-2886.6259574807495,0,5,3,-14433.129787403748
libe-137138,C.F.O.[HH].[LiH],-1240.946538314519,0,9,4,-11168.518844830673
libe-137359,C.F.O.[HH].[LiH],-1240.9908310138924,0,9,4,-11168.917479125032
libe-141533,C.F.O.[HH].[LiH],-938.1150898098617,0,21,4,-19700.416886007097
libe-141655,C.F.O.[HH].[LiH],-938.1247622953297,0,21,4,-19700.620008201924
libe-388465,C.F.O.[HH].[LiH],-938.1169311245054,0,21,4,-19700.455553614614
libe-432875,C.F.O.[HH].[LiH],-938.1273744223012,0,21,4,-19700.674862868324
libe-118078,C.O.[HH].[LiH],-813.6128975076667,0,13,3,-10576.967667599667
libe-118080,C.O.[HH].[LiH],-813.6040217882178,0,13,3,-10576.852283246832
libe-174968,C.O.[HH].[LiH],-813.2294277071762,0,13,3,-10571.982560193292
libe-174969,C.O.[HH].[LiH],-813.417610548803,0,13,3,-10574.42893713444
libe-174973,C.O.[HH].[LiH],-813.453125288162,0,13,3,-10574.890628746107
libe-174992,C.O.[HH].[LiH],-813.2440235105356,0,13,3,-10572.172305636963
libe-174997,C.O.[HH].[LiH],-813.403201046963,0,13,3,-10574.241613610518
libe-175003,C.O.[HH].[LiH],-813.2736050357546,0,13,3,-10572.55686546481
libe-175026,C.O.[HH].[LiH],-813.2251154186932,0,13,3,-10571.926500443013
libe-175071,C.O.[HH].[LiH],-813.2005182050143,0,13,3,-10571.606736665186
libe-175137,C.O.[HH].[LiH],-813.3875570006877,0,13,3,-10574.03824100894
libe-175332,C.O.[HH].[LiH],-813.4108720716687,0,13,3,-10574.341336931693
libe-175352,C.O.[HH].[LiH],-813.4295938487132,0,13,3,-10574.584720033272
libe-182316,C.O.[HH].[LiH],-813.3749698719931,0,13,3,-10573.874608335911
libe-182387,C.O.[HH].[LiH],-813.3819588166836,0,13,3,-10573.965464616886
libe-182399,C.O.[HH].[LiH],-813.11296196327,0,13,3,-10570.468505522509
libe-182413,C.O.[HH].[LiH],-813.1428502873508,0,13,3,-10570.85705373556
libe-182475,C.O.[HH].[LiH],-813.3375158270208,0,13,3,-10573.38770575127
libe-182478,C.O.[HH].[LiH],-813.1867185343242,0,13,3,-10571.427340946215
libe-182479,C.O.[HH].[LiH],-813.357892988155,0,13,3,-10573.652608846014
libe-182511,C.O.[HH].[LiH],-813.3336530297606,0,13,3,-10573.337489386888
libe-182533,C.O.[HH].[LiH],-813.3658170365287,0,13,3,-10573.755621474873
libe-182636,C.O.[HH].[LiH],-813.1385579782741,0,13,3,-10570.801253717564
libe-182659,C.O.[HH].[LiH],-813.1487674819028,0,13,3,-10570.933977264736
libe-182770,C.O.[HH].[LiH],-813.18718683941,0,13,3,-10571.433428912329
libe-183476,C.O.[HH].[LiH],-813.1348359792638,0,13,3,-10570.752867730429
libe-183559,C.O.[HH].[LiH],-813.429780870155,0,13,3,-10574.587151312015
libe-183687,C.O.[HH].[LiH],-813.4352484155547,0,13,3,-10574.658229402212
libe-184665,C.O.[HH].[LiH],-813.3930029252923,0,13,3,-10574.1090380288
libe-187110,C.O.[HH].[LiH],-813.3896337548499,0,13,3,-10574.06523881305
libe-188209,C.O.[HH].[LiH],-813.3602819060083,0,13,3,-10573.683664778107
libe-192442,C.O.[HH].[LiH],-813.4744713859234,0,13,3,-10575.168128017003
libe-193747,C.O.[HH].[LiH],-813.4023689356857,0,13,3,-10574.230796163914
libe-220809,C.O.[HH].[LiH],-813.3743432764082,0,13,3,-10573.866462593307
libe-121739,C.O.[HH].[LiH],-1046.6073869606928,0,14,3,-14652.5034174497
libe-121747,C.O.[HH].[LiH],-1046.619945976448,0,14,3,-14652.67924367027
libe-121776,C.O.[HH].[LiH],-1046.7289880588016,0,14,3,-14654.205832823221
libe-631260,C.O.[HH].[LiH],-1046.7101376244261,0,14,3,-14653.941926741967
libe-118607,C.O.[HH].[LiH],-802.6687964133895,0,8,3,-6421.350371307116
libe-118618,C.O.[HH].[LiH],-802.5503691962983,0,8,3,-6420.402953570387
libe-118621,C.O.[HH].[LiH],-802.8151085239593,0,8,3,-6422.520868191675
libe-118623,C.O.[HH].[LiH],-802.8400499195167,0,8,3,-6422.720399356133
libe-119693,C.O.[HH].[LiH],-802.414767139263,0,8,3,-6419.318137114104
libe-636797,C.O.[HH].[LiH],-802.6511998282762,0,8,3,-6421.209598626209
libe-120375,C.O.[HH].[LiH],-802.758903659548,0,8,3,-6422.071229276384
libe-120379,C.O.[HH].[LiH],-802.5234363722707,0,8,3,-6420.187490978165
libe-137012,C.O.[HH].[LiH],-802.1495033547785,0,8,3,-6417.196026838228
libe-207941,C.O.[HH].[LiH],-802.7302802821537,0,8,3,-6421.842242257229
libe-207950,C.O.[HH].[LiH],-802.7267613289057,0,8,3,-6421.814090631246
libe-207971,C.O.[HH].[LiH],-802.7947792204636,0,8,3,-6422.358233763709
libe-636810,C.O.[HH].[LiH],-802.0798839858675,0,8,3,-6416.63907188694
libe-208215,C.O.[HH].[LiH],-802.4677299094944,0,8,3,-6419.7418392759555
libe-208330,C.O.[HH].[LiH],-802.7282581485473,0,8,3,-6421.826065188378
libe-208397,C.O.[HH].[LiH],-802.1205008206093,0,8,3,-6416.964006564875
libe-208477,C.O.[HH].[LiH],-802.3011320267367,0,8,3,-6418.409056213894
libe-209291,C.O.[HH].[LiH],-802.3009777066867,0,8,3,-6418.407821653494
libe-211266,C.O.[HH].[LiH],-802.7337089409835,0,8,3,-6421.869671527868
libe-521188,C.O.[HH].[LiH],-802.5586745806285,0,8,3,-6420.469396645028
libe-225934,C.O.[HH].[LiH],-802.5019678955601,0,8,3,-6420.015743164481
libe-225938,C.O.[HH].[LiH],-802.4729996260386,0,8,3,-6419.783997008309
libe-225954,C.O.[HH].[LiH],-802.4887812453177,0,8,3,-6419.9102499625415
libe-225975,C.O.[HH].[LiH],-802.3699629871704,0,8,3,-6418.959703897363
libe-226035,C.O.[HH].[LiH],-802.1079561153047,0,8,3,-6416.863648922437
libe-226101,C.O.[HH].[LiH],-802.4681576025807,0,8,3,-6419.745260820646
libe-642893,C.O.[HH].[LiH],-802.0537731182949,0,8,3,-6416.430184946359
libe-642914,C.O.[HH].[LiH],-802.3542100993914,0,8,3,-6418.833680795131
libe-642929,C.O.[HH].[LiH],-802.382470134078,0,8,3,-6419.059761072624
libe-642974,C.O.[HH].[LiH],-802.2821057933436,0,8,3,-6418.256846346749
libe-643020,C.O.[HH].[LiH],-802.3807473308649,0,8,3,-6419.045978646919
libe-643026,C.O.[HH].[LiH],-802.4321738933946,0,8,3,-6419.457391147157
libe-643034,C.O.[HH].[LiH],-802.4304459459108,0,8,3,-6419.443567567287
libe-643056,C.O.[HH].[LiH],-802.4253987244314,0,8,3,-6419.403189795451
libe-140767,C.F.O.[HH].[LiH],-1003.7397565202938,0,17,4,-17063.575860844994
libe-140826,C.F.O.[HH].[LiH],-1003.7232209897188,0,17,4,-17063.29475682522
libe-140845,C.F.O.[HH].[LiH],-1003.7430153120004,0,17,4,-17063.631260304006
libe-140919,C.F.O.[HH].[LiH],-1003.5312567333291,0,17,4,-17060.031364466595
libe-141100,C.F.O.[HH].[LiH],-1003.7144858625759,0,17,4,-17063.14625966379
libe-141280,C.F.O.[HH].[LiH],-1003.5196783505921,0,17,4,-17059.834531960067
libe-141494,C.F.O.[HH].[LiH],-1003.7167938783489,0,17,4,-17063.18549593193
libe-141623,C.F.O.[HH].[LiH],-1003.7008010832916,0,17,4,-17062.913618415958
libe-137226,C.O.[LiH],-1274.3937723530548,0,10,3,-12743.937723530547
libe-501633,C.F.N.O.S.[LiH],-3456.570990232087,0,11,6,-38022.28089255295
libe-137456,C.F.O.[HH],-862.6269409732693,0,8,3,-6901.015527786154
libe-137579,C.F.O.[HH],-862.6769251694994,0,8,3,-6901.4154013559955
libe-176105,C.F.O.[HH],-862.2297639857925,0,8,3,-6897.83811188634
libe-514554,C.F.O.[HH],-862.6178188586327,0,8,3,-6900.942550869062
libe-520611,C.F.O.P.[HH],-2094.174792162267,0,10,4,-20941.747921622667
libe-524603,C.F.O.P.[HH],-2093.995904784712,0,10,4,-20939.95904784712
libe-536304,C.F.O.P.[HH],-2093.885850430736,0,10,4,-20938.858504307358
libe-536345,C.F.O.P.[HH],-2093.9879756717796,0,10,4,-20939.879756717797
libe-120187,C.O.[HH],-1032.993044978089,0,9,2,-9296.937404802802
libe-120190,C.O.[HH],-1033.1581553489125,0,9,2,-9298.423398140212
libe-120191,C.O.[HH],-1033.218487142756,0,9,2,-9298.966384284804
libe-120193,C.O.[HH],-1032.8872683742188,0,9,2,-9295.98541536797
libe-120197,C.O.[HH],-1032.9163452638466,0,9,2,-9296.247107374618
libe-120201,C.O.[HH],-1033.0777555252969,0,9,2,-9297.699799727672
libe-120203,C.O.[HH],-1033.1675173604476,0,9,2,-9298.507656244028
libe-132368,C.O.[HH],-1032.7047344950413,0,9,2,-9294.342610455371
libe-120205,C.O.[HH],-1032.9224706228702,0,9,2,-9296.302235605832
libe-120213,C.O.[HH],-1033.1792642333007,0,9,2,-9298.613378099706
libe-120225,C.O.[HH],-1033.0676518248692,0,9,2,-9297.608866423823
libe-120228,C.O.[HH],-1032.9593201752782,0,9,2,-9296.633881577503
libe-120805,C.O.[HH],-1033.3000496507566,0,9,2,-9299.700446856808
libe-184417,C.O.[HH],-1033.06240575851,0,9,2,-9297.56165182659
libe-116255,C.[HH],-831.2275725268944,0,5,1,-4156.137862634472
libe-116259,C.[HH],-831.4350282509807,0,5,1,-4157.175141254904
libe-136340,C.F.O.[HH].[LiH],-1036.5032760579359,0,9,4,-9328.529484521423
libe-136530,C.F.O.[HH].[LiH],-1036.7810715600067,0,9,4,-9331.02964404006
libe-137841,C.F.O.[HH].[LiH],-1036.5801423998407,0,9,4,-9329.221281598566
libe-137963,C.F.O.[HH].[LiH],-1036.794418467426,0,9,4,-9331.149766206834
libe-173481,C.F.O.[HH].[LiH],-1036.5389613335506,0,9,4,-9328.850652001955
libe-211930,C.F.O.[HH].[LiH],-1036.7027989975556,0,9,4,-9330.325190978001
libe-212025,C.F.O.[HH].[LiH],-1036.8377895430895,0,9,4,-9331.540105887805
libe-522012,C.F.O.P.[HH],-1607.1023430430835,0,12,4,-19285.228116517002
libe-118578,C.O.[HH].[LiH],-1064.7736016006363,0,6,3,-6388.641609603817
libe-118579,C.O.[HH].[LiH],-1064.6949956021913,0,6,3,-6388.169973613148
libe-119402,C.O.[HH].[LiH],-1064.7272764423599,0,6,3,-6388.363658654159
libe-119409,C.O.[HH].[LiH],-1064.453866255963,0,6,3,-6386.723197535778
libe-119410,C.O.[HH].[LiH],-1063.9447143250097,0,6,3,-6383.668285950058
libe-119418,C.O.[HH].[LiH],-1064.7097991399085,0,6,3,-6388.25879483945
libe-119430,C.O.[HH].[LiH],-1064.8621043348983,0,6,3,-6389.17262600939
libe-136920,C.O.[HH].[LiH],-1064.7662845853408,0,6,3,-6388.597707512045
libe-136929,C.O.[HH].[LiH],-1064.294700464028,0,6,3,-6385.768202784167
libe-136939,C.O.[HH].[LiH],-1064.1691423717741,0,6,3,-6385.014854230644
libe-200541,C.O.[HH].[LiH],-1064.467706219784,0,6,3,-6386.806237318704
libe-200572,C.O.[HH].[LiH],-1064.6839384684943,0,6,3,-6388.103630810966
libe-200690,C.O.[HH].[LiH],-1064.417757681763,0,6,3,-6386.506546090579
libe-200836,C.O.[HH].[LiH],-1064.7911348324271,0,6,3,-6388.746808994563
libe-201334,C.O.[HH].[LiH],-1064.7563559264313,0,6,3,-6388.538135558588
libe-225614,C.O.[HH].[LiH],-1064.8137568050372,0,6,3,-6388.882540830224
libe-225644,C.O.[HH].[LiH],-1064.4844349307762,0,6,3,-6386.9066095846565
libe-225673,C.O.[HH].[LiH],-1064.2838293820441,0,6,3,-6385.702976292265
libe-225691,C.O.[HH].[LiH],-1064.4492357547454,0,6,3,-6386.695414528473
libe-225695,C.O.[HH].[LiH],-1064.5261054049558,0,6,3,-6387.156632429735
libe-225707,C.O.[HH].[LiH],-1064.508777470849,0,6,3,-6387.052664825094
libe-225826,C.O.[HH].[LiH],-1064.1995768564348,0,6,3,-6385.197461138609
libe-227994,C.O.[HH].[LiH],-1064.046467618737,0,6,3,-6384.278805712423
libe-228033,C.O.[HH].[LiH],-1064.7606969582773,0,6,3,-6388.564181749664
libe-639567,C.O.[HH].[LiH],-1064.1514173437788,0,6,3,-6384.908504062672
libe-639578,C.O.[HH].[LiH],-1064.7093850621532,0,6,3,-6388.256310372919
libe-121300,C.O.[HH],-1439.5397238009145,0,10,2,-14395.397238009145
libe-509576,C.F.O.P.[HH],-2324.8097772591445,0,9,4,-20923.2879953323
libe-514685,C.F.O.P.[HH],-2324.494096518159,0,9,4,-20920.44686866343
libe-515585,C.F.O.P.[HH],-2324.484537210544,0,9,4,-20920.3608348949
libe-516339,C.F.O.P.[HH],-2324.6369026857246,0,9,4,-20921.73212417152
libe-517542,C.F.O.P.[HH],-2324.46540977808,0,9,4,-20920.18868800272
libe-517677,C.F.O.P.[HH],-2324.8021867052253,0,9,4,-20923.21968034703
libe-521014,C.F.O.P.[HH],-2324.565345266158,0,9,4,-20921.088107395422
libe-521059,C.F.O.P.[HH],-2324.5923581627108,0,9,4,-20921.331223464396
libe-522704,C.F.O.P.[HH],-2324.421852079554,0,9,4,-20919.796668715986
libe-524741,C.F.O.P.[HH],-2324.823864639093,0,9,4,-20923.414781751835
libe-524942,C.F.O.P.[HH],-2324.7247910990595,0,9,4,-20922.523119891535
libe-527806,C.F.O.P.[HH],-2324.8093520402876,0,9,4,-20923.28416836259
libe-501581,C.F.O.S.[LiH],-3147.5343644867457,0,6,5,-18885.206186920474
libe-501601,C.F.O.S.[LiH],-3147.7079007405578,0,6,5,-18886.247404443347
libe-515200,C.F.O.P.[HH],-2696.898860067592,0,8,4,-21575.190880540737
libe-525723,C.F.O.P.[HH],-2696.9191680735216,0,8,4,-21575.353344588173
libe-527407,C.F.O.P.[HH],-2696.6804800930404,0,8,4,-21573.443840744323
libe-501928,C.F.N.S,-4657.01239213601,0,6,4,-27942.07435281606
libe-141429,C.F.O.[HH].[LiH],-855.2603552813389,0,18,4,-15394.6863950641
libe-141580,C.F.O.[HH].[LiH],-855.2602243983339,0,18,4,-15394.68403917001
libe-141593,C.F.O.[HH].[LiH],-855.2730392545794,0,18,4,-15394.914706582429
libe-141649,C.F.O.[HH].[LiH],-855.2626094587582,0,18,4,-15394.726970257649
libe-525854,C.F.O.P.[HH],-1525.0542404882524,0,14,4,-21350.759366835533
libe-528142,C.F.O.P.[HH],-1525.2603719911626,0,14,4,-21353.645207876278
libe-501359,C.F.N.O.S.[LiH],-2867.814697679157,0,9,6,-25810.332279112412
libe-502090,C.F.N.O.S.[LiH],-3657.0259451851985,0,9,6,-32913.23350666679
libe-502310,C.F.N.O.S.[LiH],-3657.1864618941418,0,9,6,-32914.678157047274
libe-516478,C.F.O.P.[HH],-2427.888903130038,0,11,4,-26706.777934430418
libe-528108,C.F.O.P.[HH],-2427.7868442951617,0,11,4,-26705.655287246776
libe-529114,C.F.O.P.[HH],-2427.7931611387753,0,11,4,-26705.72477252653
libe-542204,C.F.O.P.[HH],-2427.8954675017553,0,11,4,-26706.850142519306
libe-121678,C.O.[LiH],-1477.0135858542126,0,10,3,-14770.135858542126
libe-631738,C.O.[LiH],-1476.8762828435047,0,10,3,-14768.762828435047
libe-631750,C.O.[LiH],-1477.061069689715,0,10,3,-14770.610696897149
libe-631760,C.O.[LiH],-1477.0387952139356,0,10,3,-14770.387952139356
libe-631761,C.O.[LiH],-1477.0071245095685,0,10,3,-14770.071245095685
libe-135891,C.F.O.[HH],-1314.8590096162895,0,6,3,-7889.154057697737
libe-226451,C.F.O.[HH],-1314.521024560738,0,6,3,-7887.126147364428
libe-226474,C.F.O.[HH],-1314.4130927656288,0,6,3,-7886.478556593773
libe-528306,C.F.O.P.[HH],-1484.8937372337039,0,13,4,-19303.61858403815
libe-140733,C.F.O.[HH],-911.0444281562134,0,14,3,-12754.621994186988
libe-141032,C.F.O.[HH],-911.4382246486472,0,14,3,-12760.13514508106
libe-135946,C.F.O.[HH].[LiH],-1099.167284079834,0,13,4,-14289.174693037841
libe-135948,C.F.O.[HH].[LiH],-1099.1588499328113,0,13,4,-14289.065049126548
libe-173571,C.F.O.[HH].[LiH],-1098.8860149954976,0,13,4,-14285.518194941467
libe-510584,C.F.O.[HH],-790.8194438939094,0,14,3,-11071.472214514732
libe-520740,C.F.O.[HH],-790.615254994426,0,14,3,-11068.613569921963
libe-501777,C.N.O.S,-4332.722188420967,0,7,4,-30329.055318946765
libe-520689,C.F.O.P.[HH],-2367.160542919599,0,11,4,-26038.765972115587
libe-527360,C.F.O.P.[HH],-2367.01285086709,0,11,4,-26037.141359537993
libe-117164,C.O.[HH],-479.0249931026311,0,11,2,-5269.274924128942
libe-511051,C.F.O.P.[HH],-2121.5290036301867,0,11,4,-23336.819039932052
libe-514754,C.F.O.P.[HH],-2121.355527519528,0,11,4,-23334.91080271481
libe-524982,C.F.O.P.[HH],-2121.6069271621277,0,11,4,-23337.676198783407
libe-528767,C.F.O.P.[HH],-2121.347197764963,0,11,4,-23334.819175414592
libe-173732,C.F.O.[LiH],-1488.1642557454113,0,9,4,-13393.478301708701
libe-524573,C.F.O.P,-2601.978016052484,0,10,4,-26019.78016052484
libe-525844,C.F.O.P,-2601.900944570659,0,10,4,-26019.009445706586
libe-121090,C.O.[HH].[LiH],-756.5836723796208,0,14,3,-10592.17141331469
libe-175047,C.O.[HH].[LiH],-756.3429722491965,0,14,3,-10588.80161148875
libe-175132,C.O.[HH].[LiH],-756.4368416610262,0,14,3,-10590.115783254367
libe-175134,C.O.[HH].[LiH],-756.4422693225997,0,14,3,-10590.191770516396
libe-175155,C.O.[HH].[LiH],-756.3330552829788,0,14,3,-10588.662773961703
libe-175163,C.O.[HH].[LiH],-756.4132640147091,0,14,3,-10589.785696205927
libe-175198,C.O.[HH].[LiH],-756.4241786919671,0,14,3,-10589.938501687539
libe-175219,C.O.[HH].[LiH],-756.4460311820391,0,14,3,-10590.244436548546
libe-175234,C.O.[HH].[LiH],-756.2924175856441,0,14,3,-10588.093846199017
libe-175274,C.O.[HH].[LiH],-756.5309773510735,0,14,3,-10591.433682915029
libe-184198,C.O.[HH].[LiH],-756.3362234762166,0,14,3,-10588.707128667033
libe-184263,C.O.[HH].[LiH],-756.3639494495472,0,14,3,-10589.095292293661
libe-184360,C.O.[HH].[LiH],-756.3634196159518,0,14,3,-10589.087874623325
libe-184391,C.O.[HH].[LiH],-756.343289581888,0,14,3,-10588.806054146433
libe-184435,C.O.[HH].[LiH],-756.3693165621515,0,14,3,-10589.170431870121
libe-184480,C.O.[HH].[LiH],-756.3398590978429,0,14,3,-10588.7580273698
libe-184716,C.O.[HH].[LiH],-756.3597065355891,0,14,3,-10589.035891498248
libe-186109,C.O.[HH].[LiH],-756.3813976132923,0,14,3,-10589.339566586092
libe-186250,C.O.[HH].[LiH],-756.3266014162775,0,14,3,-10588.572419827886
libe-193692,C.O.[HH].[LiH],-756.4960515800403,0,14,3,-10590.944722120565
libe-193750,C.O.[HH].[LiH],-756.4862095269527,0,14,3,-10590.806933377338
libe-631224,C.O.[HH].[LiH],-756.4729425414406,0,14,3,-10590.621195580168
libe-631229,C.O.[HH].[LiH],-756.31433590934,0,14,3,-10588.40070273076
libe-631768,C.O.[HH].[LiH],-756.5744080451353,0,14,3,-10592.041712631895
libe-632019,C.O.[HH].[LiH],-756.5591682100686,0,14,3,-10591.82835494096
libe-502097,C.N.O.S.[LiH],-3690.6043116241585,0,8,5,-29524.83449299327
libe-502214,C.N.O.S.[LiH],-3690.592738877971,0,8,5,-29524.741911023768
libe-116045,C.O.[HH],-830.5373659261953,0,5,2,-4152.686829630977
libe-116072,C.O.[HH],-830.231185752101,0,5,2,-4151.155928760505
libe-116053,C.O.[HH],-830.0194808690873,0,5,2,-4150.097404345436
libe-205273,C.O.[HH],-829.8876058915139,0,5,2,-4149.438029457569
libe-515756,C.O.[HH],-829.3249726397338,0,5,2,-4146.624863198669
libe-224674,C.O.[HH],-829.5186108298496,0,5,2,-4147.593054149248
libe-224681,C.O.[HH],-830.0996237386241,0,5,2,-4150.498118693121
libe-639971,C.O.[HH],-829.1600851801513,0,5,2,-4145.800425900757
libe-640157,C.O.[HH],-829.9219066705903,0,5,2,-4149.609533352951
libe-119156,C.O.[HH].[LiH],-953.6202080511248,0,8,3,-7628.961664408998
libe-119174,C.O.[HH].[LiH],-953.8324567373221,0,8,3,-7630.659653898577
libe-119178,C.O.[HH].[LiH],-953.7502630431001,0,8,3,-7630.0021043448005
libe-121124,C.O.[HH].[LiH],-953.5756577869256,0,8,3,-7628.605262295405
libe-121941,C.O.[HH].[LiH],-897.1709806563115,0,21,3,-18840.59059378254
libe-121944,C.O.[HH].[LiH],-897.1715178082472,0,21,3,-18840.60187397319
libe-121945,C.O.[HH].[LiH],-897.1755470633785,0,21,3,-18840.68648833095
libe-121946,C.O.[HH].[LiH],-897.171491396247,0,21,3,-18840.601319321187
libe-121948,C.O.[HH].[LiH],-897.1505438145567,0,21,3,-18840.16142010569
libe-631441,C.O.[HH].[LiH],-897.0551188089753,0,21,3,-18838.15749498848
libe-632044,C.O.[HH].[LiH],-897.0378558144347,0,21,3,-18837.79497210313
libe-632097,C.O.[HH].[LiH],-897.0548222977433,0,21,3,-18838.151268252608
libe-632274,C.O.[HH].[LiH],-897.1077719601374,0,21,3,-18839.263211162885
libe-632376,C.O.[HH].[LiH],-897.025812859275,0,21,3,-18837.542070044776
libe-632535,C.O.[HH].[LiH],-897.1018190470528,0,21,3,-18839.13819998811
libe-632593,C.O.[HH].[LiH],-897.0442773525511,0,21,3,-18837.929824403574
libe-634041,C.O.[HH].[LiH],-897.1112523574159,0,21,3,-18839.336299505732
libe-117211,C.O.[LiH],-1206.4302240232566,0,7,3,-8445.011568162796
libe-511282,C.F.O.P.[HH],-2141.853888648477,0,12,4,-25702.246663781723
libe-515551,C.F.O.P.[HH],-2142.098947023566,0,12,4,-25705.18736428279
libe-524422,C.F.O.P.[HH],-2142.1233360684055,0,12,4,-25705.480032820866
libe-501331,C.F.N.O.S,-4298.9853247108695,0,8,5,-34391.882597686956
libe-115803,C.[HH].[LiH],-334.54742744199154,0,7,2,-2341.8319920939407
libe-400810,C.F.O.[HH].[LiH],-1025.7683715077733,0,21,4,-21541.13580166324
libe-404272,C.F.O.[HH].[LiH],-1025.769705558939,0,21,4,-21541.163816737717
libe-140805,C.F.O.[HH],-1111.9526580591357,0,17,3,-18903.19518700531
libe-140902,C.F.O.[HH],-1111.923896336387,0,17,3,-18902.70623771858
libe-141171,C.F.O.[HH],-1111.8926114447654,0,17,3,-18902.17439456101
libe-141526,C.F.O.[HH],-1111.9342698265332,0,17,3,-18902.882587051063
libe-514719,C.F.O.P,-2737.869665312839,0,9,4,-24640.82698781555
libe-526019,C.F.O.P.[HH],-1925.5793153953605,0,10,4,-19255.793153953604
libe-116551,C.O.[HH],-695.0980942074366,0,9,2,-6255.882847866929
libe-116553,C.O.[HH],-695.2454963129105,0,9,2,-6257.209466816194
libe-116554,C.O.[HH],-694.9763074379333,0,9,2,-6254.7867669414
libe-116557,C.O.[HH],-694.9889582227702,0,9,2,-6254.900624004931
libe-116558,C.O.[HH],-695.1936007203971,0,9,2,-6256.742406483573
libe-116559,C.O.[HH],-695.1953986987975,0,9,2,-6256.758588289177
libe-116563,C.O.[HH],-695.2802330018111,0,9,2,-6257.5220970163
libe-116564,C.O.[HH],-694.7986798917512,0,9,2,-6253.188119025761
libe-116565,C.O.[HH],-695.0802541284353,0,9,2,-6255.722287155918
libe-116566,C.O.[HH],-694.9551701002185,0,9,2,-6254.596530901967
libe-116568,C.O.[HH],-695.1288135087921,0,9,2,-6256.159321579129
libe-116569,C.O.[HH],-695.1264979307969,0,9,2,-6256.138481377172
libe-116570,C.O.[HH],-695.0144168044034,0,9,2,-6255.12975123963
libe-116571,C.O.[HH],-695.3076359585168,0,9,2,-6257.768723626651
libe-116572,C.O.[HH],-695.0211143893615,0,9,2,-6255.190029504253
libe-116584,C.O.[HH],-695.0422690155906,0,9,2,-6255.380421140315
libe-116585,C.O.[HH],-695.2243566429136,0,9,2,-6257.019209786222
libe-116591,C.O.[HH],-695.277698625092,0,9,2,-6257.4992876258275
libe-116593,C.O.[HH],-695.3522502673902,0,9,2,-6258.170252406512
libe-116601,C.O.[HH],-695.0101750868882,0,9,2,-6255.091575781994
libe-116614,C.O.[HH],-695.0720927525331,0,9,2,-6255.648834772798
libe-121557,C.O.[HH],-695.0224780786991,0,9,2,-6255.202302708292
libe-226203,C.O.[HH],-694.8884928243574,0,9,2,-6253.996435419217
libe-226216,C.O.[HH],-694.9814557319406,0,9,2,-6254.8331015874655
libe-226219,C.O.[HH],-694.9800393773847,0,9,2,-6254.820354396463
libe-226220,C.O.[HH],-694.805031521599,0,9,2,-6253.24528369439
libe-226222,C.O.[HH],-695.0425507734185,0,9,2,-6255.382956960766
libe-226230,C.O.[HH],-695.0783384790388,0,9,2,-6255.70504631135
libe-226231,C.O.[HH],-694.8162556026114,0,9,2,-6253.346300423503
libe-226234,C.O.[HH],-694.9217398207403,0,9,2,-6254.295658386663
libe-226238,C.O.[HH],-694.9563732201585,0,9,2,-6254.607358981427
libe-226240,C.O.[HH],-694.9396841934899,0,9,2,-6254.45715774141
libe-226246,C.O.[HH],-694.9360477440675,0,9,2,-6254.424429696608
libe-226249,C.O.[HH],-694.8910011306419,0,9,2,-6254.019010175777
libe-226250,C.O.[HH],-694.9173662943458,0,9,2,-6254.256296649112
libe-226255,C.O.[HH],-694.8403220985109,0,9,2,-6253.562898886598
libe-226257,C.O.[HH],-694.9738760772751,0,9,2,-6254.764884695476
libe-226258,C.O.[HH],-695.0794050646216,0,9,2,-6255.714645581595
libe-226259,C.O.[HH],-695.0189571524202,0,9,2,-6255.170614371781
libe-226267,C.O.[HH],-695.1764257613557,0,9,2,-6256.587831852202
libe-226273,C.O.[HH],-695.0652820398486,0,9,2,-6255.587538358638
libe-226277,C.O.[HH],-694.8592258962801,0,9,2,-6253.733033066521
libe-226281,C.O.[HH],-694.7977803885174,0,9,2,-6253.180023496657
libe-226576,C.O.[HH],-694.8390672090711,0,9,2,-6253.55160488164
libe-119363,C.O.[LiH],-1081.4350811537502,0,8,3,-8651.480649230001
libe-641158,C.O.[LiH],-1081.0041922779917,0,8,3,-8648.033538223934
libe-119899,C.O.[HH],-559.0419582889041,0,15,2,-8385.629374333561
libe-119902,C.O.[HH],-559.034842603342,0,15,2,-8385.52263905013
libe-119903,C.O.[HH],-559.0545095549824,0,15,2,-8385.817643324735
libe-135929,C.F.O.[LiH],-1446.125366850636,0,7,4,-10122.877567954452
libe-136994,C.F.O.[LiH],-1446.8684028273422,0,7,4,-10128.078819791395
libe-137059,C.F.O.[LiH],-1446.3783595049879,0,7,4,-10124.648516534915
libe-137089,C.F.O.[LiH],-1446.495703004174,0,7,4,-10125.469921029218
libe-641118,C.F.O.[LiH],-1446.4856156195467,0,7,4,-10125.399309336826
libe-641154,C.F.O.[LiH],-1446.0027334393978,0,7,4,-10122.019134075785
libe-641296,C.F.O.[LiH],-1446.2863534138703,0,7,4,-10124.004473897092
libe-641329,C.F.O.[LiH],-1446.3252187959374,0,7,4,-10124.276531571562
libe-511237,C.F.O.P.[HH],-1779.7624750475284,0,16,4,-28476.199600760454
libe-514620,C.F.O.P.[HH],-1779.719158629795,0,16,4,-28475.50653807672
libe-516449,C.F.O.P.[HH],-1779.7973920576803,0,16,4,-28476.758272922885
libe-516897,C.F.O.P.[HH],-1779.9087967181422,0,16,4,-28478.540747490275
libe-522881,C.F.O.P.[HH],-1779.691950179328,0,16,4,-28475.071202869247
libe-527069,C.F.O.P.[HH],-1779.8923438877184,0,16,4,-28478.277502203495
libe-529174,C.F.O.P.[HH],-1779.8301169865013,0,16,4,-28477.28187178402
libe-136033,C.F.O.[HH].[LiH],-1128.805497939328,0,9,4,-10159.249481453951
libe-136043,C.F.O.[HH].[LiH],-1128.452178631537,0,9,4,-10156.069607683832
libe-136261,C.F.O.[HH].[LiH],-1128.5327555488077,0,9,4,-10156.794799939269
libe-136286,C.F.O.[HH].[LiH],-1128.774059612623,0,9,4,-10158.966536513606
libe-136423,C.F.O.[HH].[LiH],-1128.7817753311747,0,9,4,-10159.035977980571
libe-635445,C.F.O.[HH].[LiH],-1128.8652211819885,0,9,4,-10159.786990637896
libe-137080,C.F.O.[HH].[LiH],-1128.8616930178696,0,9,4,-10159.755237160827
libe-137094,C.F.O.[HH].[LiH],-1128.6019334047833,0,9,4,-10157.41740064305
libe-137106,C.F.O.[HH].[LiH],-1128.7093788287584,0,9,4,-10158.384409458826
libe-137118,C.F.O.[HH].[LiH],-1128.8016577386074,0,9,4,-10159.214919647467
libe-140670,C.F.O.[HH].[LiH],-1128.6075993552583,0,9,4,-10157.468394197325
libe-137184,C.F.O.[HH].[LiH],-1129.0094481785668,0,9,4,-10161.085033607102
libe-176532,C.F.O.[HH].[LiH],-1128.5779731248456,0,9,4,-10157.20175812361
libe-176573,C.F.O.[HH].[LiH],-1128.5932875925755,0,9,4,-10157.33958833318
libe-176705,C.F.O.[HH].[LiH],-1128.6199069361737,0,9,4,-10157.579162425563
libe-176706,C.F.O.[HH].[LiH],-1128.8985059421748,0,9,4,-10160.086553479572
libe-176924,C.F.O.[HH].[LiH],-1128.878482607494,0,9,4,-10159.906343467446
libe-176934,C.F.O.[HH].[LiH],-1128.7384758775142,0,9,4,-10158.64628289763
libe-177083,C.F.O.[HH].[LiH],-1128.9440432516667,0,9,4,-10160.496389265
libe-195598,C.F.O.[HH].[LiH],-1128.4685714126078,0,9,4,-10156.21714271347
libe-195602,C.F.O.[HH].[LiH],-1128.550831523479,0,9,4,-10156.95748371131
libe-195629,C.F.O.[HH].[LiH],-1128.7702197913345,0,9,4,-10158.931978122011
libe-195634,C.F.O.[HH].[LiH],-1128.7963880307789,0,9,4,-10159.16749227701
libe-195644,C.F.O.[HH].[LiH],-1128.7075244520925,0,9,4,-10158.367720068833
libe-195671,C.F.O.[HH].[LiH],-1128.7524072230442,0,9,4,-10158.771665007398
libe-195681,C.F.O.[HH].[LiH],-1128.9035948318995,0,9,4,-10160.132353487095
libe-195691,C.F.O.[HH].[LiH],-1128.8922126635325,0,9,4,-10160.029913971794
libe-195941,C.F.O.[HH].[LiH],-1128.690435229349,0,9,4,-10158.213917064142
libe-196065,C.F.O.[HH].[LiH],-1128.597520469025,0,9,4,-10157.377684221226
libe-196104,C.F.O.[HH].[LiH],-1128.6350880380512,0,9,4,-10157.71579234246
libe-196138,C.F.O.[HH].[LiH],-1128.6499523731738,0,9,4,-10157.849571358565
libe-196201,C.F.O.[HH].[LiH],-1128.773666666918,0,9,4,-10158.963000002263
libe-635477,C.F.O.[HH].[LiH],-1128.6519263584164,0,9,4,-10157.867337225747
libe-196269,C.F.O.[HH].[LiH],-1128.802714700592,0,9,4,-10159.22443230533
libe-196271,C.F.O.[HH].[LiH],-1128.635230673027,0,9,4,-10157.717076057244
libe-635491,C.F.O.[HH].[LiH],-1128.5809174330077,0,9,4,-10157.22825689707
libe-223479,C.F.O.[HH].[LiH],-1128.3008637481003,0,9,4,-10154.707773732902
libe-641003,C.F.O.[HH].[LiH],-1128.455202094149,0,9,4,-10156.09681884734
libe-641004,C.F.O.[HH].[LiH],-1128.4236114230052,0,9,4,-10155.812502807046
libe-641016,C.F.O.[HH].[LiH],-1128.4516581013684,0,9,4,-10156.064922912316
libe-641024,C.F.O.[HH].[LiH],-1128.3287720960338,0,9,4,-10154.958948864305
libe-641030,C.F.O.[HH].[LiH],-1128.1796354131598,0,9,4,-10153.616718718438
libe-641037,C.F.O.[HH].[LiH],-1128.4634695739678,0,9,4,-10156.17122616571
libe-641038,C.F.O.[HH].[LiH],-1128.3333406102406,0,9,4,-10155.000065492166
libe-641039,C.F.O.[HH].[LiH],-1128.442719060944,0,9,4,-10155.984471548496
libe-641041,C.F.O.[HH].[LiH],-1128.3753144496343,0,9,4,-10155.37783004671
libe-641043,C.F.O.[HH].[LiH],-1128.4607734353895,0,9,4,-10156.146960918506
libe-641045,C.F.O.[HH].[LiH],-1128.5894473031965,0,9,4,-10157.305025728769
libe-641053,C.F.O.[HH].[LiH],-1128.2837740524883,0,9,4,-10154.553966472395
libe-641055,C.F.O.[HH].[LiH],-1128.4960943199574,0,9,4,-10156.464848879616
libe-641064,C.F.O.[HH].[LiH],-1128.5974099512123,0,9,4,-10157.376689560911
libe-641068,C.F.O.[HH].[LiH],-1128.5428250274035,0,9,4,-10156.885425246632
libe-641071,C.F.O.[HH].[LiH],-1128.5866148296543,0,9,4,-10157.279533466888
libe-641080,C.F.O.[HH].[LiH],-1128.532391666602,0,9,4,-10156.791524999418
libe-641083,C.F.O.[HH].[LiH],-1128.2830991407163,0,9,4,-10154.547892266448
libe-641084,C.F.O.[HH].[LiH],-1128.463410961882,0,9,4,-10156.170698656937
libe-641090,C.F.O.[HH].[LiH],-1128.5022133553746,0,9,4,-10156.51992019837
libe-641095,C.F.O.[HH].[LiH],-1128.485054652424,0,9,4,-10156.365491871815
libe-641097,C.F.O.[HH].[LiH],-1128.5045351845567,0,9,4,-10156.54081666101
libe-641112,C.F.O.[HH].[LiH],-1128.5944714387635,0,9,4,-10157.350242948873
libe-641155,C.F.O.[HH].[LiH],-1128.6977269561607,0,9,4,-10158.279542605447
libe-641212,C.F.O.[HH].[LiH],-1128.4128248613033,0,9,4,-10155.71542375173
libe-641298,C.F.O.[HH].[LiH],-1128.590332601548,0,9,4,-10157.312993413932
libe-641324,C.F.O.[HH].[LiH],-1128.647330795302,0,9,4,-10157.825977157718
libe-641339,C.F.O.[HH].[LiH],-1128.654267210087,0,9,4,-10157.888404890784
libe-641435,C.F.O.[HH].[LiH],-1128.590038938978,0,9,4,-10157.310350450804
libe-641501,C.F.O.[HH].[LiH],-1128.7595856914186,0,9,4,-10158.836271222768
libe-641786,C.F.O.[HH].[LiH],-1128.5440979239693,0,9,4,-10156.896881315724
libe-136384,C.F.O.[LiH],-1291.1649945978522,0,8,4,-10329.319956782818
libe-137052,C.F.O.[LiH],-1291.2665283946415,0,8,4,-10330.132227157132
libe-514635,C.F.O.P.[HH],-2399.0517259855815,0,10,4,-23990.517259855817
libe-514848,C.F.O.P.[HH],-2398.678853991485,0,10,4,-23986.78853991485
libe-516515,C.F.O.P.[HH],-2398.8704297546983,0,10,4,-23988.70429754698
libe-517646,C.F.O.P.[HH],-2398.9316747352746,0,10,4,-23989.316747352746
libe-520725,C.F.O.P.[HH],-2399.221299806006,0,10,4,-23992.21299806006
libe-527193,C.F.O.P.[HH],-2398.9949307280995,0,10,4,-23989.949307280996
libe-115798,C.[HH].[LiH],-387.6644369677454,0,6,2,-2325.9866218064726
libe-224655,C.[HH].[LiH],-387.3017741273724,0,6,2,-2323.8106447642344
libe-117803,C.O.[HH],-597.9344271500206,0,14,2,-8371.081980100289
libe-117831,C.O.[HH],-597.8851888988839,0,14,2,-8370.392644584375
libe-117833,C.O.[HH],-597.8996114096853,0,14,2,-8370.594559735595
libe-636149,C.O.[HH],-597.6126147694789,0,14,2,-8366.576606772705
libe-117841,C.O.[HH],-597.7197125528107,0,14,2,-8368.07597573935
libe-184068,C.O.[HH],-597.8104040711862,0,14,2,-8369.345656996607
libe-511001,C.O.[HH],-597.6362265092355,0,14,2,-8366.907171129296
libe-642408,C.O.[HH],-597.7289257228962,0,14,2,-8368.204960120547
libe-642456,C.O.[HH],-597.6966402909112,0,14,2,-8367.752964072757
libe-642485,C.O.[HH],-597.7061361633363,0,14,2,-8367.885906286709
libe-642490,C.O.[HH],-597.7076523315135,0,14,2,-8367.907132641189
libe-642565,C.O.[HH],-597.7114098835457,0,14,2,-8367.95973836964
libe-642588,C.O.[HH],-597.6277098389154,0,14,2,-8366.787937744815
libe-642741,C.O.[HH],-597.6504185359044,0,14,2,-8367.10585950266
libe-511318,C.F.O.P.[HH],-1636.894994328006,0,17,4,-27827.214903576103
libe-511319,C.F.O.P.[HH],-1636.9153994046244,0,17,4,-27827.561789878615
libe-515505,C.F.O.P.[HH],-1636.9401240692694,0,17,4,-27827.982109177578
libe-517490,C.F.O.P.[HH],-1636.7849571161353,0,17,4,-27825.3442709743
libe-519061,C.F.O.P.[HH],-1636.9321335739128,0,17,4,-27827.846270756516
libe-520813,C.F.O.P.[HH],-1636.7859394423929,0,17,4,-27825.36097052068
libe-523052,C.F.O.P.[HH],-1636.8058490251894,0,17,4,-27825.69943342822
libe-523111,C.F.O.P.[HH],-1636.6605115837033,0,17,4,-27823.228696922957
libe-524694,C.F.O.P.[HH],-1636.7883796658386,0,17,4,-27825.402454319257
libe-526868,C.F.O.P.[HH],-1636.8316911416568,0,17,4,-27826.13874940817
libe-527430,C.F.O.P.[HH],-1636.8429478014284,0,17,4,-27826.330112624284
libe-528044,C.F.O.P.[HH],-1636.8238066972835,0,17,4,-27826.00471385382
libe-528202,C.F.O.P.[HH],-1636.9104792187925,0,17,4,-27827.478146719473
libe-528490,C.F.O.P.[HH],-1636.7180390295705,0,17,4,-27824.206663502697
libe-534766,C.F.O.P.[HH],-1636.718522111167,0,17,4,-27824.21487588984
libe-535813,C.F.O.P.[HH],-1636.7580718796466,0,17,4,-27824.88722195399
libe-535963,C.F.O.P.[HH],-1636.749151758393,0,17,4,-27824.73557989268
libe-538894,C.F.O.P.[HH],-1636.593274515124,0,17,4,-27822.085666757106
libe-539350,C.F.O.P.[HH],-1636.6722870050617,0,17,4,-27823.42887908605
libe-539823,C.F.O.P.[HH],-1636.7883337439027,0,17,4,-27825.401673646345
libe-542164,C.F.O.P.[HH],-1636.9023807969886,0,17,4,-27827.340473548807
libe-542392,C.F.O.P.[HH],-1636.8665462579465,0,17,4,-27826.73128638509
libe-639170,C.O.[HH].[LiH],-510.6516107876127,0,9,3,-4595.864497088514
libe-225562,C.O.[HH].[LiH],-510.47879617895546,0,9,3,-4594.309165610599
libe-121303,C.O.[HH].[LiH],-969.604082776941,0,13,3,-12604.853076100233
libe-631211,C.O.[HH].[LiH],-969.7549285478779,0,13,3,-12606.814071122411
libe-121673,C.F.O.[HH].[LiH],-1020.13997675171,0,12,4,-12241.67972102052
libe-121682,C.F.O.[HH].[LiH],-1020.1893110935475,0,12,4,-12242.27173312257
libe-137861,C.F.O.[HH].[LiH],-1019.9533833959193,0,12,4,-12239.440600751032
libe-137965,C.F.O.[HH].[LiH],-1019.9583152256536,0,12,4,-12239.499782707842
libe-176815,C.F.O.[HH].[LiH],-1019.6542678223424,0,12,4,-12235.851213868109
libe-135965,C.F.O.[HH].[LiH],-886.3380808843999,0,8,4,-7090.704647075199
libe-136189,C.F.O.[HH].[LiH],-886.4333972349931,0,8,4,-7091.467177879945
libe-136314,C.F.O.[HH].[LiH],-886.1691449917076,0,8,4,-7089.353159933661
libe-137126,C.F.O.[HH].[LiH],-886.6005230473261,0,8,4,-7092.804184378609
libe-211019,C.F.O.[HH].[LiH],-886.1744115597569,0,8,4,-7089.395292478055
libe-211356,C.F.O.[HH].[LiH],-886.3406469012942,0,8,4,-7090.725175210354
libe-520586,C.O.P.[HH],-1724.081585254071,0,9,3,-15516.734267286638
libe-525813,C.O.P.[HH],-1724.067320205695,0,9,3,-15516.605881851256
libe-527384,C.O.P.[HH],-1724.4143187750024,0,9,3,-15519.728868975022
libe-528282,C.O.P.[HH],-1724.41908039042,0,9,3,-15519.77172351378
libe-529350,C.O.P.[HH],-1724.1100070658833,0,9,3,-15516.99006359295
libe-117999,C.O.[HH],-1310.2952057089196,0,11,2,-14413.247262798117
libe-118000,C.O.[HH],-1310.1524707770952,0,11,2,-14411.677178548047
libe-515627,C.F.O.P.[HH],-1604.772535630981,0,15,4,-24071.588034464716
libe-542039,C.F.O.P.[HH],-1604.8546930342552,0,15,4,-24072.820395513827
libe-519693,C.F.O.P,-3128.9428499978217,0,7,4,-21902.599949984753
libe-501998,C.N.O.S,-4187.996014887638,0,7,4,-29315.972104213466
libe-117396,C.O.[HH].[LiH],-466.290572710465,0,14,3,-6528.068017946511
libe-140704,C.F.[HH],-956.5135649717727,0,9,2,-8608.622084745954
libe-643006,C.F.[HH],-956.2521933383782,0,9,2,-8606.269740045404
libe-175204,C.O.[HH].[LiH],-707.1600779137838,0,15,3,-10607.401168706756
libe-175214,C.O.[HH].[LiH],-707.17008005384,0,15,3,-10607.5512008076
libe-175355,C.O.[HH].[LiH],-707.2850393523703,0,15,3,-10609.275590285555
libe-186871,C.O.[HH].[LiH],-707.091846562003,0,15,3,-10606.377698430044
libe-187141,C.O.[HH].[LiH],-707.1015737647384,0,15,3,-10606.523606471077
libe-187149,C.O.[HH].[LiH],-707.1044093724452,0,15,3,-10606.566140586678
libe-187370,C.O.[HH].[LiH],-707.0959693642824,0,15,3,-10606.439540464236
libe-502174,C.F.O.S.[LiH],-3476.045067419938,0,11,5,-38236.495741619314
libe-502398,C.F.O.S.[LiH],-3476.147881229977,0,11,5,-38237.626693529746
libe-502481,C.F.O.S.[LiH],-3476.134837402025,0,11,5,-38237.48321142227
libe-115789,C.O.[HH],-525.2122362263271,0,16,2,-8403.395779621234
libe-121342,C.O.[HH].[LiH],-1218.4281051800892,0,12,3,-14621.13726216107
libe-121344,C.O.[HH].[LiH],-1218.22407538618,0,12,3,-14618.688904634158
libe-121351,C.O.[HH].[LiH],-1218.2384567007537,0,12,3,-14618.861480409043
libe-121355,C.O.[HH].[LiH],-1218.2582838054739,0,12,3,-14619.099405665685
libe-121356,C.O.[HH].[LiH],-1218.2851302436668,0,12,3,-14619.421562924
libe-137990,C.O.[HH].[LiH],-1218.3284416546028,0,12,3,-14619.941299855234
libe-138124,C.O.[HH].[LiH],-1218.3643412157257,0,12,3,-14620.372094588709
libe-178250,C.O.[HH].[LiH],-1218.491141010092,0,12,3,-14621.893692121104
libe-178503,C.O.[HH].[LiH],-1218.3497944985647,0,12,3,-14620.197533982777
libe-121377,C.O.[HH],-765.8306818032603,0,19,2,-14550.782954261946
libe-121378,C.O.[HH],-765.9189235965822,0,19,2,-14552.459548335062
libe-121380,C.O.[HH],-765.8293330005938,0,19,2,-14550.757327011283
libe-121418,C.O.[HH],-765.931080386303,0,19,2,-14552.690527339757
libe-137646,C.F.O.[LiH],-1207.9008123284607,0,6,4,-7247.404873970764
libe-137654,C.F.O.[LiH],-1207.8509506028684,0,6,4,-7247.10570361721
libe-138215,C.F.O.[HH].[LiH],-1306.261318675389,0,15,4,-19593.919780130836
libe-138218,C.F.O.[HH].[LiH],-1306.274244393374,0,15,4,-19594.113665900608
libe-121193,C.O.[LiH],-1334.6653652113805,0,8,3,-10677.322921691044
libe-121196,C.O.[LiH],-1334.049563673171,0,8,3,-10672.396509385368
libe-121212,C.O.[LiH],-1334.454882339845,0,8,3,-10675.63905871876
libe-634449,C.O.[LiH],-1334.7805286215798,0,8,3,-10678.244228972639
libe-634460,C.O.[LiH],-1334.6838951323907,0,8,3,-10677.471161059126
libe-135866,C.F.O.[HH].[LiH],-1035.8219934925846,0,12,4,-12429.863921911015
libe-135928,C.F.O.[HH].[LiH],-1036.0229968144934,0,12,4,-12432.27596177392
libe-136310,C.F.O.[HH].[LiH],-1035.7623792303668,0,12,4,-12429.148550764403
libe-136537,C.F.O.[HH].[LiH],-1035.7947480367377,0,12,4,-12429.536976440853
libe-173695,C.F.O.[HH].[LiH],-1036.0593258329952,0,12,4,-12432.711909995942
libe-173770,C.F.O.[HH].[LiH],-1035.7711864299115,0,12,4,-12429.254237158937
libe-173797,C.F.O.[HH].[LiH],-1035.829725729556,0,12,4,-12429.956708754673
libe-173829,C.F.O.[HH].[LiH],-1035.8666637731724,0,12,4,-12430.39996527807
libe-173844,C.F.O.[HH].[LiH],-1036.0174653509882,0,12,4,-12432.20958421186
libe-173600,C.F.O.[HH].[LiH],-1262.322708864875,0,9,4,-11360.904379783875
libe-173652,C.F.O.[HH].[LiH],-1262.4415278595216,0,9,4,-11361.973750735695
libe-510913,C.F.O.P.[HH],-1978.6689248147586,0,13,4,-25722.696022591863
libe-515535,C.F.O.P.[HH],-1442.2731500439302,0,16,4,-23076.370400702883
libe-515616,C.F.O.P.[HH],-1442.3075286263288,0,16,4,-23076.92045802126
libe-515707,C.F.O.P.[HH],-1442.1642472437857,0,16,4,-23074.62795590057
libe-520014,C.F.O.P.[HH],-1442.395033834718,0,16,4,-23078.32054135549
libe-528085,C.F.O.P.[HH],-1442.1182484576213,0,16,4,-23073.89197532194
libe-638581,C.O.[HH],-778.9620039441007,0,12,2,-9347.54404732921
libe-202458,C.O.[HH],-779.130182315357,0,12,2,-9349.562187784284
libe-640555,C.O.[HH],-778.7509236058586,0,12,2,-9345.011083270303
libe-640998,C.O.[HH],-778.7525290892627,0,12,2,-9345.030349071152
libe-518864,C.F.O.P.[HH],-2402.22564900485,0,8,4,-19217.8051920388
libe-117274,C.O.[HH].[LiH],-602.8275292500898,0,9,3,-5425.447763250808
libe-117275,C.O.[HH].[LiH],-603.0295737914181,0,9,3,-5427.266164122763
libe-117277,C.O.[HH].[LiH],-602.8460404520081,0,9,3,-5425.614364068073
libe-117286,C.O.[HH].[LiH],-602.8354020650379,0,9,3,-5425.518618585341
libe-117290,C.O.[HH].[LiH],-602.6334057164354,0,9,3,-5423.700651447919
libe-117292,C.O.[HH].[LiH],-602.8337435508328,0,9,3,-5425.503691957495
libe-117315,C.O.[HH].[LiH],-602.8772352657401,0,9,3,-5425.89511739166
libe-176078,C.O.[HH].[LiH],-602.5230510432336,0,9,3,-5422.707459389103
libe-136074,C.F.O.[HH].[LiH],-1015.4408657734051,0,9,4,-9138.967791960646
libe-136313,C.F.O.[HH].[LiH],-1015.3881823277217,0,9,4,-9138.493640949495
libe-137457,C.F.O.[HH].[LiH],-1015.21001608388,0,9,4,-9136.89014475492
libe-137863,C.F.O.[HH].[LiH],-1015.4530973820846,0,9,4,-9139.077876438761
libe-198432,C.F.O.[HH].[LiH],-1015.0732623487771,0,9,4,-9135.659361138994
libe-198771,C.F.O.[HH].[LiH],-1015.0834688016162,0,9,4,-9135.751219214546
libe-199305,C.F.O.[HH].[LiH],-1015.1360921717078,0,9,4,-9136.22482954537
libe-212255,C.F.O.[HH].[LiH],-1015.445928099078,0,9,4,-9139.013352891701
libe-516664,C.F.O.[HH].[LiH],-1015.4576703832712,0,9,4,-9139.11903344944
libe-517043,C.F.O.[HH].[LiH],-1015.4631323557902,0,9,4,-9139.168191202112
libe-528956,C.F.O.P.[HH],-2548.437509065637,0,7,4,-17839.06256345946
libe-501949,C.F.N.O.S,-3747.0865761399555,0,10,5,-37470.86576139955
libe-117996,C.O.[HH],-1146.4307709401146,0,9,2,-10317.876938461031
libe-120813,C.O.[LiH],-1403.5910582286376,0,12,3,-16843.09269874365
libe-121749,C.O.[HH].[LiH],-1113.4720449552112,0,15,3,-16702.08067432817
libe-121750,C.O.[HH].[LiH],-1113.477445047441,0,15,3,-16702.161675711617
libe-121754,C.O.[HH].[LiH],-1113.4433830185606,0,15,3,-16701.65074527841
libe-631596,C.O.[HH].[LiH],-1113.3932281876955,0,15,3,-16700.898422815433
libe-632003,C.O.[HH].[LiH],-1113.3923496908947,0,15,3,-16700.88524536342
libe-120814,C.O.[HH].[LiH],-1205.5403247559657,0,14,3,-16877.56454658352
libe-120824,C.O.[HH].[LiH],-1205.4120566088127,0,14,3,-16875.768792523377
libe-515023,C.F.O.P.[HH],-2148.208900371777,0,8,4,-17185.671202974216
libe-136242,C.F.[HH].[LiH],-1001.957519032373,0,5,3,-5009.787595161865
libe-136249,C.F.[HH].[LiH],-1001.8771588075755,0,5,3,-5009.3857940378775
libe-225882,C.[HH],-356.13047857339853,0,12,1,-4273.565742880783
libe-141147,C.F.O.[HH].[LiH],-1034.8866182607799,0,21,4,-21732.618983476375
libe-141260,C.F.O.[HH].[LiH],-1034.8734480484623,0,21,4,-21732.342409017707
libe-141288,C.F.O.[HH].[LiH],-1034.882418332007,0,21,4,-21732.530784972147
libe-141583,C.F.O.[HH].[LiH],-1034.8682511520026,0,21,4,-21732.233274192055
libe-389033,C.F.O.[HH].[LiH],-1034.871374467846,0,21,4,-21732.298863824766
libe-393943,C.F.O.[HH].[LiH],-1034.8777457422439,0,21,4,-21732.43266058712
libe-433172,C.F.O.[HH].[LiH],-1034.8792748496812,0,21,4,-21732.464771843304
libe-433812,C.F.O.[HH].[LiH],-1034.8817239759742,0,21,4,-21732.51620349546
libe-117210,C.O.[HH],-452.74866036805497,0,14,2,-6338.48124515277
libe-118301,C.O.[HH].[LiH],-849.2352246227923,0,10,3,-8492.352246227923
libe-118305,C.O.[HH].[LiH],-849.2843015319501,0,10,3,-8492.8430153195
libe-118310,C.O.[HH].[LiH],-849.4681913539953,0,10,3,-8494.681913539953
libe-118311,C.O.[HH].[LiH],-849.4927584169176,0,10,3,-8494.927584169176
libe-118318,C.O.[HH].[LiH],-849.4200533740844,0,10,3,-8494.200533740845
libe-118319,C.O.[HH].[LiH],-849.4271623548768,0,10,3,-8494.271623548768
libe-118320,C.O.[HH].[LiH],-849.3984363712256,0,10,3,-8493.984363712256
libe-118321,C.O.[HH].[LiH],-849.5376464006777,0,10,3,-8495.376464006777
libe-638202,C.O.[HH].[LiH],-849.5034919682015,0,10,3,-8495.034919682015
libe-118340,C.O.[HH].[LiH],-849.4479234968206,0,10,3,-8494.479234968207
libe-118350,C.O.[HH].[LiH],-849.4494729885625,0,10,3,-8494.494729885626
libe-118352,C.O.[HH].[LiH],-849.307599930283,0,10,3,-8493.07599930283
libe-118354,C.O.[HH].[LiH],-849.3279292047089,0,10,3,-8493.27929204709
libe-118365,C.O.[HH].[LiH],-849.4444655404895,0,10,3,-8494.444655404895
libe-638235,C.O.[HH].[LiH],-849.273688044852,0,10,3,-8492.73688044852
libe-638213,C.O.[HH].[LiH],-849.2849133646876,0,10,3,-8492.849133646876
libe-638199,C.O.[HH].[LiH],-849.4068763923524,0,10,3,-8494.068763923524
libe-118383,C.O.[HH].[LiH],-849.3066773960742,0,10,3,-8493.066773960742
libe-638252,C.O.[HH].[LiH],-849.3882044074647,0,10,3,-8493.882044074648
libe-118395,C.O.[HH].[LiH],-849.2723928528483,0,10,3,-8492.723928528483
libe-118400,C.O.[HH].[LiH],-849.3007191472079,0,10,3,-8493.00719147208
libe-118402,C.O.[HH].[LiH],-849.3008939588806,0,10,3,-8493.008939588806
libe-118407,C.O.[HH].[LiH],-849.5361229828981,0,10,3,-8495.36122982898
libe-132353,C.O.[HH].[LiH],-849.4211281125497,0,10,3,-8494.211281125497
libe-643059,C.O.[HH].[LiH],-849.4160906417741,0,10,3,-8494.160906417741
libe-643060,C.O.[HH].[LiH],-849.1515287774482,0,10,3,-8491.515287774482
libe-643065,C.O.[HH].[LiH],-849.2616025684908,0,10,3,-8492.616025684909
libe-643067,C.O.[HH].[LiH],-849.1723924386309,0,10,3,-8491.72392438631
libe-643070,C.O.[HH].[LiH],-849.2851843842878,0,10,3,-8492.851843842878
libe-643086,C.O.[HH].[LiH],-849.2115882785945,0,10,3,-8492.115882785945
libe-643090,C.O.[HH].[LiH],-849.4451632304745,0,10,3,-8494.451632304745
libe-643098,C.O.[HH].[LiH],-849.1357907355165,0,10,3,-8491.357907355165
libe-643103,C.O.[HH].[LiH],-849.3446245477965,0,10,3,-8493.446245477964
libe-643104,C.O.[HH].[LiH],-849.2774749287264,0,10,3,-8492.774749287264
libe-643106,C.O.[HH].[LiH],-849.228698580723,0,10,3,-8492.28698580723
libe-643112,C.O.[HH].[LiH],-849.2487049551925,0,10,3,-8492.487049551924
libe-643119,C.O.[HH].[LiH],-849.1486210919493,0,10,3,-8491.486210919493
libe-643124,C.O.[HH].[LiH],-849.261494310542,0,10,3,-8492.61494310542
libe-643125,C.O.[HH].[LiH],-849.20242318622,0,10,3,-8492.0242318622
libe-643128,C.O.[HH].[LiH],-849.3466829044,0,10,3,-8493.466829044
libe-643129,C.O.[HH].[LiH],-849.218015125162,0,10,3,-8492.18015125162
libe-643131,C.O.[HH].[LiH],-849.3252693777567,0,10,3,-8493.252693777567
libe-643147,C.O.[HH].[LiH],-849.1834331297345,0,10,3,-8491.834331297345
libe-643152,C.O.[HH].[LiH],-849.2496373981114,0,10,3,-8492.496373981114
libe-643153,C.O.[HH].[LiH],-849.2530604732112,0,10,3,-8492.530604732112
libe-643157,C.O.[HH].[LiH],-849.444860306991,0,10,3,-8494.44860306991
libe-643158,C.O.[HH].[LiH],-849.0673929252838,0,10,3,-8490.673929252838
libe-501837,C.N.O.S.[LiH],-4407.392138433558,0,6,5,-26444.35283060135
libe-501862,C.N.O.S.[LiH],-4407.602271856571,0,6,5,-26445.613631139426
libe-520948,C.F.O.P.[HH],-1966.0989349650408,0,11,4,-21627.08828461545
libe-527342,C.O.P.[HH],-1413.8255613344588,0,11,3,-15552.081174679048
libe-636041,C.O.[HH].[LiH],-1310.8078269925286,0,8,3,-10486.462615940229
libe-119616,C.O.[HH].[LiH],-1310.8666137955545,0,8,3,-10486.932910364436
libe-119626,C.O.[HH].[LiH],-1310.8276780782305,0,8,3,-10486.621424625844
libe-641978,C.O.[HH].[LiH],-1310.3438017186695,0,8,3,-10482.750413749356
libe-642200,C.O.[HH].[LiH],-1310.111519023476,0,8,3,-10480.892152187807
libe-642433,C.O.[HH].[LiH],-1310.0917969914626,0,8,3,-10480.734375931701
libe-525965,C.F.O.P,-2656.5052917643175,0,8,4,-21252.04233411454
libe-526248,C.F.O.P,-2656.405063095706,0,8,4,-21251.240504765647
libe-542218,C.F.O.P,-2656.522283596294,0,8,4,-21252.178268770353
libe-137500,C.F.O.[HH],-1166.4208052511717,0,5,3,-5832.104026255858
libe-175838,C.F.O.[HH],-1166.1230205526103,0,5,3,-5830.615102763052
libe-140707,C.F.O.[HH].[LiH],-864.9049860441797,0,13,4,-11243.764818574336
libe-140828,C.F.O.[HH].[LiH],-864.8762170724439,0,13,4,-11243.39082194177
libe-141009,C.F.O.[HH].[LiH],-864.8809643554607,0,13,4,-11243.45253662099
libe-516489,C.F.O.P.[HH],-1905.1024153498483,0,11,4,-20956.126568848333
libe-525633,C.F.O.P.[HH],-1905.0745875747102,0,11,4,-20955.820463321812
libe-528196,C.F.O.P.[HH],-1905.0277819889466,0,11,4,-20955.305601878412
libe-534565,C.F.O.P.[HH],-1905.176678666083,0,11,4,-20956.943465326913
libe-529006,C.O.P.[HH],-2175.7854327166783,0,9,3,-19582.068894450105
libe-514960,C.F.O.P.[HH],-2528.975661973737,0,8,4,-20231.805295789894
libe-526182,C.F.O.P.[HH],-2529.2015065940177,0,8,4,-20233.61205275214
libe-526857,C.F.O.P.[HH],-2529.6040186145538,0,8,4,-20236.83214891643
libe-526938,C.F.O.P.[HH],-2529.6846709114056,0,8,4,-20237.477367291245
libe-528181,C.F.O.P.[HH],-2529.018474255678,0,8,4,-20232.147794045424
libe-515336,C.F.O.[HH],-739.059597602548,0,15,3,-11085.89396403822
libe-135957,C.F.O.[HH].[LiH],-1010.857887802657,0,7,4,-7076.005214618599
libe-135969,C.F.O.[HH].[LiH],-1010.8807800202329,0,7,4,-7076.16546014163
libe-136133,C.F.O.[HH].[LiH],-1010.6079361001636,0,7,4,-7074.255552701145
libe-136287,C.F.O.[HH].[LiH],-1010.7525166836149,0,7,4,-7075.267616785304
libe-136905,C.F.O.[HH].[LiH],-1010.9215189130574,0,7,4,-7076.450632391402
libe-136911,C.F.O.[HH].[LiH],-1010.5734364856769,0,7,4,-7074.014055399738
libe-206122,C.F.O.[HH].[LiH],-1010.967777221537,0,7,4,-7076.774440550758
libe-206229,C.F.O.[HH].[LiH],-1010.5951780568341,0,7,4,-7074.166246397839
libe-206254,C.F.O.[HH].[LiH],-1010.5914576263923,0,7,4,-7074.140203384746
libe-206265,C.F.O.[HH].[LiH],-1010.5098427950622,0,7,4,-7073.5688995654355
libe-206316,C.F.O.[HH].[LiH],-1010.7485012068992,0,7,4,-7075.239508448294
libe-206401,C.F.O.[HH].[LiH],-1010.6007890708122,0,7,4,-7074.205523495685
libe-206409,C.F.O.[HH].[LiH],-1010.4772701750455,0,7,4,-7073.340891225319
libe-206549,C.F.O.[HH].[LiH],-1010.6931222599277,0,7,4,-7074.851855819494
libe-207057,C.F.O.[HH].[LiH],-1010.9786471753443,0,7,4,-7076.850530227411
libe-207092,C.F.O.[HH].[LiH],-1011.0268016456852,0,7,4,-7077.1876115197965
libe-211249,C.F.O.[HH].[LiH],-1010.5915332696349,0,7,4,-7074.140732887444
libe-226071,C.F.O.[HH].[LiH],-1010.4459765494768,0,7,4,-7073.1218358463375
libe-226107,C.F.O.[HH].[LiH],-1010.5107596466263,0,7,4,-7073.575317526384
libe-226115,C.F.O.[HH].[LiH],-1010.1769580579746,0,7,4,-7071.238706405822
libe-641772,C.F.O.[HH].[LiH],-1010.5139054347359,0,7,4,-7073.5973380431515
libe-641773,C.F.O.[HH].[LiH],-1010.3548891443173,0,7,4,-7072.484224010222
libe-641791,C.F.O.[HH].[LiH],-1010.1592419458976,0,7,4,-7071.114693621284
libe-641828,C.F.O.[HH].[LiH],-1010.1930597839656,0,7,4,-7071.3514184877595
libe-641856,C.F.O.[HH].[LiH],-1010.1927950533023,0,7,4,-7071.349565373116
libe-641909,C.F.O.[HH].[LiH],-1010.2851627858872,0,7,4,-7071.996139501211
libe-641910,C.F.O.[HH].[LiH],-1010.7243876592827,0,7,4,-7075.070713614979
libe-642020,C.F.O.[HH].[LiH],-1010.6188156298186,0,7,4,-7074.331709408731
libe-631402,C.O.[HH].[LiH],-884.9939604398646,0,18,3,-15929.891287917562
libe-631405,C.O.[HH].[LiH],-885.1017257196635,0,18,3,-15931.831062953943
libe-631417,C.O.[HH].[LiH],-884.9750157347166,0,18,3,-15929.5502832249
libe-631482,C.O.[HH].[LiH],-884.8906267111527,0,18,3,-15928.031280800747
libe-631511,C.O.[HH].[LiH],-885.1240368923352,0,18,3,-15932.232664062034
libe-631808,C.O.[HH].[LiH],-884.9824093072825,0,18,3,-15929.683367531085
libe-631854,C.O.[HH].[LiH],-885.0111015247741,0,18,3,-15930.199827445933
libe-632048,C.O.[HH].[LiH],-885.0056549093388,0,18,3,-15930.101788368098
libe-115785,C.O.[HH].[LiH],-891.2938727834785,0,13,3,-11586.82034618522
libe-115786,C.O.[HH].[LiH],-891.3713442318115,0,13,3,-11587.82747501355
libe-115788,C.O.[HH].[LiH],-891.3007518601105,0,13,3,-11586.909774181437
libe-121679,C.O.[HH].[LiH],-891.3055877354735,0,13,3,-11586.972640561156
libe-120985,C.O.[HH],-931.6325943161826,0,20,2,-18632.651886323652
libe-120986,C.O.[HH],-931.7235032654611,0,20,2,-18634.470065309222
libe-120987,C.O.[HH],-931.7335369053687,0,20,2,-18634.670738107376
libe-120991,C.O.[HH],-931.7323704203067,0,20,2,-18634.647408406134
libe-120993,C.O.[HH],-931.6057494341297,0,20,2,-18632.114988682595
libe-120994,C.O.[HH],-931.7235900402997,0,20,2,-18634.471800805994
libe-121609,C.O.[HH],-931.6305807333156,0,20,2,-18632.61161466631
libe-208520,C.F.O.[HH].[LiH],-1344.8278155107148,0,6,4,-8068.966893064289
libe-208717,C.F.O.[HH].[LiH],-1344.786798184695,0,6,4,-8068.720789108171
libe-210348,C.F.O.[HH].[LiH],-1344.9318496418264,0,6,4,-8069.591097850958
libe-509876,C.F.O.P,-2743.0658564887353,0,7,4,-19201.46099542115
libe-520872,C.F.O.P,-2743.237894709072,0,7,4,-19202.665262963503
libe-501909,C.F.N.O.S,-4004.444922839398,0,8,5,-32035.559382715182
libe-502011,C.F.N.O.S,-4004.371366604284,0,8,5,-32034.970932834272
libe-517687,C.F.O.P.[HH],-2689.9445966393264,0,6,4,-16139.66757983596
libe-520097,C.F.O.P.[HH],-2689.427904213708,0,6,4,-16136.567425282248
libe-542254,C.F.O.P.[HH],-2689.51403790135,0,6,4,-16137.0842274081
libe-121331,C.O.[HH],-807.4271106096813,0,18,2,-14533.687990974264
libe-121612,C.O.[HH],-807.5146047759115,0,18,2,-14535.262885966407
libe-631228,C.O.[HH],-807.6266830046975,0,18,2,-14537.280294084556
libe-519793,C.F.O.P.[HH],-1608.3775352212,0,19,4,-30559.1731692028
libe-521083,C.F.O.P.[HH],-1608.4728302835774,0,19,4,-30560.983775387973
libe-527435,C.F.O.P.[HH],-1608.515306344523,0,19,4,-30561.790820545935
libe-542498,C.F.O.P.[HH],-1608.258078764745,0,19,4,-30556.903496530154
libe-542533,C.F.O.P.[HH],-1608.4880624826844,0,19,4,-30561.273187171002
libe-542593,C.F.O.P.[HH],-1608.3624681247215,0,19,4,-30558.88689436971
libe-542616,C.F.O.P.[HH],-1608.4298675307425,0,19,4,-30560.167483084108
libe-506841,C.F.O.P.[HH],-2211.7310377700796,0,9,4,-19905.57933993072
libe-539744,C.F.O.[HH],-645.6400476819483,0,14,3,-9038.960667547277
libe-118112,C.O.[HH].[LiH],-727.8887237946163,0,16,3,-11646.219580713861
libe-118128,C.O.[HH].[LiH],-727.8825667068154,0,16,3,-11646.121067309046
libe-173846,C.O.[HH].[LiH],-727.7072699680904,0,16,3,-11643.316319489446
libe-173861,C.O.[HH].[LiH],-727.5407771255378,0,16,3,-11640.652434008605
libe-173877,C.O.[HH].[LiH],-727.7022053155331,0,16,3,-11643.23528504853
libe-173888,C.O.[HH].[LiH],-727.6595064442367,0,16,3,-11642.552103107788
libe-173889,C.O.[HH].[LiH],-727.6637507996554,0,16,3,-11642.620012794487
libe-173898,C.O.[HH].[LiH],-727.7261358670381,0,16,3,-11643.61817387261
libe-173903,C.O.[HH].[LiH],-727.7645405354675,0,16,3,-11644.23264856748
libe-173914,C.O.[HH].[LiH],-727.609992405983,0,16,3,-11641.759878495728
libe-173926,C.O.[HH].[LiH],-727.8478891682608,0,16,3,-11645.566226692174
libe-173930,C.O.[HH].[LiH],-727.7243341927613,0,16,3,-11643.58934708418
libe-173938,C.O.[HH].[LiH],-727.586955478192,0,16,3,-11641.391287651071
libe-174123,C.O.[HH].[LiH],-727.7292960034399,0,16,3,-11643.668736055039
libe-174294,C.O.[HH].[LiH],-727.7378393054024,0,16,3,-11643.805428886439
libe-174338,C.O.[HH].[LiH],-727.6884316183373,0,16,3,-11643.014905893397
libe-174500,C.O.[HH].[LiH],-727.7673742032399,0,16,3,-11644.277987251839
libe-220555,C.O.[HH].[LiH],-727.688062801574,0,16,3,-11643.009004825184
libe-221828,C.O.[HH].[LiH],-727.7430986715865,0,16,3,-11643.889578745384
libe-223216,C.O.[HH].[LiH],-727.8418495130329,0,16,3,-11645.469592208527
libe-631884,C.O.[HH].[LiH],-727.7851380530657,0,16,3,-11644.56220884905
libe-631922,C.O.[HH].[LiH],-727.869300926023,0,16,3,-11645.908814816368
libe-631928,C.O.[HH].[LiH],-727.7162426891668,0,16,3,-11643.45988302667
libe-632114,C.O.[HH].[LiH],-727.8170741276484,0,16,3,-11645.073186042375
libe-510502,C.F.O.P.[HH],-2026.955369211332,0,10,4,-20269.55369211332
libe-514502,C.F.O.P.[HH],-2026.861362539717,0,10,4,-20268.61362539717
libe-520123,C.F.O.P.[HH],-2026.787304438743,0,10,4,-20267.87304438743
libe-529079,C.F.O.P.[HH],-2026.9503760228356,0,10,4,-20269.503760228356
libe-529180,C.F.O.P.[HH],-2026.6357006654089,0,10,4,-20266.35700665409
libe-510554,C.F.O.P.[HH].[LiH],-1842.612472908459,0,10,5,-18426.12472908459
libe-510575,C.F.O.P.[HH].[LiH],-1842.639341094459,0,10,5,-18426.39341094459
libe-510983,C.F.O.P.[HH].[LiH],-1842.7528760263667,0,10,5,-18427.528760263667
libe-514906,C.F.O.P.[HH].[LiH],-1842.7387132694123,0,10,5,-18427.387132694123
libe-516634,C.F.O.P.[HH].[LiH],-1842.7396829664867,0,10,5,-18427.396829664867
libe-517534,C.F.O.P.[HH].[LiH],-1843.0022140619312,0,10,5,-18430.022140619312
libe-520441,C.F.O.P.[HH].[LiH],-1842.7638271691496,0,10,5,-18427.638271691496
libe-522961,C.F.O.P.[HH].[LiH],-1842.659314615604,0,10,5,-18426.59314615604
libe-524708,C.F.O.P.[HH].[LiH],-1842.795824036058,0,10,5,-18427.958240360582
libe-524724,C.F.O.P.[HH].[LiH],-1842.6589482566874,0,10,5,-18426.589482566873
libe-525605,C.F.O.P.[HH].[LiH],-1842.633447645048,0,10,5,-18426.33447645048
libe-526211,C.F.O.P.[HH].[LiH],-1842.1827397453721,0,10,5,-18421.827397453722
libe-528883,C.F.O.P.[HH].[LiH],-1842.5651304861397,0,10,5,-18425.651304861396
libe-528918,C.F.O.P.[HH].[LiH],-1842.6610849931608,0,10,5,-18426.610849931607
libe-116258,C.O,-1372.9999492797215,0,6,2,-8237.999695678329
libe-226913,C.O,-1373.0917822890642,0,6,2,-8238.550693734385
libe-525817,C.F.O.P.[HH],-2274.469001569053,0,11,4,-25019.159017259582
libe-120686,C.O.[HH].[LiH],-882.8384980439806,0,11,3,-9711.223478483787
libe-120692,C.O.[HH].[LiH],-882.9976796672737,0,11,3,-9712.97447634001
libe-120694,C.O.[HH].[LiH],-882.837413534337,0,11,3,-9711.211548877707
libe-120703,C.O.[HH].[LiH],-883.0403554832341,0,11,3,-9713.443910315575
libe-120704,C.O.[HH].[LiH],-882.9344871332995,0,11,3,-9712.279358466294
libe-120714,C.O.[HH].[LiH],-882.7318205805448,0,11,3,-9710.050026385992
libe-120716,C.O.[HH].[LiH],-882.878808403062,0,11,3,-9711.666892433681
libe-120719,C.O.[HH].[LiH],-882.7740873085882,0,11,3,-9710.51496039447
libe-120733,C.O.[HH].[LiH],-882.8687611368815,0,11,3,-9711.556372505696
libe-137240,C.O.[HH].[LiH],-882.8797362941884,0,11,3,-9711.677099236073
libe-192746,C.O.[HH].[LiH],-882.8180010454846,0,11,3,-9710.99801150033
libe-192777,C.O.[HH].[LiH],-882.8317176584198,0,11,3,-9711.148894242619
libe-631436,C.O.[HH].[LiH],-882.8216980431458,0,11,3,-9711.038678474604
libe-631447,C.O.[HH].[LiH],-882.8355858374282,0,11,3,-9711.19144421171
libe-631449,C.O.[HH].[LiH],-882.8315592761378,0,11,3,-9711.147152037516
libe-631454,C.O.[HH].[LiH],-882.9851172751885,0,11,3,-9712.836290027073
libe-631464,C.O.[HH].[LiH],-882.968748699468,0,11,3,-9712.656235694149
libe-631497,C.O.[HH].[LiH],-882.9789632758822,0,11,3,-9712.768596034704
libe-631501,C.O.[HH].[LiH],-882.9269092661654,0,11,3,-9712.19600192782
libe-631502,C.O.[HH].[LiH],-882.8317855001006,0,11,3,-9711.149640501108
libe-631506,C.O.[HH].[LiH],-882.9286551313461,0,11,3,-9712.215206444807
libe-631510,C.O.[HH].[LiH],-882.9344348712083,0,11,3,-9712.278783583291
libe-631512,C.O.[HH].[LiH],-882.9717480836422,0,11,3,-9712.689228920064
libe-511148,C.F.O.P.[HH],-2056.9141079546807,0,13,4,-26739.88340341085
libe-511204,C.F.O.P.[HH],-2056.989761795958,0,13,4,-26740.866903347454
libe-520092,C.F.O.P.[HH],-2056.861857131726,0,13,4,-26739.20414271244
libe-520101,C.F.O.P.[HH],-2056.84172334157,0,13,4,-26738.942403440407
libe-520616,C.F.O.P.[HH],-2056.90645315193,0,13,4,-26739.783890975086
libe-521994,C.F.O.P.[HH],-2056.70524363313,0,13,4,-26737.16816723069
libe-525855,C.F.O.P.[HH],-2056.9884064374996,0,13,4,-26740.849283687494
libe-528176,C.F.O.P.[HH],-2056.7281918431013,0,13,4,-26737.466493960317
libe-539872,C.F.O.P.[HH],-2056.8199812620055,0,13,4,-26738.659756406072
libe-542126,C.F.O.P.[HH],-2056.7141715609196,0,13,4,-26737.284230291953
libe-120182,C.O.[HH].[LiH],-584.3195048937303,0,15,3,-8764.792573405954
libe-120189,C.O.[HH].[LiH],-584.3533835646479,0,15,3,-8765.300753469717
libe-118233,C.O.[HH],-627.0643236919815,0,15,2,-9405.964855379721
libe-118257,C.O.[HH],-627.0558116878368,0,15,2,-9405.837175317552
libe-174540,C.O.[HH],-627.039904203588,0,15,2,-9405.59856305382
libe-174546,C.O.[HH],-626.9094956830764,0,15,2,-9403.642435246147
libe-174643,C.O.[HH],-626.8025722828813,0,15,2,-9402.03858424322
libe-121341,C.O.[HH].[LiH],-1142.8796172064879,0,11,3,-12571.675789271367
libe-121353,C.O.[HH].[LiH],-1142.7238133279875,0,11,3,-12569.961946607862
libe-137348,C.O.[HH].[LiH],-1142.7131473834536,0,11,3,-12569.84462121799
libe-137349,C.O.[HH].[LiH],-1142.672622399387,0,11,3,-12569.398846393256
libe-137367,C.O.[HH].[LiH],-1142.8581110257985,0,11,3,-12571.439221283783
libe-511285,C.F.O.P.[HH],-2182.3906374954063,0,11,4,-24006.29701244947
libe-516644,C.F.O.P.[HH],-2182.3837438277264,0,11,4,-24006.221182104993
libe-519227,C.F.O.P.[HH],-2182.1200300357646,0,11,4,-24003.32033039341
libe-520304,C.F.O.P.[HH],-2182.0342170205536,0,11,4,-24002.37638722609
libe-522858,C.F.O.P.[HH],-2182.039646168762,0,11,4,-24002.43610785638
libe-527119,C.F.O.P.[HH],-2182.1871795123548,0,11,4,-24004.058974635904
libe-527756,C.F.O.P.[HH],-2182.2220610189697,0,11,4,-24004.442671208668
libe-528336,C.F.O.P.[HH],-2182.2156024539404,0,11,4,-24004.371626993343
libe-528892,C.F.O.P.[HH],-2182.2870185125944,0,11,4,-24005.157203638537
libe-529140,C.F.O.P.[HH],-2182.2857619580977,0,11,4,-24005.143381539074
libe-121261,C.O.[HH],-794.3074835768622,0,17,2,-13503.227220806657
libe-121268,C.O.[HH],-794.269541487386,0,17,2,-13502.582205285562
libe-136285,C.F.O.[HH].[LiH],-1313.2619924804733,0,11,4,-14445.881917285205
libe-136392,C.F.O.[HH].[LiH],-1313.1932551812629,0,11,4,-14445.125806993892
libe-136548,C.F.O.[HH].[LiH],-1313.304718486219,0,11,4,-14446.351903348408
libe-136618,C.F.O.[HH].[LiH],-1313.1731212451434,0,11,4,-14444.904333696577
libe-173775,C.F.O.[HH].[LiH],-1313.2718067055146,0,11,4,-14445.98987376066
libe-173811,C.F.O.[HH].[LiH],-1313.3078867776092,0,11,4,-14446.3867545537
libe-173833,C.F.O.[HH].[LiH],-1313.1851033917994,0,11,4,-14445.036137309793
libe-515396,C.F.O.P.[HH],-2089.941651067631,0,11,4,-22989.35816174394
libe-528101,C.F.O.P.[HH],-2089.866930278414,0,11,4,-22988.536233062554
libe-542372,C.F.O.P.[HH],-2089.805365322,0,11,4,-22987.859018542
libe-117329,C.O.[HH].[LiH],-496.26394204846014,0,11,3,-5458.903362533061
libe-511023,C.F.O.P.[LiH],-2571.66336696807,0,9,5,-23144.97030271263
libe-631304,C.O.[HH].[LiH],-747.4869484164125,0,20,3,-14949.738968328249
libe-632217,C.O.[HH].[LiH],-747.6006577400274,0,20,3,-14952.013154800548
libe-501814,C.F.N.O.S.[LiH],-3769.6976375647832,0,9,6,-33927.27873808305
libe-525788,C.F.O.P.[HH],-2475.7256322845224,0,9,4,-22281.530690560703
libe-119939,C.O.[HH].[LiH],-773.5152693311701,0,11,3,-8508.66796264287
libe-119946,C.O.[HH].[LiH],-773.6339092864572,0,11,3,-8509.97300215103
libe-119947,C.O.[HH].[LiH],-773.4637332668099,0,11,3,-8508.101065934909
libe-119948,C.O.[HH].[LiH],-773.6639876479225,0,11,3,-8510.303864127147
libe-119949,C.O.[HH].[LiH],-773.4348155401559,0,11,3,-8507.782970941715
libe-119951,C.O.[HH].[LiH],-773.6521995697514,0,11,3,-8510.174195267266
libe-119952,C.O.[HH].[LiH],-773.4681792437713,0,11,3,-8508.149971681483
libe-119953,C.O.[HH].[LiH],-773.6339340501866,0,11,3,-8509.973274552052
libe-119956,C.O.[HH].[LiH],-773.4965399878605,0,11,3,-8508.461939866465
libe-119957,C.O.[HH].[LiH],-773.4211816630101,0,11,3,-8507.632998293111
libe-119961,C.O.[HH].[LiH],-773.6330563714503,0,11,3,-8509.963620085953
libe-119962,C.O.[HH].[LiH],-773.5927986092612,0,11,3,-8509.520784701874
libe-119966,C.O.[HH].[LiH],-773.6156380697116,0,11,3,-8509.772018766827
libe-119967,C.O.[HH].[LiH],-773.6329138084707,0,11,3,-8509.962051893177
libe-119968,C.O.[HH].[LiH],-773.6949622291355,0,11,3,-8510.64458452049
libe-119970,C.O.[HH].[LiH],-773.8046486539545,0,11,3,-8511.8511351935
libe-119971,C.O.[HH].[LiH],-773.6090473641078,0,11,3,-8509.699521005186
libe-119972,C.O.[HH].[LiH],-773.549632259352,0,11,3,-8509.045954852872
libe-119974,C.O.[HH].[LiH],-773.5942933189676,0,11,3,-8509.537226508644
libe-119975,C.O.[HH].[LiH],-773.514771544934,0,11,3,-8508.662486994273
libe-119976,C.O.[HH].[LiH],-773.5593829469627,0,11,3,-8509.15321241659
libe-119978,C.O.[HH].[LiH],-773.6778586380303,0,11,3,-8510.456445018333
libe-119979,C.O.[HH].[LiH],-773.6251691381271,0,11,3,-8509.876860519398
libe-119980,C.O.[HH].[LiH],-773.6282369150854,0,11,3,-8509.91060606594
libe-119981,C.O.[HH].[LiH],-773.6523849084083,0,11,3,-8510.176233992492
libe-132440,C.O.[HH].[LiH],-773.4973599119163,0,11,3,-8508.47095903108
libe-119986,C.O.[HH].[LiH],-773.5722359921211,0,11,3,-8509.294595913332
libe-119991,C.O.[HH].[LiH],-773.701331935733,0,11,3,-8510.714651293063
libe-119992,C.O.[HH].[LiH],-773.627881095407,0,11,3,-8509.906692049477
libe-119995,C.O.[HH].[LiH],-773.5532955423677,0,11,3,-8509.086250966044
libe-119998,C.O.[HH].[LiH],-773.7188175672065,0,11,3,-8510.906993239272
libe-120022,C.O.[HH].[LiH],-773.6122438218604,0,11,3,-8509.734682040464
libe-132446,C.O.[HH].[LiH],-773.667003210944,0,11,3,-8510.337035320385
libe-514418,C.F.O.P.[HH],-1906.8206354728036,0,16,4,-30509.130167564857
libe-515480,C.F.O.P.[HH],-1906.697800210184,0,16,4,-30507.164803362943
libe-517162,C.F.O.P.[HH],-1906.8104299105792,0,16,4,-30508.966878569267
libe-520119,C.F.O.P.[HH],-1906.8452484486809,0,16,4,-30509.523975178894
libe-520428,C.F.O.P.[HH],-1906.6913239029263,0,16,4,-30507.06118244682
libe-523521,C.F.O.P.[HH],-1906.8039048150372,0,16,4,-30508.862477040595
libe-524832,C.F.O.P.[HH],-1906.844988340982,0,16,4,-30509.51981345571
libe-524981,C.F.O.P.[HH],-1906.6704343619394,0,16,4,-30506.72694979103
libe-525759,C.F.O.P.[HH],-1906.8428139590126,0,16,4,-30509.4850233442
libe-526265,C.F.O.P.[HH],-1906.7155877125756,0,16,4,-30507.44940340121
libe-527987,C.F.O.P.[HH],-1906.920528569427,0,16,4,-30510.728457110832
libe-528471,C.F.O.P.[HH],-1906.8295505899566,0,16,4,-30509.272809439306
libe-529136,C.F.O.P.[HH],-1906.8788149956042,0,16,4,-30510.061039929667
libe-535259,C.F.O.P.[HH],-1906.7098171483517,0,16,4,-30507.357074373627
libe-535810,C.F.O.P.[HH],-1906.7309800453968,0,16,4,-30507.69568072635
libe-535881,C.F.O.P.[HH],-1906.7524654781114,0,16,4,-30508.039447649782
libe-542101,C.F.O.P.[HH],-1906.8913647861518,0,16,4,-30510.26183657843
libe-542521,C.F.O.P.[HH],-1906.789885178478,0,16,4,-30508.63816285565
libe-525385,C.F.O.[HH],-724.5338254288035,0,11,3,-7969.872079716839
libe-501566,C.F.N.O.S.[LiH],-3664.519325890212,0,10,6,-36645.193258902116
libe-501588,C.F.N.O.S.[LiH],-3664.5583236353195,0,10,6,-36645.583236353195
libe-501591,C.F.N.O.S.[LiH],-3664.5156292764987,0,10,6,-36645.15629276499
libe-501598,C.F.N.O.S.[LiH],-3664.535003718902,0,10,6,-36645.35003718902
libe-141531,C.F.O.[HH].[LiH],-1025.015984547478,0,19,4,-19475.30370640208
libe-427469,C.F.O.[HH].[LiH],-1025.0393539643187,0,19,4,-19475.747725322057
libe-121476,C.O.[HH],-920.4980148065329,0,18,2,-16568.964266517592
libe-121478,C.O.[HH],-920.377264198065,0,18,2,-16566.79075556517
libe-121485,C.O.[HH],-920.4864333540785,0,18,2,-16568.755800373412
libe-121510,C.O.[HH],-920.4973068148294,0,18,2,-16568.95152266693
libe-121512,C.O.[HH],-920.3833983253605,0,18,2,-16566.90116985649
libe-121513,C.O.[HH],-920.4948107635272,0,18,2,-16568.90659374349
libe-121515,C.O.[HH],-920.3762004692643,0,18,2,-16566.771608446757
libe-121516,C.O.[HH],-920.3892708547022,0,18,2,-16567.00687538464
libe-121517,C.O.[HH],-920.3559368787523,0,18,2,-16566.40686381754
libe-132160,C.O.[HH],-920.355550531043,0,18,2,-16566.399909558775
libe-132202,C.O.[HH],-920.4854311324663,0,18,2,-16568.737760384392
libe-115776,C.O.[HH].[LiH],-664.41213832528,0,10,3,-6644.1213832528
libe-115778,C.O.[HH].[LiH],-664.4899207584765,0,10,3,-6644.8992075847655
libe-226582,C.O.[HH].[LiH],-664.1479599359027,0,10,3,-6641.479599359027
libe-117185,C.O.[LiH],-1065.9854596646621,0,6,3,-6395.912757987973
libe-116621,C.[HH],-469.23943176820063,0,9,1,-4223.154885913806
libe-116623,C.[HH],-469.44071615014207,0,9,1,-4224.966445351279
libe-116630,C.[HH],-469.51382530242114,0,9,1,-4225.62442772179
libe-116635,C.[HH],-469.45015025683756,0,9,1,-4225.051352311538
libe-116654,C.[HH],-469.45091695124,0,9,1,-4225.05825256116
libe-121521,C.O.[HH].[LiH],-854.7647432058316,0,16,3,-13676.235891293305
libe-121562,C.O.[HH].[LiH],-854.6874526211279,0,16,3,-13674.999241938047
libe-121563,C.O.[HH].[LiH],-854.782728061893,0,16,3,-13676.523648990287
libe-121564,C.O.[HH].[LiH],-854.7835359988294,0,16,3,-13676.53657598127
libe-121565,C.O.[HH].[LiH],-854.7569247391143,0,16,3,-13676.110795825829
libe-121569,C.O.[HH].[LiH],-854.7074495471401,0,16,3,-13675.319192754241
libe-132186,C.O.[HH].[LiH],-854.5491483783742,0,16,3,-13672.786374053987
libe-132248,C.O.[HH].[LiH],-854.7123990506635,0,16,3,-13675.398384810616
libe-132251,C.O.[HH].[LiH],-854.6888417931727,0,16,3,-13675.021468690764
libe-501821,C.N.O.S,-4046.9210898752526,0,8,4,-32375.36871900202
libe-121845,C.O.[HH].[LiH],-906.2559468860378,0,21,3,-19031.374884606794
libe-121846,C.O.[HH].[LiH],-906.2520314411241,0,21,3,-19031.292660263607
libe-631461,C.O.[HH].[LiH],-906.1779876405043,0,21,3,-19029.73774045059
libe-631474,C.O.[HH].[LiH],-906.0510483917682,0,21,3,-19027.072016227132
libe-631484,C.O.[HH].[LiH],-906.1155740375956,0,21,3,-19028.427054789507
libe-631492,C.O.[HH].[LiH],-906.2497485443134,0,21,3,-19031.244719430582
libe-631520,C.O.[HH].[LiH],-906.0964977617235,0,21,3,-19028.026452996193
libe-631558,C.O.[HH].[LiH],-906.1761298946412,0,21,3,-19029.698727787465
libe-631599,C.O.[HH].[LiH],-906.0683412576592,0,21,3,-19027.435166410844
libe-631699,C.O.[HH].[LiH],-906.153541156028,0,21,3,-19029.22436427659
libe-631708,C.O.[HH].[LiH],-906.1978456254391,0,21,3,-19030.15475813422
libe-631744,C.O.[HH].[LiH],-906.1951759756339,0,21,3,-19030.098695488312
libe-631774,C.O.[HH].[LiH],-906.138055537925,0,21,3,-19028.899166296425
libe-631863,C.O.[HH].[LiH],-906.1784007994003,0,21,3,-19029.746416787406
libe-631961,C.O.[HH].[LiH],-906.1624470081263,0,21,3,-19029.41138717065
libe-632088,C.O.[HH].[LiH],-906.166693975506,0,21,3,-19029.500573485624
libe-632091,C.O.[HH].[LiH],-906.2498246916517,0,21,3,-19031.246318524685
libe-632151,C.O.[HH].[LiH],-906.1150868966646,0,21,3,-19028.416824829957
libe-632163,C.O.[HH].[LiH],-906.1190440685842,0,21,3,-19028.49992544027
libe-632191,C.O.[HH].[LiH],-906.2012424786503,0,21,3,-19030.226092051656
libe-632206,C.O.[HH].[LiH],-906.2333230099109,0,21,3,-19030.89978320813
libe-632299,C.O.[HH].[LiH],-906.16657761435,0,21,3,-19029.49812990135
libe-632303,C.O.[HH].[LiH],-906.1634273239347,0,21,3,-19029.431973802628
libe-632317,C.O.[HH].[LiH],-906.1815375913135,0,21,3,-19029.812289417583
libe-632346,C.O.[HH].[LiH],-906.244105780351,0,21,3,-19031.12622138737
libe-632350,C.O.[HH].[LiH],-906.1362410033596,0,21,3,-19028.86106107055
libe-632367,C.O.[HH].[LiH],-906.177888496993,0,21,3,-19029.735658436854
libe-632377,C.O.[HH].[LiH],-906.1863930957555,0,21,3,-19029.914255010866
libe-632382,C.O.[HH].[LiH],-906.2749427739118,0,21,3,-19031.773798252147
libe-632387,C.O.[HH].[LiH],-906.2383922743082,0,21,3,-19031.006237760474
libe-632396,C.O.[HH].[LiH],-906.079772587985,0,21,3,-19027.675224347684
libe-632401,C.O.[HH].[LiH],-906.1708709647739,0,21,3,-19029.588290260253
libe-632407,C.O.[HH].[LiH],-906.1383044376083,0,21,3,-19028.904393189776
libe-632409,C.O.[HH].[LiH],-906.0773212632613,0,21,3,-19027.623746528487
libe-632426,C.O.[HH].[LiH],-906.1802467127696,0,21,3,-19029.785180968163
libe-632431,C.O.[HH].[LiH],-906.2377853015648,0,21,3,-19030.99349133286
libe-632432,C.O.[HH].[LiH],-906.1704740471725,0,21,3,-19029.579954990622
libe-632437,C.O.[HH].[LiH],-906.1361101622364,0,21,3,-19028.858313406963
libe-632447,C.O.[HH].[LiH],-906.065080902367,0,21,3,-19027.366698949707
libe-632488,C.O.[HH].[LiH],-906.267491735099,0,21,3,-19031.61732643708
libe-632492,C.O.[HH].[LiH],-906.1370464215477,0,21,3,-19028.8779748525
libe-632493,C.O.[HH].[LiH],-906.0706737109805,0,21,3,-19027.48414793059
libe-632513,C.O.[HH].[LiH],-906.1596911197373,0,21,3,-19029.353513514485
libe-632531,C.O.[HH].[LiH],-906.2074661016744,0,21,3,-19030.356788135163
libe-632539,C.O.[HH].[LiH],-906.1523442991443,0,21,3,-19029.19923028203
libe-632555,C.O.[HH].[LiH],-906.0640170157326,0,21,3,-19027.344357330385
libe-632570,C.O.[HH].[LiH],-906.1327274772981,0,21,3,-19028.78727702326
libe-632572,C.O.[HH].[LiH],-906.093394825328,0,21,3,-19027.96129133189
libe-632590,C.O.[HH].[LiH],-906.1438998535957,0,21,3,-19029.02189692551
libe-632606,C.O.[HH].[LiH],-906.2104289122849,0,21,3,-19030.419007157983
libe-632609,C.O.[HH].[LiH],-906.107508451958,0,21,3,-19028.257677491118
libe-632615,C.O.[HH].[LiH],-906.132989840786,0,21,3,-19028.792786656504
libe-632617,C.O.[HH].[LiH],-906.1858213430728,0,21,3,-19029.90224820453
libe-632624,C.O.[HH].[LiH],-906.1746207273461,0,21,3,-19029.66703527427
libe-632625,C.O.[HH].[LiH],-906.2035378278104,0,21,3,-19030.274294384017
libe-502606,C.F.N.O.S,-3531.314007900993,0,11,5,-38844.454086910926
libe-117654,C.O.[LiH],-1403.4913122720393,0,6,3,-8420.947873632236
libe-119041,C.O.[LiH],-1403.23715491043,0,6,3,-8419.42292946258
libe-120258,C.O.[LiH],-1403.5292843021373,0,6,3,-8421.175705812824
libe-120289,C.O.[LiH],-1403.530294206268,0,6,3,-8421.181765237608
libe-178225,C.O.[LiH],-1403.1402432398872,0,6,3,-8418.841459439323
libe-634360,C.O.[LiH],-1403.4269700661034,0,6,3,-8420.56182039662
libe-634373,C.O.[LiH],-1403.5256426493988,0,6,3,-8421.153855896393
libe-634425,C.O.[LiH],-1403.5683243255787,0,6,3,-8421.409945953472
libe-140750,C.F.O.[HH].[LiH],-938.3715257040819,0,16,4,-15013.944411265311
libe-140796,C.F.O.[HH].[LiH],-938.3497298096354,0,16,4,-15013.595676954166
libe-140811,C.F.O.[HH].[LiH],-938.3683100430305,0,16,4,-15013.892960688489
libe-141018,C.F.O.[HH].[LiH],-938.3423423043594,0,16,4,-15013.47747686975
libe-497546,C.F.N.O.S,-3623.773002935447,0,5,5,-18118.865014677234
libe-642720,C.F.N.O.S,-3623.6660188953233,0,5,5,-18118.330094476616
libe-501565,C.F.N.O.S.[LiH],-3517.570959334618,0,11,6,-38693.28055268079
libe-501567,C.F.N.O.S.[LiH],-3517.490898360578,0,11,6,-38692.399881966354
libe-501587,C.F.N.O.S.[LiH],-3517.444315693285,0,11,6,-38691.887472626135
libe-501618,C.F.N.O.S.[LiH],-3517.5139425747857,0,11,6,-38692.653368322644
libe-509913,C.F.O.P.[HH].[LiH],-1932.8794438165962,0,12,5,-23194.553325799156
libe-511227,C.F.O.P.[HH].[LiH],-1932.8745350701674,0,12,5,-23194.49442084201
libe-511246,C.F.O.P.[HH].[LiH],-1932.8502071343755,0,12,5,-23194.202485612506
libe-515324,C.F.O.P.[HH].[LiH],-1932.8630735561244,0,12,5,-23194.35688267349
libe-516362,C.F.O.P.[HH].[LiH],-1932.810058176743,0,12,5,-23193.720698120916
libe-517115,C.F.O.P.[HH].[LiH],-1933.0187097475475,0,12,5,-23196.22451697057
libe-519452,C.F.O.P.[HH].[LiH],-1932.8091424036438,0,12,5,-23193.709708843726
libe-523714,C.F.O.P.[HH].[LiH],-1932.764012515845,0,12,5,-23193.16815019014
libe-527989,C.F.O.P.[HH].[LiH],-1932.7280802696807,0,12,5,-23192.73696323617
libe-528416,C.F.O.P.[HH].[LiH],-1932.8622794245111,0,12,5,-23194.347353094134
libe-528827,C.F.O.P.[HH].[LiH],-1932.7769390134883,0,12,5,-23193.32326816186
libe-536143,C.F.O.P.[HH].[LiH],-1932.7164266982572,0,12,5,-23192.597120379087
libe-118536,C.O.[HH],-778.8094908209148,0,8,2,-6230.475926567318
libe-118538,C.O.[HH],-779.073387063056,0,8,2,-6232.587096504448
libe-118550,C.O.[HH],-779.0128265776675,0,8,2,-6232.10261262134
libe-228055,C.O.[HH],-778.7229095560276,0,8,2,-6229.783276448221
libe-228072,C.O.[HH],-778.6711654307164,0,8,2,-6229.369323445731
libe-228383,C.O.[HH],-778.5477802702694,0,8,2,-6228.382242162155
libe-509963,C.F.O.P.[HH].[LiH],-2107.094705331848,0,11,5,-23178.041758650328
libe-510602,C.F.O.P.[HH].[LiH],-2107.07692129606,0,11,5,-23177.84613425666
libe-511311,C.F.O.P.[HH].[LiH],-2107.2457577879886,0,11,5,-23179.703335667873
libe-514686,C.F.O.P.[HH].[LiH],-2107.1970383873927,0,11,5,-23179.167422261322
libe-514692,C.F.O.P.[HH].[LiH],-2107.1009037215526,0,11,5,-23178.10994093708
libe-515520,C.F.O.P.[HH].[LiH],-2107.027447777595,0,11,5,-23177.301925553547
libe-516652,C.F.O.P.[HH].[LiH],-2107.161649434834,0,11,5,-23178.778143783173
libe-519159,C.F.O.P.[HH].[LiH],-2106.6978611169466,0,11,5,-23173.67647228641
libe-519307,C.F.O.P.[HH].[LiH],-2107.093581751853,0,11,5,-23178.029399270385
libe-519966,C.F.O.P.[HH].[LiH],-2107.3259998701856,0,11,5,-23180.58599857204
libe-520339,C.F.O.P.[HH].[LiH],-2107.1944236059385,0,11,5,-23179.13865966532
libe-520952,C.F.O.P.[HH].[LiH],-2107.1699975110437,0,11,5,-23178.86997262148
libe-522954,C.F.O.P.[HH].[LiH],-2107.1916298614155,0,11,5,-23179.107928475572
libe-523584,C.F.O.P.[HH].[LiH],-2106.716152340561,0,11,5,-23173.877675746175
libe-526115,C.F.O.P.[HH].[LiH],-2107.126512731243,0,11,5,-23178.391640043672
libe-528212,C.F.O.P.[HH].[LiH],-2107.1368017529408,0,11,5,-23178.50481928235
libe-528701,C.F.O.P.[HH].[LiH],-2107.1764859498367,0,11,5,-23178.941345448206
libe-528999,C.F.O.P.[HH].[LiH],-2107.1416398588913,0,11,5,-23178.5580384478
libe-535663,C.F.O.P.[HH].[LiH],-2107.078683567287,0,11,5,-23177.865519240157
libe-119144,C.O.[LiH],-1376.8155226067615,0,7,3,-9637.708658247331
libe-631168,C.O.[LiH],-1376.8415291114682,0,7,3,-9637.890703780276
libe-639648,C.O.[LiH],-1376.6504725894592,0,7,3,-9636.553308126215
libe-639805,C.O.[LiH],-1376.6570509701482,0,7,3,-9636.599356791037
libe-119193,C.O.[HH].[LiH],-1086.7432716512644,0,7,3,-7607.202901558851
libe-132272,C.O.[HH].[LiH],-1086.1672652606578,0,7,3,-7603.170856824605
libe-120278,C.O.[LiH],-1495.4877586874493,0,7,3,-10468.414310812144
libe-120290,C.O.[LiH],-1495.6668656591814,0,7,3,-10469.66805961427
libe-634404,C.O.[LiH],-1495.6668611438567,0,7,3,-10469.668028006998
libe-140871,C.F.O.[HH],-1006.7518227071133,0,13,3,-13087.773695192473
libe-137685,C.F.O.[HH].[LiH],-1038.2415690972548,0,6,4,-6229.449414583529
libe-210566,C.F.O.[HH].[LiH],-1038.3574618113337,0,6,4,-6230.144770868002
libe-210641,C.F.O.[HH].[LiH],-1038.2409328647582,0,6,4,-6229.445597188549
libe-225504,C.F.O.[HH].[LiH],-1038.0380235999949,0,6,4,-6228.228141599969
libe-640327,C.F.O.[HH].[LiH],-1038.0071857162716,0,6,4,-6228.0431142976295
libe-640360,C.F.O.[HH].[LiH],-1038.128235556298,0,6,4,-6228.769413337788
libe-514377,C.F.O.P.[HH],-1795.6456323930054,0,17,4,-30525.975750681093
libe-515146,C.F.O.P.[HH],-1795.569186164747,0,17,4,-30524.676164800698
libe-515543,C.F.O.P.[HH],-1795.6693290615533,0,17,4,-30526.378594046408
libe-516020,C.F.O.P.[HH],-1795.6311181448248,0,17,4,-30525.72900846202
libe-517558,C.F.O.P.[HH],-1795.6219930482055,0,17,4,-30525.57388181949
libe-520585,C.F.O.P.[HH],-1795.5484584412416,0,17,4,-30524.323793501106
libe-522078,C.F.O.P.[HH],-1795.614261185738,0,17,4,-30525.44244015755
libe-523853,C.F.O.P.[HH],-1795.5253405683225,0,17,4,-30523.93078966148
libe-526123,C.F.O.P.[HH],-1795.6276210118945,0,17,4,-30525.669557202207
libe-528445,C.F.O.P.[HH],-1795.6844624286216,0,17,4,-30526.635861286566
libe-529166,C.F.O.P.[HH],-1795.7104014028432,0,17,4,-30527.076823848336
libe-529398,C.F.O.P.[HH],-1795.56451874281,0,17,4,-30524.596818627768
libe-535328,C.F.O.P.[HH],-1795.5433401822593,0,17,4,-30524.236783098408
libe-535892,C.F.O.P.[HH],-1795.65043908872,0,17,4,-30526.05746450824
libe-535968,C.F.O.P.[HH],-1795.6783763599703,0,17,4,-30526.532398119496
libe-535998,C.F.O.P.[HH],-1795.7560619227806,0,17,4,-30527.85305268727
libe-539875,C.F.O.P.[HH],-1795.802058720238,0,17,4,-30528.634998244044
libe-542480,C.F.O.P.[HH],-1795.484671741925,0,17,4,-30523.239419612724
libe-542602,C.F.O.P.[HH],-1795.7691753944057,0,17,4,-30528.075981704897
libe-501242,C.F.O.S,-3444.9997245826416,0,7,4,-24114.99807207849
libe-121814,C.O.[HH],-965.3082041643554,0,15,2,-14479.62306246533
libe-525912,C.F.O.P,-2612.6260703195444,0,11,4,-28738.88677351499
libe-511323,C.F.O.P.[HH],-1546.774506593142,0,18,4,-27841.941118676554
libe-514721,C.F.O.P.[HH],-1546.6313434170515,0,18,4,-27839.364181506928
libe-515630,C.F.O.P.[HH],-1546.8371442624345,0,18,4,-27843.06859672382
libe-516643,C.F.O.P.[HH],-1546.8044770090974,0,18,4,-27842.480586163754
libe-516975,C.F.O.P.[HH],-1546.70252916504,0,18,4,-27840.64552497072
libe-520592,C.F.O.P.[HH],-1546.7543828981857,0,18,4,-27841.57889216734
libe-522869,C.F.O.P.[HH],-1546.7540937194187,0,18,4,-27841.573686949538
libe-525791,C.F.O.P.[HH],-1546.7678240640337,0,18,4,-27841.820833152608
libe-526977,C.F.O.P.[HH],-1546.770171109932,0,18,4,-27841.86307997878
libe-527985,C.F.O.P.[HH],-1546.7904223063551,0,18,4,-27842.22760151439
libe-528522,C.F.O.P.[HH],-1546.5789117771833,0,18,4,-27838.4204119893
libe-535616,C.F.O.P.[HH],-1546.7913984227516,0,18,4,-27842.245171609527
libe-539562,C.F.O.P.[HH],-1546.593442367182,0,18,4,-27838.681962609277
libe-118631,C.O.[LiH],-1108.6959311344003,0,5,3,-5543.479655672002
libe-137599,C.O.[LiH],-1108.5854201318534,0,5,3,-5542.927100659267
libe-637253,C.O.[LiH],-1108.6553438870837,0,5,3,-5543.276719435419
libe-225117,C.O.[LiH],-1108.1044358388096,0,5,3,-5540.5221791940485
libe-225161,C.O.[LiH],-1108.1249273647454,0,5,3,-5540.624636823727
libe-173906,C.O.[HH].[LiH],-615.390216189093,0,19,3,-11692.414107592767
libe-173964,C.O.[HH].[LiH],-615.3901748584207,0,19,3,-11692.413322309993
libe-138068,C.F.O.[HH],-1173.3258018653594,0,12,3,-14079.909622384312
libe-177200,C.F.O.[HH],-1173.3445608097454,0,12,3,-14080.134729716945
libe-178686,C.F.O.[HH],-1173.0361555198376,0,12,3,-14076.43386623805
libe-501878,C.F.N.S,-4010.6364514496795,0,9,4,-36095.728063047114
libe-501847,C.F.N.O.S,-3357.249394745453,0,14,5,-47001.491526436344
libe-515458,C.F.O.P.[HH],-2511.503267357804,0,9,4,-22603.529406220234
libe-117968,C.O.[HH],-1236.2046153063804,0,10,2,-12362.046153063804
libe-118037,C.O.[HH],-1236.7451902638388,0,10,2,-12367.451902638388
libe-516746,C.F.O.P.[HH],-2399.3151260552977,0,9,4,-21593.83613449768
libe-525838,C.F.O.P.[HH],-2399.0999786604734,0,9,4,-21591.89980794426
libe-526229,C.F.O.P.[HH],-2399.0794512925186,0,9,4,-21591.71506163267
libe-135987,C.F.O.[HH].[LiH],-1394.3407425130536,0,8,4,-11154.725940104428
libe-137121,C.F.O.[HH].[LiH],-1393.8679940448953,0,8,4,-11150.943952359163
libe-137668,C.F.O.[HH].[LiH],-1394.0646558061142,0,8,4,-11152.517246448913
libe-179109,C.F.O.[HH].[LiH],-1394.2958497037314,0,8,4,-11154.366797629851
libe-179339,C.F.O.[HH].[LiH],-1394.3264576855938,0,8,4,-11154.61166148475
libe-223940,C.F.O.[HH].[LiH],-1394.3318628266054,0,8,4,-11154.654902612843
libe-141197,C.F.O.[HH],-806.9895027629059,0,15,3,-12104.842541443588
libe-528135,C.O.P.[HH],-1433.5147768424563,0,13,3,-18635.69209895193
libe-528769,C.O.P.[HH],-1433.1906864340633,0,13,3,-18631.478923642822
libe-141108,C.F.O.[HH].[LiH],-910.0364766347523,0,8,4,-7280.291813078018
libe-137881,C.F.O.[HH].[LiH],-909.9900838315747,0,8,4,-7279.920670652597
libe-159176,C.F.O.[HH].[LiH],-909.9528476154557,0,8,4,-7279.622780923645
libe-173460,C.F.O.[HH].[LiH],-910.1912340394674,0,8,4,-7281.529872315739
libe-173485,C.F.O.[HH].[LiH],-910.3912141966645,0,8,4,-7283.129713573316
libe-211425,C.F.O.[HH].[LiH],-909.9595203578493,0,8,4,-7279.676162862795
libe-211782,C.F.O.[HH].[LiH],-910.2295528920642,0,8,4,-7281.836423136514
libe-115772,C.[HH],-356.351745994529,0,9,1,-3207.165713950761
libe-116625,C.[HH],-356.3256659224962,0,9,1,-3206.930993302466
libe-224894,C.[HH],-356.0546618374259,0,9,1,-3204.491956536833
libe-225156,C.[HH],-356.0423346276623,0,9,1,-3204.3810116489603
libe-138241,C.O.[HH].[LiH],-1049.1072864678645,0,12,3,-12589.287437614374
libe-177840,C.O.[HH].[LiH],-1049.136798312821,0,12,3,-12589.64157975385
libe-178424,C.O.[HH].[LiH],-1049.0983053154239,0,12,3,-12589.179663785086
libe-179562,C.O.[HH].[LiH],-1049.0602497076954,0,12,3,-12588.722996492346
libe-179607,C.O.[HH].[LiH],-1049.1054510667084,0,12,3,-12589.2654128005
libe-180196,C.O.[HH].[LiH],-1049.1209545504405,0,12,3,-12589.451454605287
libe-221838,C.O.[HH].[LiH],-1049.1014606241404,0,12,3,-12589.217527489684
libe-222208,C.O.[HH].[LiH],-1049.1880765206067,0,12,3,-12590.25691824728
libe-222520,C.O.[HH].[LiH],-1049.1054932432003,0,12,3,-12589.265918918403
libe-520780,C.F.O.P.[HH],-1433.8749918076194,0,18,4,-25809.74985253715
libe-525858,C.F.O.P.[HH],-1434.0021365134862,0,18,4,-25812.038457242754
libe-120847,C.O.[HH],-948.2731185023903,0,12,2,-11379.277422028683
libe-120848,C.O.[HH],-948.2375371370857,0,12,2,-11378.850445645028
libe-120849,C.O.[HH],-948.2641421411164,0,12,2,-11379.169705693397
libe-121150,C.O.[HH],-948.2985842931771,0,12,2,-11379.583011518125
libe-502228,C.F.N.O.S.[LiH],-3774.290958736201,0,8,6,-30194.327669889608
libe-502108,C.F.N.O.S.[LiH],-3495.8951140277472,0,10,6,-34958.95114027747
libe-502165,C.F.N.O.S.[LiH],-3496.127756441319,0,10,6,-34961.27756441319
libe-528742,C.O.P.[HH],-2480.461219465219,0,5,3,-12402.306097326094
libe-510973,C.F.O.[HH],-919.7178799963726,0,12,3,-11036.614559956472
libe-514677,C.F.O.[HH],-919.902684236582,0,12,3,-11038.832210838984
libe-514976,C.F.O.[HH],-919.6858023328969,0,12,3,-11036.229627994762
libe-515044,C.F.O.[HH],-919.8625054848343,0,12,3,-11038.350065818011
libe-516522,C.F.O.[HH],-919.7445085971711,0,12,3,-11036.934103166053
libe-526291,C.F.O.[HH],-919.8382718380334,0,12,3,-11038.0592620564
libe-528564,C.F.O.[HH],-919.8840714028634,0,12,3,-11038.60885683436
libe-529178,C.F.O.[HH],-919.8844756240684,0,12,3,-11038.613707488821
libe-529222,C.F.O.[HH],-919.8745849174562,0,12,3,-11038.495019009475
libe-138041,C.F.O,-1625.3396643288645,0,8,3,-13002.717314630916
libe-515658,C.F.O.P.[HH],-2452.507917010315,0,7,4,-17167.555419072203
libe-528254,C.F.O.P.[HH],-2452.7648908320125,0,7,4,-17169.35423582409
libe-641223,C.F.O.P.[HH],-2452.527576986561,0,7,4,-17167.693038905927
libe-641226,C.F.O.P.[HH],-2452.392316242822,0,7,4,-17166.746213699753
libe-501577,C.F.N.O.S,-3684.724457539723,0,11,5,-40531.969032936955
libe-121221,C.O.[HH].[LiH],-882.8694329315277,0,19,3,-16774.519225699027
libe-121223,C.O.[HH].[LiH],-882.9409917692587,0,19,3,-16775.878843615916
libe-121224,C.O.[HH].[LiH],-882.8419519813721,0,19,3,-16773.99708764607
libe-132143,C.O.[HH].[LiH],-882.9384513843521,0,19,3,-16775.83057630269
libe-132153,C.O.[HH].[LiH],-882.8247377790724,0,19,3,-16773.670017802375
libe-132165,C.O.[HH].[LiH],-882.9361932294493,0,19,3,-16775.787671359536
libe-132166,C.O.[HH].[LiH],-882.928342717109,0,19,3,-16775.63851162507
libe-132188,C.O.[HH].[LiH],-882.8042153379672,0,19,3,-16773.280091421377
libe-132220,C.O.[HH].[LiH],-882.9276687702911,0,19,3,-16775.625706635532
libe-132241,C.O.[HH].[LiH],-882.8026439541035,0,19,3,-16773.250235127965
libe-132249,C.O.[HH].[LiH],-882.9002806802215,0,19,3,-16775.10533292421
libe-631321,C.O.[HH].[LiH],-882.8528413725113,0,19,3,-16774.203986077715
libe-631328,C.O.[HH].[LiH],-882.8844548764537,0,19,3,-16774.80464265262
libe-631336,C.O.[HH].[LiH],-882.901692819987,0,19,3,-16775.132163579754
libe-117602,C.O.[HH],-1258.8453674651914,0,9,2,-11329.608307186723
libe-117608,C.O.[HH],-1258.8090769220694,0,9,2,-11329.281692298624
libe-117616,C.O.[HH],-1259.0167688817585,0,9,2,-11331.150919935826
libe-117644,C.O.[HH],-1259.1962040847077,0,9,2,-11332.76583676237
libe-120896,C.O.[HH].[LiH],-1166.804597234058,0,9,3,-10501.241375106523
libe-120900,C.O.[HH].[LiH],-1166.7672876531324,0,9,3,-10500.905588878191
libe-120901,C.O.[HH].[LiH],-1166.7499144869892,0,9,3,-10500.749230382902
libe-120904,C.O.[HH].[LiH],-1166.7530460485286,0,9,3,-10500.777414436758
libe-173862,C.O.[HH].[LiH],-600.5522338821986,0,16,3,-9608.835742115178
libe-173867,C.O.[HH].[LiH],-600.5269534347536,0,16,3,-9608.431254956058
libe-173868,C.O.[HH].[LiH],-600.5417677280421,0,16,3,-9608.668283648674
libe-174048,C.O.[HH].[LiH],-600.6331804366305,0,16,3,-9610.130886986088
libe-174306,C.O.[HH].[LiH],-600.5685817215735,0,16,3,-9609.097307545177
libe-174354,C.O.[HH].[LiH],-600.6853092207144,0,16,3,-9610.96494753143
libe-631242,C.O.[HH].[LiH],-600.7307416187193,0,16,3,-9611.69186589951
libe-631255,C.O.[HH].[LiH],-600.8369136752467,0,16,3,-9613.390618803947
libe-501888,C.F.N.O.S.[LiH],-3316.5661717324815,0,13,6,-43115.36023252226
libe-509547,C.F.O.P.[HH].[LiH],-2045.7817484012608,0,10,5,-20457.81748401261
libe-510439,C.F.O.P.[HH].[LiH],-2045.8746867051475,0,10,5,-20458.746867051475
libe-511157,C.F.O.P.[HH].[LiH],-2045.851693735602,0,10,5,-20458.51693735602
libe-514461,C.F.O.P.[HH].[LiH],-2045.9758951897606,0,10,5,-20459.758951897606
libe-514478,C.F.O.P.[HH].[LiH],-2046.0371798616932,0,10,5,-20460.371798616932
libe-515254,C.F.O.P.[HH].[LiH],-2045.9499826031638,0,10,5,-20459.49982603164
libe-515721,C.F.O.P.[HH].[LiH],-2046.0671803822054,0,10,5,-20460.671803822053
libe-516389,C.F.O.P.[HH].[LiH],-2046.070888284863,0,10,5,-20460.70888284863
libe-516727,C.F.O.P.[HH].[LiH],-2045.8806741331828,0,10,5,-20458.806741331828
libe-517479,C.F.O.P.[HH].[LiH],-2046.009708130451,0,10,5,-20460.09708130451
libe-520979,C.F.O.P.[HH].[LiH],-2046.009591116722,0,10,5,-20460.09591116722
libe-521790,C.F.O.P.[HH].[LiH],-2045.842629329042,0,10,5,-20458.42629329042
libe-522774,C.F.O.P.[HH].[LiH],-2045.9590073778168,0,10,5,-20459.590073778167
libe-522804,C.F.O.P.[HH].[LiH],-2045.9135151717796,0,10,5,-20459.135151717797
libe-523876,C.F.O.P.[HH].[LiH],-2045.9592262499827,0,10,5,-20459.592262499827
libe-525848,C.F.O.P.[HH].[LiH],-2046.0484412953356,0,10,5,-20460.484412953356
libe-525851,C.F.O.P.[HH].[LiH],-2046.0271782788823,0,10,5,-20460.271782788823
libe-526825,C.F.O.P.[HH].[LiH],-2045.6367007616914,0,10,5,-20456.367007616915
libe-529060,C.F.O.P.[HH].[LiH],-2045.8333616840569,0,10,5,-20458.33361684057
libe-537177,C.F.O.P.[HH].[LiH],-2045.845246945623,0,10,5,-20458.45246945623
libe-118650,C.O.[HH].[LiH],-587.7309934201554,0,6,3,-3526.3859605209323
libe-224792,C.O.[HH].[LiH],-587.5764154611044,0,6,3,-3525.458492766626
libe-121818,C.O.[HH].[LiH],-999.91543442812,0,19,3,-18998.39325413428
libe-121819,C.O.[HH].[LiH],-999.882695013697,0,19,3,-18997.771205260244
libe-121820,C.O.[HH].[LiH],-999.944426259289,0,19,3,-18998.94409892649
libe-121821,C.O.[HH].[LiH],-999.8838069904835,0,19,3,-18997.792332819186
libe-121822,C.O.[HH].[LiH],-999.8858245628226,0,19,3,-18997.83066669363
libe-121823,C.O.[HH].[LiH],-999.8113188048751,0,19,3,-18996.415057292626
libe-121825,C.O.[HH].[LiH],-999.8164299177188,0,19,3,-18996.512168436657
libe-132244,C.O.[HH].[LiH],-999.7800733617802,0,19,3,-18995.821393873823
libe-518933,C.O.P.[HH],-1655.1677529890032,0,10,3,-16551.677529890032
libe-524732,C.F.O.P.[HH],-1751.8080330418722,0,11,4,-19269.888363460595
libe-137236,C.O.[LiH],-1392.979111407406,0,9,3,-12536.812002666655
libe-115947,C.[HH],-627.6813608554794,0,5,1,-3138.406804277397
libe-115949,C.[HH],-627.8814841784608,0,5,1,-3139.407420892304
libe-115950,C.[HH],-627.5823728921134,0,5,1,-3137.9118644605674
libe-224609,C.[HH],-627.4214486746198,0,5,1,-3137.107243373099
libe-224610,C.[HH],-627.6836890142847,0,5,1,-3138.418445071424
libe-224662,C.[HH],-627.3736802634995,0,5,1,-3136.8684013174975
libe-138314,C.F.O.[HH].[LiH],-1333.9145788631286,0,13,4,-17340.88952522067
libe-138327,C.F.O.[HH].[LiH],-1333.8595458911595,0,13,4,-17340.174096585073
libe-178584,C.F.O.[HH].[LiH],-1333.717278804226,0,13,4,-17338.324624454937
libe-179312,C.F.O.[HH].[LiH],-1333.8219490287033,0,13,4,-17339.685337373143
libe-180462,C.F.O.[HH].[LiH],-1333.8382481010376,0,13,4,-17339.89722531349
libe-220605,C.F.O.[HH].[LiH],-1333.7595426165526,0,13,4,-17338.874054015185
libe-222344,C.F.O.[HH].[LiH],-1333.881553427613,0,13,4,-17340.460194558967
libe-222376,C.F.O.[HH].[LiH],-1333.663482787893,0,13,4,-17337.62527624261
libe-222432,C.F.O.[HH].[LiH],-1333.7595488665283,0,13,4,-17338.87413526487
libe-222801,C.F.O.[HH].[LiH],-1333.784616706023,0,13,4,-17339.200017178297
libe-223601,C.F.O.[HH].[LiH],-1333.8852088314902,0,13,4,-17340.507714809373
libe-514563,C.O.P.[HH].[LiH],-1971.3402509563114,0,9,4,-17742.062258606802
libe-515093,C.O.P.[HH].[LiH],-1971.1539006824626,0,9,4,-17740.385106142163
libe-515768,C.O.P.[HH].[LiH],-1971.356189455012,0,9,4,-17742.205705095108
libe-516791,C.O.P.[HH].[LiH],-1971.2072825071518,0,9,4,-17740.865542564366
libe-497695,C.O.S.[LiH],-3035.741291897483,0,6,4,-18214.447751384898
libe-115796,C.O.[HH].[LiH],-489.73155850984364,0,9,3,-4407.584026588593
libe-638878,C.O.[HH].[LiH],-489.5960295793868,0,9,3,-4406.364266214481
libe-225160,C.O.[HH].[LiH],-489.34406344038547,0,9,3,-4404.096570963469
libe-225276,C.O.[HH].[LiH],-489.3531197334679,0,9,3,-4404.178077601211
libe-523400,C.F.O.P,-2663.241845317076,0,9,4,-23969.176607853682
libe-524341,C.F.O.P,-2663.4938799126016,0,9,4,-23971.444919213416
libe-527757,C.F.O.P,-2663.2632846224465,0,9,4,-23969.36956160202
libe-206876,C.F.O.[LiH],-1242.5521065065482,0,5,4,-6212.76053253274
libe-207182,C.F.O.[LiH],-1242.5685343550888,0,5,4,-6212.842671775444
libe-207471,C.F.O.[LiH],-1242.5544689766268,0,5,4,-6212.772344883134
libe-135850,C.F.O.[LiH],-1408.3331721287818,0,5,4,-7041.665860643909
libe-136245,C.F.O.[LiH],-1408.3866705591613,0,5,4,-7041.933352795806
libe-136885,C.F.O.[LiH],-1408.1280471174664,0,5,4,-7040.6402355873315
libe-174807,C.F.O.[LiH],-1407.983905436325,0,5,4,-7039.919527181624
libe-225675,C.F.O.[LiH],-1408.1214723447608,0,5,4,-7040.607361723804
libe-225683,C.F.O.[LiH],-1408.1816215314711,0,5,4,-7040.908107657356
libe-517119,C.F.O.P.[HH],-1784.754034367136,0,15,4,-26771.31051550704
libe-520436,C.F.O.P.[HH],-1784.7552529710292,0,15,4,-26771.328794565437
libe-525585,C.F.O.P.[HH],-1784.7656701487863,0,15,4,-26771.485052231794
libe-527998,C.F.O.P.[HH],-1784.8749530029565,0,15,4,-26773.12429504435
libe-534765,C.F.O.P.[HH],-1784.9247555280447,0,15,4,-26773.87133292067
libe-132009,C.O.[HH].[LiH],-879.8818275676632,0,12,3,-10558.581930811959
libe-132010,C.O.[HH].[LiH],-879.9891328188738,0,12,3,-10559.869593826486
libe-132013,C.O.[HH].[LiH],-879.7291174397047,0,12,3,-10556.749409276457
libe-132047,C.O.[HH].[LiH],-879.8943359699201,0,12,3,-10558.732031639041
libe-132053,C.O.[HH].[LiH],-879.7759302045405,0,12,3,-10557.311162454485
libe-522852,C.F.O.P.[HH],-1916.938885231174,0,12,4,-23003.26662277409
libe-538883,C.F.O.P.[HH],-1916.9699159139602,0,12,4,-23003.638990967524
libe-120592,C.O.[HH].[LiH],-969.4412140386582,0,10,3,-9694.412140386583
libe-120593,C.O.[HH].[LiH],-969.5543189495714,0,10,3,-9695.543189495715
libe-120595,C.O.[HH].[LiH],-969.6701509395971,0,10,3,-9696.70150939597
libe-120596,C.O.[HH].[LiH],-969.6186136850258,0,10,3,-9696.186136850258
libe-120597,C.O.[HH].[LiH],-969.8182462145298,0,10,3,-9698.182462145298
libe-120607,C.O.[HH].[LiH],-969.6257401455568,0,10,3,-9696.257401455568
libe-120608,C.O.[HH].[LiH],-969.6916319763162,0,10,3,-9696.916319763162
libe-120618,C.O.[HH].[LiH],-969.6367277179477,0,10,3,-9696.367277179477
libe-120659,C.O.[HH].[LiH],-969.5194995399515,0,10,3,-9695.194995399515
libe-120660,C.O.[HH].[LiH],-969.6599637899669,0,10,3,-9696.59963789967
libe-120661,C.O.[HH].[LiH],-969.687493355654,0,10,3,-9696.87493355654
libe-120662,C.O.[HH].[LiH],-969.3114356819018,0,10,3,-9693.114356819018
libe-120667,C.O.[HH].[LiH],-969.4360069480308,0,10,3,-9694.360069480308
libe-180261,C.O.[HH].[LiH],-969.3415409201905,0,10,3,-9693.415409201905
libe-187158,C.O.[HH].[LiH],-969.3297918971987,0,10,3,-9693.297918971986
libe-187374,C.O.[HH].[LiH],-969.5247011861298,0,10,3,-9695.247011861298
libe-119868,C.O.[HH].[LiH],-941.8870284189476,0,9,3,-8476.983255770529
libe-119870,C.O.[HH].[LiH],-941.8795133915335,0,9,3,-8476.915620523801
libe-119877,C.O.[HH].[LiH],-942.0612135261495,0,9,3,-8478.550921735345
libe-119878,C.O.[HH].[LiH],-941.8238295221612,0,9,3,-8476.41446569945
libe-119881,C.O.[HH].[LiH],-941.9942256551102,0,9,3,-8477.948030895992
libe-119882,C.O.[HH].[LiH],-941.954833283784,0,9,3,-8477.593499554056
libe-119883,C.O.[HH].[LiH],-941.8561935717846,0,9,3,-8476.705742146061
libe-119885,C.O.[HH].[LiH],-941.9667887902654,0,9,3,-8477.701099112388
libe-119887,C.O.[HH].[LiH],-942.0420297492832,0,9,3,-8478.378267743548
libe-119890,C.O.[HH].[LiH],-941.8371518048441,0,9,3,-8476.534366243597
libe-119898,C.O.[HH].[LiH],-941.925400662911,0,9,3,-8477.328605966199
libe-119912,C.O.[HH].[LiH],-941.7219020044419,0,9,3,-8475.497118039977
libe-121794,C.O.[HH],-1033.1245912262248,0,10,2,-10331.245912262248
libe-220828,C.O.[HH],-1033.3427514239606,0,10,2,-10333.427514239607
libe-135846,C.F.[HH],-964.0643169616127,0,5,2,-4820.321584808064
libe-135852,C.F.[HH],-964.0540717091455,0,5,2,-4820.2703585457275
libe-528848,C.F.[HH],-963.6820131761464,0,5,2,-4818.410065880732
libe-514990,C.F.O.P.[HH],-2171.2296697324114,0,12,4,-26054.75603678894
libe-516988,C.F.O.P.[HH],-2171.006487047247,0,12,4,-26052.077844566964
libe-517049,C.F.O.P.[HH],-2171.0733608731966,0,12,4,-26052.88033047836
libe-521139,C.F.O.P.[HH],-2171.226678915289,0,12,4,-26054.72014698347
libe-528016,C.F.O.P.[HH],-2171.1693135652813,0,12,4,-26054.031762783376
libe-539331,C.F.O.P.[HH],-2171.0027923033654,0,12,4,-26052.033507640386
libe-118809,C.O.[HH].[LiH],-941.0399164535461,0,9,3,-8469.359248081915
libe-638352,C.O.[HH].[LiH],-940.9551981126592,0,9,3,-8468.596783013933
libe-118814,C.O.[HH].[LiH],-940.99459460366,0,9,3,-8468.95135143294
libe-118817,C.O.[HH].[LiH],-940.7120828844537,0,9,3,-8466.408745960083
libe-118820,C.O.[HH].[LiH],-940.8476154521862,0,9,3,-8467.628539069676
libe-137056,C.O.[HH].[LiH],-940.7970209576815,0,9,3,-8467.173188619134
libe-183457,C.O.[HH].[LiH],-941.2693553363354,0,9,3,-8471.424198027018
libe-183461,C.O.[HH].[LiH],-941.2839309470314,0,9,3,-8471.555378523282
libe-202306,C.O.[HH].[LiH],-941.2387403702774,0,9,3,-8471.148663332497
libe-631568,C.O.[HH].[LiH],-940.9367194252795,0,9,3,-8468.430474827515
libe-631570,C.O.[HH].[LiH],-941.0561140210502,0,9,3,-8469.505026189452
libe-631587,C.O.[HH].[LiH],-941.0218854542181,0,9,3,-8469.196969087963
libe-631591,C.O.[HH].[LiH],-941.2321036949185,0,9,3,-8471.088933254267
libe-639717,C.O.[HH].[LiH],-940.7731260262367,0,9,3,-8466.95813423613
libe-639720,C.O.[HH].[LiH],-940.748425923535,0,9,3,-8466.735833311815
libe-639722,C.O.[HH].[LiH],-940.7174231225201,0,9,3,-8466.456808102681
libe-639723,C.O.[HH].[LiH],-940.6959793890773,0,9,3,-8466.263814501695
libe-639751,C.O.[HH].[LiH],-940.5097829978635,0,9,3,-8464.58804698077
libe-639811,C.O.[HH].[LiH],-940.8241649410835,0,9,3,-8467.417484469752
libe-639823,C.O.[HH].[LiH],-940.8815418175683,0,9,3,-8467.933876358115
libe-640039,C.O.[HH].[LiH],-940.7003323781495,0,9,3,-8466.302991403345
libe-115769,C.O.[HH],-1202.0162737113108,0,6,2,-7212.097642267865
libe-225522,C.O.[HH],-1201.2620429326332,0,6,2,-7207.5722575958
libe-524559,C.O.P.[HH],-1836.9952840247565,0,9,3,-16532.95755622281
libe-527172,C.O.P.[HH],-1837.3112416805582,0,9,3,-16535.801175125023
libe-140896,C.F.[HH],-1256.5644663437063,0,6,2,-7539.386798062238
libe-228037,C.F.[HH],-1256.1653227138647,0,6,2,-7536.991936283188
libe-121036,C.O.[HH],-762.5512341938432,0,15,2,-11438.268512907649
libe-121038,C.O.[HH],-762.3555821933099,0,15,2,-11435.33373289965
libe-121040,C.O.[HH],-762.3394199298068,0,15,2,-11435.091298947102
libe-121042,C.O.[HH],-762.5043019627195,0,15,2,-11437.564529440793
libe-121044,C.O.[HH],-762.4900912871424,0,15,2,-11437.351369307136
libe-121046,C.O.[HH],-762.5139058955494,0,15,2,-11437.708588433241
libe-121047,C.O.[HH],-762.5466653560873,0,15,2,-11438.19998034131
libe-121053,C.O.[HH],-762.4840661697064,0,15,2,-11437.260992545594
libe-121064,C.O.[HH],-762.3711154764329,0,15,2,-11435.566732146493
libe-121068,C.O.[HH],-762.4772067001138,0,15,2,-11437.158100501707
libe-121072,C.O.[HH],-762.5084998757953,0,15,2,-11437.62749813693
libe-117469,C.O.[HH].[LiH],-624.9720343203546,0,14,3,-8749.608480484965
libe-117471,C.O.[HH].[LiH],-625.0090797726132,0,14,3,-8750.127116816584
libe-117481,C.O.[HH].[LiH],-624.9103411002524,0,14,3,-8748.744775403533
libe-117542,C.O.[HH].[LiH],-624.785707557284,0,14,3,-8746.999905801977
libe-117599,C.O.[HH].[LiH],-625.0153195629051,0,14,3,-8750.214473880671
libe-115773,C.O.[HH],-468.66769326805974,0,9,2,-4218.009239412538
libe-508259,C.O.[HH],-468.60149144376413,0,9,2,-4217.413422993877
libe-642319,C.O.[HH],-467.89228951952515,0,9,2,-4211.030605675726
libe-117693,C.O.[HH],-694.8499761146049,0,12,2,-8338.19971337526
libe-638112,C.O.[HH],-694.6780486550409,0,12,2,-8336.13658386049
libe-117695,C.O.[HH],-694.6430629057021,0,12,2,-8335.716754868425
libe-638142,C.O.[HH],-694.629308470357,0,12,2,-8335.551701644285
libe-638154,C.O.[HH],-694.6251752941135,0,12,2,-8335.502103529363
libe-117700,C.O.[HH],-694.6640785808399,0,12,2,-8335.96894297008
libe-117701,C.O.[HH],-694.8363219604415,0,12,2,-8338.035863525298
libe-117703,C.O.[HH],-694.8410100960374,0,12,2,-8338.09212115245
libe-117706,C.O.[HH],-694.7480652093672,0,12,2,-8336.976782512405
libe-117707,C.O.[HH],-694.7324172087264,0,12,2,-8336.789006504716
libe-117708,C.O.[HH],-694.4476243388003,0,12,2,-8333.371492065604
libe-637993,C.O.[HH],-694.8262923849874,0,12,2,-8337.915508619848
libe-117712,C.O.[HH],-694.7172998942068,0,12,2,-8336.607598730481
libe-117713,C.O.[HH],-694.8540446550114,0,12,2,-8338.248535860137
libe-117714,C.O.[HH],-694.6753940145333,0,12,2,-8336.1047281744
libe-638106,C.O.[HH],-694.7525195633758,0,12,2,-8337.03023476051
libe-117720,C.O.[HH],-694.5369702405823,0,12,2,-8334.443642886987
libe-117721,C.O.[HH],-694.8915767219374,0,12,2,-8338.69892066325
libe-117724,C.O.[HH],-694.7110843520951,0,12,2,-8336.533012225142
libe-117725,C.O.[HH],-694.5056644824989,0,12,2,-8334.067973789986
libe-117727,C.O.[HH],-694.7241480745937,0,12,2,-8336.689776895124
libe-117729,C.O.[HH],-694.6555441199072,0,12,2,-8335.866529438887
libe-180732,C.O.[HH],-694.4884175552584,0,12,2,-8333.8610106631
libe-180770,C.O.[HH],-694.6869954222076,0,12,2,-8336.243945066492
libe-180862,C.O.[HH],-694.5231496855854,0,12,2,-8334.277796227025
libe-180904,C.O.[HH],-694.434127830537,0,12,2,-8333.209533966445
libe-510559,C.O.[HH],-694.8073381827435,0,12,2,-8337.688058192922
libe-639982,C.O.[HH],-694.6124061182735,0,12,2,-8335.348873419282
libe-639987,C.O.[HH],-694.6062073794492,0,12,2,-8335.27448855339
libe-639991,C.O.[HH],-694.5424249520452,0,12,2,-8334.509099424542
libe-639992,C.O.[HH],-694.5034551438089,0,12,2,-8334.041461725707
libe-639994,C.O.[HH],-694.5629120137378,0,12,2,-8334.754944164853
libe-639997,C.O.[HH],-694.562196043648,0,12,2,-8334.746352523776
libe-640009,C.O.[HH],-694.4321217738033,0,12,2,-8333.185461285639
libe-640021,C.O.[HH],-694.4789488612287,0,12,2,-8333.747386334744
libe-640030,C.O.[HH],-694.6198810480179,0,12,2,-8335.438572576215
libe-640046,C.O.[HH],-694.550532387082,0,12,2,-8334.606388644983
libe-640049,C.O.[HH],-694.5141751355121,0,12,2,-8334.170101626145
libe-640058,C.O.[HH],-694.5865421094046,0,12,2,-8335.038505312856
libe-640059,C.O.[HH],-694.5903809787752,0,12,2,-8335.084571745303
libe-640068,C.O.[HH],-694.4111835439621,0,12,2,-8332.934202527545
libe-640085,C.O.[HH],-694.4078905216647,0,12,2,-8332.894686259977
libe-640100,C.O.[HH],-694.599432374791,0,12,2,-8335.193188497493
libe-640101,C.O.[HH],-694.5675194503042,0,12,2,-8334.81023340365
libe-640103,C.O.[HH],-694.6476271034677,0,12,2,-8335.771525241613
libe-640105,C.O.[HH],-694.6809075329816,0,12,2,-8336.170890395779
libe-640156,C.O.[HH],-694.4000779455259,0,12,2,-8332.800935346311
libe-640175,C.O.[HH],-694.4163194897372,0,12,2,-8332.995833876847
libe-640203,C.O.[HH],-694.6019031426886,0,12,2,-8335.222837712263
libe-640220,C.O.[HH],-694.5453330595287,0,12,2,-8334.543996714345
libe-640221,C.O.[HH],-694.5889921979168,0,12,2,-8335.067906375001
libe-640240,C.O.[HH],-694.6483311611851,0,12,2,-8335.77997393422
libe-141437,C.F.O.[HH].[LiH],-911.6325901176278,0,18,4,-16409.3866221173
libe-141524,C.F.O.[HH].[LiH],-911.6316532208463,0,18,4,-16409.369757975233
libe-173720,C.F.O.[LiH],-1418.225887786194,0,8,4,-11345.807102289553
libe-219973,C.F.O.[LiH],-1417.9535892814595,0,8,4,-11343.628714251676
libe-120152,C.O.[HH],-1414.1585254997651,0,8,2,-11313.268203998121
libe-120202,C.O.[HH],-1414.2330360295364,0,8,2,-11313.864288236291
libe-511267,C.F.O.P.[HH],-2243.0734751628215,0,11,4,-24673.808226791036
libe-521773,C.F.O.P.[HH],-2243.072062158293,0,11,4,-24673.792683741227
libe-528620,C.F.O.P.[HH],-2243.256349935547,0,11,4,-24675.819849291016
libe-514777,C.O.P.[HH],-2066.916468830021,0,7,3,-14468.415281810148
libe-642180,C.O.P.[HH],-2066.464524682823,0,7,3,-14465.251672779761
libe-121685,C.F.O.P.[HH].[LiH],-1855.2605278649107,0,16,5,-29684.16844583857
libe-121755,C.F.O.P.[HH].[LiH],-1855.1827668188191,0,16,5,-29682.924269101106
libe-141022,C.F.O.[HH],-989.8066099374765,0,16,3,-15836.905758999625
libe-141511,C.F.O.[HH],-989.7809445349674,0,16,3,-15836.495112559478
libe-526769,C.F.O.P.[LiH],-2637.0531850119173,0,8,5,-21096.42548009534
libe-224483,C.F.N.O.S.[LiH],-3120.5411360202975,0,16,6,-49928.65817632476
libe-136066,C.F.O.[HH].[LiH],-1204.5062456682522,0,5,4,-6022.53122834126
libe-173628,C.F.O.[HH].[LiH],-1204.5449854891851,0,5,4,-6022.7249274459255
libe-208516,C.F.O.[HH].[LiH],-1204.6171815033958,0,5,4,-6023.085907516979
libe-208718,C.F.O.[HH].[LiH],-1204.6042970013686,0,5,4,-6023.021485006843
libe-141176,C.F.O.[HH].[LiH],-1109.752166645258,0,20,4,-22195.043332905163
libe-141220,C.F.O.[HH].[LiH],-1109.7361353190242,0,20,4,-22194.722706380486
libe-141327,C.F.O.[HH].[LiH],-1109.6879093423659,0,20,4,-22193.758186847317
libe-141468,C.F.O.[HH].[LiH],-1109.745435787643,0,20,4,-22194.90871575286
libe-141529,C.F.O.[HH].[LiH],-1109.6659025435836,0,20,4,-22193.318050871672
libe-141542,C.F.O.[HH].[LiH],-1109.7199286123246,0,20,4,-22194.398572246493
libe-389860,C.F.O.[HH].[LiH],-1109.6512304878681,0,20,4,-22193.02460975736
libe-397207,C.F.O.[HH].[LiH],-1109.6849568968432,0,20,4,-22193.699137936863
libe-140701,C.F.O.[HH].[LiH],-1021.1642904341071,0,13,4,-13275.135775643392
libe-140721,C.F.O.[HH].[LiH],-1021.3768799305755,0,13,4,-13277.89943909748
libe-140804,C.F.O.[HH].[LiH],-1021.3818550663996,0,13,4,-13277.964115863195
libe-140812,C.F.O.[HH].[LiH],-1021.358794301667,0,13,4,-13277.66432592167
libe-140955,C.F.O.[HH].[LiH],-1021.3762848065169,0,13,4,-13277.89170248472
libe-140980,C.F.O.[HH].[LiH],-1021.2101218244754,0,13,4,-13275.731583718181
libe-173707,C.F.O.[HH].[LiH],-1341.1459649679005,0,10,4,-13411.459649679005
libe-510434,C.F.O.P.[HH],-2567.152300488265,0,10,4,-25671.523004882652
libe-121275,C.O.[HH],-872.8019434547109,0,19,2,-16583.236925639507
libe-121276,C.O.[HH],-872.8858028566419,0,19,2,-16584.830254276196
libe-121288,C.O.[HH],-872.7885939925901,0,19,2,-16582.983285859213
libe-121293,C.O.[HH],-872.7952306424223,0,19,2,-16583.109382206025
libe-121294,C.O.[HH],-872.8896099948098,0,19,2,-16584.902589901387
libe-121298,C.O.[HH],-872.9013687475224,0,19,2,-16585.126006202925
libe-121301,C.O.[HH],-872.9002786890859,0,19,2,-16585.10529509263
libe-121304,C.O.[HH],-872.8880385900137,0,19,2,-16584.87273321026
libe-121305,C.O.[HH],-872.7653814767563,0,19,2,-16582.54224805837
libe-121306,C.O.[HH],-872.8988480181159,0,19,2,-16585.078112344203
libe-121307,C.O.[HH],-872.8895642646283,0,19,2,-16584.901721027938
libe-121309,C.O.[HH],-872.7649191151378,0,19,2,-16582.533463187618
libe-121320,C.O.[HH],-872.7920082373079,0,19,2,-16583.04815650885
libe-140835,C.F.O.[HH].[LiH],-1072.6632247494613,0,13,4,-13944.621921742997
libe-141005,C.F.O.[HH].[LiH],-1072.642223614306,0,13,4,-13944.348906985979
libe-514868,C.O.P.[HH],-2578.1419502177077,0,6,3,-15468.851701306246
libe-520477,C.O.P.[HH],-2578.4127140129563,0,6,3,-15470.476284077738
libe-520833,C.O.P.[HH],-2577.3259099183865,0,6,3,-15463.95545951032
libe-525880,C.O.P.[HH],-2578.0319091256392,0,6,3,-15468.191454753836
libe-527710,C.O.P.[HH],-2578.0952857566035,0,6,3,-15468.571714539621
libe-640799,C.O.P.[HH],-2577.8762304323354,0,6,3,-15467.257382594013
libe-640800,C.O.P.[HH],-2577.4915151242953,0,6,3,-15464.949090745773
libe-640809,C.O.P.[HH],-2578.1167914090925,0,6,3,-15468.700748454554
libe-640884,C.O.P.[HH],-2578.13021136172,0,6,3,-15468.781268170318
libe-640892,C.O.P.[HH],-2577.878639617107,0,6,3,-15467.271837702643
libe-636775,C.O.[HH].[LiH],-680.9931864937702,0,11,3,-7490.925051431472
libe-176416,C.O.[HH].[LiH],-681.0184116918991,0,11,3,-7491.20252861089
libe-183470,C.O.[HH].[LiH],-681.0145813493717,0,11,3,-7491.160394843088
libe-183521,C.O.[HH].[LiH],-680.693405406684,0,11,3,-7487.627459473523
libe-183555,C.O.[HH].[LiH],-681.0107975140369,0,11,3,-7491.118772654406
libe-183616,C.O.[HH].[LiH],-680.6874763338092,0,11,3,-7487.562239671901
libe-184768,C.O.[HH].[LiH],-680.7699334802014,0,11,3,-7488.469268282215
libe-641623,C.O.[HH].[LiH],-680.6070059662098,0,11,3,-7486.677065628309
libe-641631,C.O.[HH].[LiH],-680.7445147004784,0,11,3,-7488.189661705262
libe-641632,C.O.[HH].[LiH],-680.6086618770748,0,11,3,-7486.695280647823
libe-641634,C.O.[HH].[LiH],-680.7637600123343,0,11,3,-7488.401360135677
libe-641635,C.O.[HH].[LiH],-680.770748766698,0,11,3,-7488.478236433679
libe-641706,C.O.[HH].[LiH],-680.6020583226752,0,11,3,-7486.6226415494275
libe-642102,C.O.[HH].[LiH],-680.7517552383475,0,11,3,-7488.269307621823
libe-173974,C.O.[HH].[LiH],-648.6550103432727,0,18,3,-11675.790186178909
libe-173976,C.O.[HH].[LiH],-648.6517868991102,0,18,3,-11675.732164183984
libe-175242,C.O.[HH].[LiH],-648.707639849739,0,18,3,-11676.737517295303
libe-524638,C.F.O.P,-3308.8062622618345,0,6,4,-19852.837573571007
libe-527219,C.F.O.P,-3309.032045975451,0,6,4,-19854.192275852707
libe-117945,C.O,-1541.7945624007332,0,8,2,-12334.356499205865
libe-520806,C.F.O.P,-2776.0331886301724,0,9,4,-24984.29869767155
libe-136276,C.F.O.[HH].[LiH],-1128.3651969906632,0,11,4,-12412.017166897296
libe-136291,C.F.O.[HH].[LiH],-1128.2955699095937,0,11,4,-12411.25126900553
libe-136489,C.F.O.[HH].[LiH],-1128.371798204289,0,11,4,-12412.089780247179
libe-136520,C.F.O.[HH].[LiH],-1128.3525712574674,0,11,4,-12411.87828383214
libe-137293,C.F.O.[HH].[LiH],-1128.41833868316,0,11,4,-12412.601725514762
libe-137299,C.F.O.[HH].[LiH],-1128.4925558761079,0,11,4,-12413.418114637187
libe-137301,C.F.O.[HH].[LiH],-1128.4540360883043,0,11,4,-12412.994396971348
libe-137310,C.F.O.[HH].[LiH],-1128.4592467671832,0,11,4,-12413.051714439016
libe-180579,C.F.O.[HH].[LiH],-1128.3026242872781,0,11,4,-12411.32886716006
libe-180621,C.F.O.[HH].[LiH],-1128.4088786134714,0,11,4,-12412.497664748185
libe-180638,C.F.O.[HH].[LiH],-1128.4346499205744,0,11,4,-12412.781149126318
libe-180788,C.F.O.[HH].[LiH],-1128.4361015343077,0,11,4,-12412.797116877386
libe-180835,C.F.O.[HH].[LiH],-1128.499071441615,0,11,4,-12413.489785857764
libe-180886,C.F.O.[HH].[LiH],-1128.4790188207337,0,11,4,-12413.269207028072
libe-181398,C.F.O.[HH].[LiH],-1128.4634394270588,0,11,4,-12413.097833697646
libe-181501,C.F.O.[HH].[LiH],-1128.522821123006,0,11,4,-12413.751032353066
libe-181685,C.F.O.[HH].[LiH],-1128.7072793951493,0,11,4,-12415.780073346643
libe-182104,C.F.O.[HH].[LiH],-1128.35070444833,0,11,4,-12411.857748931629
libe-185891,C.F.O.[HH].[LiH],-1128.4599082071759,0,11,4,-12413.058990278934
libe-221792,C.F.O.[HH].[LiH],-1128.4050216517119,0,11,4,-12412.455238168832
libe-116127,C.O.[HH].[LiH],-868.3746781971382,0,5,3,-4341.873390985691
libe-116150,C.O.[HH].[LiH],-868.3911390101908,0,5,3,-4341.955695050954
libe-116151,C.O.[HH].[LiH],-868.0903653155623,0,5,3,-4340.4518265778115
libe-136904,C.O.[HH].[LiH],-867.8776831284928,0,5,3,-4339.388415642464
libe-224758,C.O.[HH].[LiH],-867.2920891167387,0,5,3,-4336.460445583693
libe-224841,C.O.[HH].[LiH],-867.6966904690789,0,5,3,-4338.483452345395
libe-224846,C.O.[HH].[LiH],-867.8356929827378,0,5,3,-4339.178464913689
libe-224847,C.O.[HH].[LiH],-867.6618233533827,0,5,3,-4338.309116766914
libe-511067,C.F.O.P.[HH].[LiH],-2345.8398161801033,0,9,5,-21112.558345620928
libe-516739,C.F.O.P.[HH].[LiH],-2345.8858387329183,0,9,5,-21112.972548596263
libe-519485,C.F.O.P.[HH].[LiH],-2345.8636630566543,0,9,5,-21112.77296750989
libe-501812,C.F.N.O.S.[LiH],-3225.882793806702,0,14,6,-45162.35911329383
libe-502006,C.F.N.O.S.[LiH],-3225.884900511261,0,14,6,-45162.388607157656
libe-121102,C.O.[HH].[LiH],-800.4216556333784,0,21,3,-16808.854768300946
libe-137594,C.F.O.[HH],-994.2718215457945,0,9,3,-8948.44639391215
libe-137751,C.F.O.[HH],-994.228215311611,0,9,3,-8948.0539378045
libe-176801,C.F.O.[HH],-993.8620630128238,0,9,3,-8944.758567115414
libe-502203,C.F.N.O.S.[LiH],-3425.334626957811,0,11,6,-37678.68089653592
libe-502215,C.F.N.O.S.[LiH],-3425.3045040708544,0,11,6,-37678.3495447794
libe-502317,C.F.N.O.S.[LiH],-3425.2274746345397,0,11,6,-37677.502220979935
libe-502351,C.F.N.O.S.[LiH],-3425.239520731248,0,11,6,-37677.634728043726
libe-502355,C.F.N.O.S.[LiH],-3425.405010888548,0,11,6,-37679.45511977403
libe-502599,C.F.N.O.S.[LiH],-3425.2890439236753,0,11,6,-37678.17948316043
libe-509698,C.F.O.P,-3079.8500976262508,0,7,4,-21558.950683383755
libe-121811,C.O.[HH],-1371.7398601487218,0,12,2,-16460.87832178466
libe-120047,C.O.[HH].[LiH],-657.0996454784113,0,13,3,-8542.295391219346
libe-120048,C.O.[HH].[LiH],-657.1488996184769,0,13,3,-8542.9356950402
libe-120049,C.O.[HH].[LiH],-657.196086611614,0,13,3,-8543.549125950982
libe-120050,C.O.[HH].[LiH],-657.065955115296,0,13,3,-8541.857416498848
libe-120051,C.O.[HH].[LiH],-657.0617733216533,0,13,3,-8541.803053181493
libe-120052,C.O.[HH].[LiH],-657.032844412454,0,13,3,-8541.426977361902
libe-120053,C.O.[HH].[LiH],-657.1560245021302,0,13,3,-8543.028318527693
libe-120054,C.O.[HH].[LiH],-657.0464894959277,0,13,3,-8541.60436344706
libe-120055,C.O.[HH].[LiH],-657.1490196677179,0,13,3,-8542.937255680332
libe-120056,C.O.[HH].[LiH],-656.9814976813069,0,13,3,-8540.75946985699
libe-120058,C.O.[HH].[LiH],-657.0718952047171,0,13,3,-8541.934637661321
libe-120059,C.O.[HH].[LiH],-657.1519989412195,0,13,3,-8542.975986235853
libe-120060,C.O.[HH].[LiH],-657.0238745641198,0,13,3,-8541.310369333556
libe-120061,C.O.[HH].[LiH],-657.073668736115,0,13,3,-8541.957693569495
libe-120065,C.O.[HH].[LiH],-657.189086942457,0,13,3,-8543.458130251942
libe-120066,C.O.[HH].[LiH],-657.1469977336266,0,13,3,-8542.910970537145
libe-120067,C.O.[HH].[LiH],-657.1804145793072,0,13,3,-8543.345389530994
libe-120074,C.O.[HH].[LiH],-657.0512026159693,0,13,3,-8541.6656340076
libe-120077,C.O.[HH].[LiH],-657.0853861145689,0,13,3,-8542.110019489395
libe-120089,C.O.[HH].[LiH],-657.1299094698235,0,13,3,-8542.688823107705
libe-120100,C.O.[HH].[LiH],-657.1749275987943,0,13,3,-8543.274058784325
libe-132463,C.O.[HH].[LiH],-657.1747761741032,0,13,3,-8543.272090263341
libe-141123,C.O.[HH].[LiH],-657.1098212305119,0,13,3,-8542.427675996654
libe-182011,C.O.[HH].[LiH],-656.8552684693439,0,13,3,-8539.11849010147
libe-182018,C.O.[HH].[LiH],-656.8813660481694,0,13,3,-8539.457758626202
libe-182149,C.O.[HH].[LiH],-656.8627797207781,0,13,3,-8539.216136370116
libe-182152,C.O.[HH].[LiH],-656.8839970563805,0,13,3,-8539.491961732947
libe-182163,C.O.[HH].[LiH],-656.8793729515133,0,13,3,-8539.431848369673
libe-182205,C.O.[HH].[LiH],-656.8761785902896,0,13,3,-8539.390321673764
libe-182775,C.O.[HH].[LiH],-656.9527848872101,0,13,3,-8540.386203533732
libe-183094,C.O.[HH].[LiH],-656.9456540392431,0,13,3,-8540.29350251016
libe-183338,C.O.[HH].[LiH],-656.8711831765521,0,13,3,-8539.325381295177
libe-183385,C.O.[HH].[LiH],-656.9259993954595,0,13,3,-8540.037992140973
libe-183781,C.O.[HH].[LiH],-656.9415087068498,0,13,3,-8540.239613189047
libe-184138,C.O.[HH].[LiH],-656.9844962343377,0,13,3,-8540.79845104639
libe-184189,C.O.[HH].[LiH],-656.8471335223646,0,13,3,-8539.01273579074
libe-186374,C.O.[HH].[LiH],-656.8554670444529,0,13,3,-8539.121071577887
libe-187548,C.O.[HH].[LiH],-657.0384839790987,0,13,3,-8541.500291728284
libe-189903,C.O.[HH].[LiH],-657.0632308918364,0,13,3,-8541.822001593873
libe-193271,C.O.[HH].[LiH],-657.1267517392182,0,13,3,-8542.647772609836
libe-115856,C.O,-1439.2532458251653,0,5,2,-7196.266229125827
libe-118693,C.O,-1439.8270548041537,0,5,2,-7199.1352740207685
libe-118695,C.O,-1439.6884526628721,0,5,2,-7198.44226331436
libe-536383,C.O,-1440.8074329358947,0,5,2,-7204.037164679474
libe-225802,C.O,-1439.397677140647,0,5,2,-7196.988385703235
libe-225932,C.O,-1439.568451028556,0,5,2,-7197.84225514278
libe-642062,C.O,-1440.2068018356376,0,5,2,-7201.034009178188
libe-137659,C.F.O.[HH],-1303.1334445648731,0,10,3,-13031.33444564873
libe-177279,C.F.O.[HH],-1303.3755591211623,0,10,3,-13033.755591211622
libe-178127,C.F.O.[HH],-1303.2973171620126,0,10,3,-13032.973171620126
libe-220609,C.F.O.[HH],-1303.132634176611,0,10,3,-13031.32634176611
libe-138183,C.F.O.[HH].[LiH],-1170.816156259829,0,15,4,-17562.242343897437
libe-138185,C.F.O.[HH].[LiH],-1170.8126661390295,0,15,4,-17562.18999208544
libe-510614,C.F.O.P.[HH],-1569.1802026311905,0,16,4,-25106.883242099047
libe-511150,C.F.O.P.[HH],-1569.2478463230239,0,16,4,-25107.96554116838
libe-511299,C.F.O.P.[HH],-1569.2730246793158,0,16,4,-25108.368394869052
libe-511341,C.F.O.P.[HH],-1569.254869613551,0,16,4,-25108.077913816815
libe-514666,C.F.O.P.[HH],-1569.2915152744993,0,16,4,-25108.664244391988
libe-514811,C.F.O.P.[HH],-1569.17396724445,0,16,4,-25106.7834759112
libe-515349,C.F.O.P.[HH],-1569.2378134687262,0,16,4,-25107.80501549962
libe-515715,C.F.O.P.[HH],-1569.1729172207781,0,16,4,-25106.76667553245
libe-517474,C.F.O.P.[HH],-1569.1656073566721,0,16,4,-25106.649717706754
libe-519871,C.F.O.P.[HH],-1569.2037534645804,0,16,4,-25107.260055433286
libe-520320,C.F.O.P.[HH],-1569.119612549089,0,16,4,-25105.913800785424
libe-520465,C.F.O.P.[HH],-1569.198558481737,0,16,4,-25107.176935707794
libe-520908,C.F.O.P.[HH],-1569.0840756432353,0,16,4,-25105.345210291765
libe-521048,C.F.O.P.[HH],-1569.2536748517864,0,16,4,-25108.058797628582
libe-524824,C.F.O.P.[HH],-1568.9974018264404,0,16,4,-25103.958429223047
libe-524835,C.F.O.P.[HH],-1569.1083621881735,0,16,4,-25105.733795010776
libe-524871,C.F.O.P.[HH],-1569.1990834233575,0,16,4,-25107.18533477372
libe-525828,C.F.O.P.[HH],-1569.100026180457,0,16,4,-25105.600418887312
libe-527086,C.F.O.P.[HH],-1569.1942722091135,0,16,4,-25107.108355345816
libe-527932,C.F.O.P.[HH],-1569.2473677290288,0,16,4,-25107.95788366446
libe-528360,C.F.O.P.[HH],-1569.0654545241239,0,16,4,-25105.047272385982
libe-534736,C.F.O.P.[HH],-1569.2186263114527,0,16,4,-25107.498020983243
libe-535114,C.F.O.P.[HH],-1569.2435256140777,0,16,4,-25107.896409825244
libe-535615,C.F.O.P.[HH],-1569.2137504258947,0,16,4,-25107.420006814315
libe-535756,C.F.O.P.[HH],-1569.2813560952004,0,16,4,-25108.501697523207
libe-536016,C.F.O.P.[HH],-1569.0382158359766,0,16,4,-25104.611453375626
libe-539689,C.F.O.P.[HH],-1569.2859138640686,0,16,4,-25108.574621825097
libe-542185,C.F.O.P.[HH],-1569.2631619470887,0,16,4,-25108.21059115342
libe-117495,C.O.[HH],-1438.765048520359,0,5,2,-7193.825242601795
libe-119531,C.O.[HH].[LiH],-1349.51041836721,0,7,3,-9446.57292857047
libe-121667,C.O.[HH].[LiH],-1349.6400777049664,0,7,3,-9447.480543934766
libe-642167,C.O.[HH].[LiH],-1349.423297976836,0,7,3,-9445.963085837851
libe-642198,C.O.[HH].[LiH],-1349.431751960418,0,7,3,-9446.022263722927
libe-519071,C.O.P.[HH],-2357.3582353180905,0,7,3,-16501.507647226634
libe-523265,C.O.P.[HH],-2357.800006136005,0,7,3,-16504.600042952035
libe-118659,C.O.[HH].[LiH],-796.522705491205,0,7,3,-5575.658938438435
libe-119136,C.O.[HH].[LiH],-796.2763121979972,0,7,3,-5573.9341853859805
libe-225537,C.O.[HH].[LiH],-796.1072017012301,0,7,3,-5572.750411908611
libe-201789,C.O.[HH],-626.1933895552689,0,5,2,-3130.9669477763446
libe-201793,C.O.[HH],-626.1407129565462,0,5,2,-3130.7035647827306
libe-517582,C.F.O.P.[HH],-2364.2409045979125,0,10,4,-23642.409045979126
libe-522240,C.F.O.P.[HH],-2364.105388168843,0,10,4,-23641.05388168843
libe-524311,C.F.O.P.[HH],-2364.0353623992332,0,10,4,-23640.353623992334
libe-524587,C.F.O.P.[HH],-2364.023287348446,0,10,4,-23640.23287348446
libe-525561,C.F.O.P.[HH],-2364.1135011806678,0,10,4,-23641.135011806677
libe-537170,C.F.O.P.[HH],-2363.9212552902077,0,10,4,-23639.212552902078
libe-135827,C.F.O.[HH],-1370.1429378871726,0,5,3,-6850.714689435863
libe-135835,C.F.O.[HH],-1370.5497088833197,0,5,3,-6852.748544416599
libe-137391,C.F.O.[HH],-1370.2056973571864,0,5,3,-6851.028486785932
libe-137501,C.F.O.[HH],-1369.9546949198839,0,5,3,-6849.773474599419
libe-194650,C.F.O.[HH],-1370.2009510192522,0,5,3,-6851.004755096261
libe-194659,C.F.O.[HH],-1370.1853970059622,0,5,3,-6850.926985029811
libe-225426,C.F.O.[HH],-1370.1090753448484,0,5,3,-6850.545376724242
libe-225430,C.F.O.[HH],-1370.2824909418246,0,5,3,-6851.412454709123
libe-225440,C.F.O.[HH],-1369.8635521410736,0,5,3,-6849.317760705368
libe-225441,C.F.O.[HH],-1369.8223802448126,0,5,3,-6849.111901224063
libe-642085,C.F.O.[HH],-1369.745900121438,0,5,3,-6848.729500607189
libe-642096,C.F.O.[HH],-1370.2260660855668,0,5,3,-6851.1303304278335
libe-115793,C.O.[HH],-1033.0737461763672,0,16,2,-16529.179938821875
libe-137997,C.F.O.[HH],-1427.675501545428,0,12,3,-17132.106018545135
libe-177358,C.F.O.[HH],-1427.6311511526758,0,12,3,-17131.57381383211
libe-177531,C.F.O.[HH],-1427.6619904566326,0,12,3,-17131.94388547959
libe-135895,C.F.O.[LiH],-1515.0745890157912,0,6,4,-9090.447534094747
libe-136951,C.F.O.[LiH],-1514.2798779552124,0,6,4,-9085.679267731275
libe-137650,C.F.O.[LiH],-1515.0605855558317,0,6,4,-9090.36351333499
libe-174824,C.F.O.[LiH],-1515.1254264955949,0,6,4,-9090.752558973569
libe-175127,C.F.O.[LiH],-1515.375233399821,0,6,4,-9092.251400398925
libe-186709,C.F.O.[LiH],-1515.4064697180354,0,6,4,-9092.438818308212
libe-186828,C.F.O.[LiH],-1515.3357913278714,0,6,4,-9092.014747967229
libe-187552,C.F.O.[LiH],-1515.1672439049619,0,6,4,-9091.003463429772
libe-641270,C.F.O.[LiH],-1515.0328844189582,0,6,4,-9090.19730651375
libe-641343,C.F.O.[LiH],-1514.3868560476358,0,6,4,-9086.321136285815
libe-641355,C.F.O.[LiH],-1514.6314524048066,0,6,4,-9087.78871442884
libe-641386,C.F.O.[LiH],-1514.1727653564665,0,6,4,-9085.036592138798
libe-641484,C.F.O.[LiH],-1514.3837611257647,0,6,4,-9086.302566754588
libe-641559,C.F.O.[LiH],-1514.4180901427762,0,6,4,-9086.508540856657
libe-138291,C.F.O.[HH].[LiH],-1293.51259097048,0,15,4,-19402.6888645572
libe-138292,C.F.O.[HH].[LiH],-1293.5209841570108,0,15,4,-19402.814762355163
libe-115878,C.O.[LiH],-1476.9487559301906,0,5,3,-7384.743779650953
libe-117643,C.O.[LiH],-1476.9371067789136,0,5,3,-7384.685533894568
libe-117645,C.O.[LiH],-1476.7026512464586,0,5,3,-7383.513256232292
libe-141012,C.F.O.[HH].[LiH],-1017.611844393409,0,20,4,-20352.23688786818
libe-141417,C.F.O.[HH].[LiH],-1017.5952215317008,0,20,4,-20351.904430634015
libe-141622,C.F.O.[HH].[LiH],-1017.5741986156288,0,20,4,-20351.483972312577
libe-525963,C.F.O.P.[HH],-2396.2741141954994,0,12,4,-28755.289370345992
libe-529155,C.F.O.P.[HH],-2396.2726179350493,0,12,4,-28755.27141522059
libe-501251,C.F.N.O.S,-3200.638273939629,0,8,5,-25605.106191517032
libe-118643,C.O.[HH].[LiH],-757.6710402920116,0,6,3,-4546.02624175207
libe-137647,C.O.[HH].[LiH],-757.7169739923874,0,6,3,-4546.301843954324
libe-117820,C.O.[HH].[LiH],-896.2516565443203,0,6,3,-5377.509939265922
libe-117822,C.O.[HH].[LiH],-896.2217358030754,0,6,3,-5377.3304148184525
libe-117827,C.O.[HH].[LiH],-896.1524959143912,0,6,3,-5376.914975486347
libe-136907,C.O.[HH].[LiH],-895.7822397930627,0,6,3,-5374.693438758376
libe-225325,C.O.[HH].[LiH],-895.7146451376461,0,6,3,-5374.287870825877
libe-225375,C.O.[HH].[LiH],-896.0301252587115,0,6,3,-5376.180751552269
libe-225381,C.O.[HH].[LiH],-896.0344391431477,0,6,3,-5376.206634858886
libe-225456,C.O.[HH].[LiH],-895.6428886067671,0,6,3,-5373.857331640603
libe-225482,C.O.[HH].[LiH],-895.4652579928339,0,6,3,-5372.791547957004
libe-135802,C.F.O.[HH].[LiH],-1111.1256168129928,0,11,4,-12222.38178494292
libe-135829,C.F.O.[HH].[LiH],-1111.260749326866,0,11,4,-12223.868242595527
libe-135831,C.F.O.[HH].[LiH],-1111.1808306527869,0,11,4,-12222.989137180655
libe-135863,C.F.O.[HH].[LiH],-1111.2839519356112,0,11,4,-12224.123471291723
libe-135896,C.F.O.[HH].[LiH],-1111.1872066744413,0,11,4,-12223.059273418854
libe-136295,C.F.O.[HH].[LiH],-1111.0345478897268,0,11,4,-12221.380026786996
libe-136679,C.F.O.[HH].[LiH],-1111.2178608189906,0,11,4,-12223.396469008898
libe-137304,C.F.O.[HH].[LiH],-1111.224842185685,0,11,4,-12223.473264042535
libe-137816,C.F.O.[HH].[LiH],-1111.075834420538,0,11,4,-12221.834178625919
libe-137856,C.F.O.[HH].[LiH],-1111.0483039726835,0,11,4,-12221.531343699518
libe-137936,C.F.O.[HH].[LiH],-1111.0609323737774,0,11,4,-12221.670256111553
libe-140687,C.F.O.[HH].[LiH],-1111.188909547838,0,11,4,-12223.078005026218
libe-197347,C.F.O.[HH].[LiH],-1110.75427386691,0,11,4,-12218.29701253601
libe-197431,C.F.O.[HH].[LiH],-1110.9421453834384,0,11,4,-12220.363599217822
libe-197448,C.F.O.[HH].[LiH],-1111.240052723637,0,11,4,-12223.640579960007
libe-197454,C.F.O.[HH].[LiH],-1110.9323275481838,0,11,4,-12220.255603030022
libe-197465,C.F.O.[HH].[LiH],-1111.074368046507,0,11,4,-12221.818048511577
libe-197672,C.F.O.[HH].[LiH],-1111.1615696080416,0,11,4,-12222.777265688457
libe-198063,C.F.O.[HH].[LiH],-1111.2725034129437,0,11,4,-12223.99753754238
libe-198587,C.F.O.[HH].[LiH],-1111.049538936105,0,11,4,-12221.544928297153
libe-198885,C.F.O.[HH].[LiH],-1111.125838676499,0,11,4,-12222.384225441489
libe-199264,C.F.O.[HH].[LiH],-1111.243230508793,0,11,4,-12223.675535596722
libe-199554,C.F.O.[HH].[LiH],-1111.2087195541314,0,11,4,-12223.295915095447
libe-223972,C.F.O.[HH].[LiH],-1111.27425230887,0,11,4,-12224.016775397571
libe-223982,C.F.O.[HH].[LiH],-1111.2491941594699,0,11,4,-12223.74113575417
libe-224012,C.F.O.[HH].[LiH],-1111.2476837189552,0,11,4,-12223.724520908507
libe-224181,C.F.O.[HH].[LiH],-1111.2087041279915,0,11,4,-12223.295745407906
libe-224251,C.F.O.[HH].[LiH],-1111.176967737817,0,11,4,-12222.946645115986
libe-224292,C.F.O.[HH].[LiH],-1111.1879228038931,0,11,4,-12223.067150842824
libe-136154,C.F.O.[HH].[LiH],-1423.8869449372569,0,10,4,-14238.869449372569
libe-136198,C.F.O.[HH].[LiH],-1423.7714886408821,0,10,4,-14237.714886408821
libe-136463,C.F.O.[HH].[LiH],-1423.9710116976833,0,10,4,-14239.710116976832
libe-136573,C.F.O.[HH].[LiH],-1423.664323589756,0,10,4,-14236.643235897558
libe-137836,C.F.O.[HH].[LiH],-1423.7427168722759,0,10,4,-14237.42716872276
libe-137958,C.F.O.[HH].[LiH],-1423.7376839168994,0,10,4,-14237.376839168994
libe-189224,C.F.O.[HH].[LiH],-1423.9048401114785,0,10,4,-14239.048401114786
libe-189353,C.F.O.[HH].[LiH],-1423.8916270198204,0,10,4,-14238.916270198204
libe-189471,C.F.O.[HH].[LiH],-1423.4159143414245,0,10,4,-14234.159143414245
libe-193320,C.F.O.[HH].[LiH],-1423.8980459908012,0,10,4,-14238.98045990801
libe-193714,C.F.O.[HH].[LiH],-1423.9687752076889,0,10,4,-14239.687752076889
libe-138097,C.O.[HH].[LiH],-1060.2287096865828,0,14,3,-14843.20193561216
libe-138147,C.O.[HH].[LiH],-1060.2313850103003,0,14,3,-14843.239390144205
libe-632004,C.O.[HH].[LiH],-1060.3433684741658,0,14,3,-14844.807158638321
libe-632060,C.O.[HH].[LiH],-1060.259993856175,0,14,3,-14843.639913986452
libe-515785,C.F.O.P.[HH],-2128.620844932034,0,10,4,-21286.20844932034
libe-516128,C.F.O.P.[HH],-2128.4278761005507,0,10,4,-21284.27876100551
libe-516417,C.F.O.P.[HH],-2128.5069279423997,0,10,4,-21285.069279423995
libe-517670,C.F.O.P.[HH],-2128.5037709719645,0,10,4,-21285.037709719643
libe-521104,C.F.O.P.[HH],-2128.7049907270166,0,10,4,-21287.049907270164
libe-522595,C.F.O.P.[HH],-2128.421104321179,0,10,4,-21284.21104321179
libe-524806,C.O.P.[HH],-1876.0127820903858,0,11,3,-20636.140602994245
libe-529334,C.O.P.[HH],-1875.7492221587213,0,11,3,-20633.241443745934
libe-517509,C.F.O.P.[HH],-2249.913115447167,0,9,4,-20249.2180390245
libe-526156,C.F.O.P.[HH],-2250.4696987733814,0,9,4,-20254.227288960432
libe-115787,C.O.[HH].[LiH],-905.9602274011389,0,13,3,-11777.482956214806
libe-115790,C.O.[HH].[LiH],-906.0165661951972,0,13,3,-11778.215360537564
libe-631160,C.O.[HH].[LiH],-905.9284899536925,0,13,3,-11777.070369398003
libe-631184,C.O.[HH].[LiH],-906.0809259356411,0,13,3,-11779.052037163334
libe-631608,C.O.[HH].[LiH],-905.9840174428563,0,13,3,-11777.792226757132
libe-631645,C.O.[HH].[LiH],-905.5893765788405,0,13,3,-11772.661895524927
libe-631819,C.O.[HH].[LiH],-905.9946977486319,0,13,3,-11777.931070732215
libe-631862,C.O.[HH].[LiH],-906.0941235568572,0,13,3,-11779.223606239144
libe-634006,C.O.[HH].[LiH],-905.9409433224254,0,13,3,-11777.23226319153
libe-636049,C.O.[LiH],-906.0996875873386,0,5,3,-4530.498437936693
libe-640976,C.O.[LiH],-905.6482054328392,0,5,3,-4528.241027164196
libe-132171,C.O.[HH].[LiH],-950.8031858900813,0,20,3,-19016.063717801626
libe-132173,C.O.[HH].[LiH],-950.8068175171884,0,20,3,-19016.136350343768
libe-132187,C.O.[HH].[LiH],-950.6768883513708,0,20,3,-19013.537767027417
libe-132213,C.O.[HH].[LiH],-950.7125941205289,0,20,3,-19014.25188241058
libe-132216,C.O.[HH].[LiH],-950.79510785475,0,20,3,-19015.902157095
libe-632148,C.O.[HH].[LiH],-950.6929979113002,0,20,3,-19013.859958226003
libe-632236,C.O.[HH].[LiH],-950.5531246793955,0,20,3,-19011.06249358791
libe-632269,C.O.[HH].[LiH],-950.7735696338516,0,20,3,-19015.47139267703
libe-632289,C.O.[HH].[LiH],-950.6492209375001,0,20,3,-19012.984418750002
libe-632296,C.O.[HH].[LiH],-950.6568363020402,0,20,3,-19013.136726040804
libe-632300,C.O.[HH].[LiH],-950.6608060438855,0,20,3,-19013.21612087771
libe-632403,C.O.[HH].[LiH],-950.6485971268296,0,20,3,-19012.97194253659
libe-632416,C.O.[HH].[LiH],-950.735162240321,0,20,3,-19014.70324480642
libe-632456,C.O.[HH].[LiH],-950.6679620546399,0,20,3,-19013.3592410928
libe-632466,C.O.[HH].[LiH],-950.6214332643242,0,20,3,-19012.428665286483
libe-632467,C.O.[HH].[LiH],-950.7178289859976,0,20,3,-19014.35657971995
libe-632563,C.O.[HH].[LiH],-950.6783736138271,0,20,3,-19013.567472276543
libe-510934,C.F.O.P,-3223.9542427258866,0,5,4,-16119.771213629432
libe-528640,C.F.O.P,-3224.2268763814777,0,5,4,-16121.134381907388
libe-641086,C.F.O.P,-3224.110001997817,0,5,4,-16120.550009989085
libe-641121,C.F.O.P,-3224.141594991236,0,5,4,-16120.70797495618
libe-501238,C.F.O.S,-3678.0745622138966,0,6,4,-22068.44737328338
libe-524356,C.O.P.[HH],-2445.546373502958,0,8,3,-19564.370988023664
libe-118018,C.O.[HH],-1033.072198695839,0,12,2,-12396.866384350069
libe-514619,C.F.O.P.[HH],-1358.4294345750857,0,17,4,-23093.300387776457
libe-519859,C.F.O.P.[HH],-1358.3876429552984,0,17,4,-23092.589930240072
libe-121841,C.O.[HH].[LiH],-989.8380487624037,0,19,3,-18806.92292648567
libe-121849,C.O.[HH].[LiH],-989.8430015802287,0,19,3,-18807.017030024344
libe-121857,C.O.[HH].[LiH],-989.8749318106412,0,19,3,-18807.623704402184
libe-121858,C.O.[HH].[LiH],-989.8451441653339,0,19,3,-18807.057739141343
libe-121859,C.O.[HH].[LiH],-989.735135178493,0,19,3,-18804.967568391367
libe-121860,C.O.[HH].[LiH],-989.9070941699509,0,19,3,-18808.234789229067
libe-121862,C.O.[HH].[LiH],-989.9039316849871,0,19,3,-18808.174702014756
libe-121863,C.O.[HH].[LiH],-989.7759144010655,0,19,3,-18805.742373620244
libe-121864,C.O.[HH].[LiH],-989.7672316489003,0,19,3,-18805.577401329105
libe-121865,C.O.[HH].[LiH],-989.8426807596339,0,19,3,-18807.010934433045
libe-121866,C.O.[HH].[LiH],-989.837958382523,0,19,3,-18806.921209267937
libe-121867,C.O.[HH].[LiH],-989.8447551581155,0,19,3,-18807.050348004195
libe-121868,C.O.[HH].[LiH],-989.7423031625151,0,19,3,-18805.103760087786
libe-121876,C.O.[HH].[LiH],-989.8472624811998,0,19,3,-18807.097987142795
libe-121884,C.O.[HH].[LiH],-989.7749831189011,0,19,3,-18805.72467925912
libe-132181,C.O.[HH].[LiH],-989.8743791981491,0,19,3,-18807.61320476483
libe-132214,C.O.[HH].[LiH],-989.8489918173406,0,19,3,-18807.13084452947
libe-132235,C.O.[HH].[LiH],-989.7527814378661,0,19,3,-18805.302847319457
libe-502044,C.F.N.O.S.[LiH],-3486.36769405573,0,11,6,-38350.044634613034
libe-511257,C.F.O.P.[HH],-2137.1653476080924,0,9,4,-19234.488128472833
libe-519020,C.F.O.P.[HH],-2137.167203969036,0,9,4,-19234.504835721324
libe-520357,C.F.O.P.[HH],-2137.388100291204,0,9,4,-19236.492902620834
libe-511061,C.F.O.[HH],-750.379101052476,0,12,3,-9004.549212629712
libe-515904,C.F.O.[HH],-750.5365275389535,0,12,3,-9006.438330467441
libe-519059,C.F.O.[HH],-750.5092595007383,0,12,3,-9006.11111400886
libe-520570,C.F.O.[HH],-750.2885308975582,0,12,3,-9003.462370770698
libe-525683,C.F.O.[HH],-750.3115935544753,0,12,3,-9003.739122653704
libe-527179,C.F.O.[HH],-750.4520087593651,0,12,3,-9005.42410511238
libe-528902,C.F.O.[HH],-750.4918310008487,0,12,3,-9005.901972010184
libe-542301,C.F.O.[HH],-750.4747677773054,0,12,3,-9005.697213327665
libe-514761,C.F.O.P.[HH].[LiH],-1676.85791537082,0,11,5,-18445.43706907902
libe-515595,C.F.O.P.[HH].[LiH],-1676.6999490601643,0,11,5,-18443.699439661807
libe-515626,C.F.O.P.[HH].[LiH],-1676.690525923443,0,11,5,-18443.59578515787
libe-515767,C.F.O.P.[HH].[LiH],-1676.587546782075,0,11,5,-18442.463014602825
libe-519369,C.F.O.P.[HH].[LiH],-1676.6674230171336,0,11,5,-18443.34165318847
libe-141298,C.F.O.[HH].[LiH],-1163.5098091037667,0,21,4,-24433.7059911791
libe-141321,C.F.O.[HH].[LiH],-1163.5115046304916,0,21,4,-24433.741597240325
libe-141361,C.F.O.[HH].[LiH],-1163.4952516237993,0,21,4,-24433.400284099785
libe-141369,C.F.O.[HH].[LiH],-1163.5007981080175,0,21,4,-24433.51676026837
libe-141385,C.F.O.[HH].[LiH],-1163.4992272177578,0,21,4,-24433.483771572915
libe-141478,C.F.O.[HH].[LiH],-1163.493165155979,0,21,4,-24433.35646827556
libe-395557,C.F.O.[HH].[LiH],-1163.4844411977213,0,21,4,-24433.173265152145
libe-401183,C.F.O.[HH].[LiH],-1163.4825875387637,0,21,4,-24433.134338314037
libe-510369,C.O.P.[HH],-2191.538093496592,0,8,3,-17532.304747972736
libe-510462,C.O.P.[HH],-2191.847728887413,0,8,3,-17534.781831099303
libe-520632,C.O.P.[HH],-2191.921355634093,0,8,3,-17535.370845072743
libe-534511,C.O.P.[HH],-2191.4984195110133,0,8,3,-17531.987356088106
libe-536356,C.O.P.[HH],-2191.191055559509,0,8,3,-17529.528444476073
libe-514752,C.F.O.P.[HH],-1890.832866512011,0,10,4,-18908.32866512011
libe-529264,C.F.O.P.[HH],-1890.7663702528357,0,10,4,-18907.663702528356
libe-185942,C.F.O,-1776.312582193692,0,5,3,-8881.56291096846
libe-501249,C.F.O.S.[LiH],-3040.4172151907583,0,8,5,-24323.337721526066
libe-514629,C.F.O.P.[HH],-1674.1722929899397,0,16,4,-26786.756687839035
libe-525937,C.F.O.P.[HH],-1674.3683720850886,0,16,4,-26789.893953361418
libe-136177,C.F.O.[HH].[LiH],-1239.6249460208487,0,10,4,-12396.249460208486
libe-136197,C.F.O.[HH].[LiH],-1239.552289121413,0,10,4,-12395.52289121413
libe-136434,C.F.O.[HH].[LiH],-1239.6673469850143,0,10,4,-12396.673469850144
libe-136510,C.F.O.[HH].[LiH],-1239.7236018879119,0,10,4,-12397.236018879119
libe-136531,C.F.O.[HH].[LiH],-1239.4956251342705,0,10,4,-12394.956251342706
libe-137195,C.F.O.[HH].[LiH],-1239.7435966510816,0,10,4,-12397.435966510817
libe-137241,C.F.O.[HH].[LiH],-1239.7855390460281,0,10,4,-12397.855390460281
libe-180075,C.F.O.[HH].[LiH],-1239.6380487512017,0,10,4,-12396.380487512017
libe-180112,C.F.O.[HH].[LiH],-1239.7459576910928,0,10,4,-12397.45957691093
libe-180208,C.F.O.[HH].[LiH],-1239.7471693687755,0,10,4,-12397.471693687756
libe-180229,C.F.O.[HH].[LiH],-1239.7189939907103,0,10,4,-12397.189939907103
libe-180305,C.F.O.[HH].[LiH],-1239.6715711956965,0,10,4,-12396.715711956966
libe-180668,C.F.O.[HH].[LiH],-1239.8721023211572,0,10,4,-12398.721023211572
libe-180684,C.F.O.[HH].[LiH],-1239.8306331027047,0,10,4,-12398.306331027046
libe-181486,C.F.O.[HH].[LiH],-1239.7536316072549,0,10,4,-12397.536316072548
libe-182043,C.F.O.[HH].[LiH],-1239.7333764373266,0,10,4,-12397.333764373267
libe-188972,C.F.O.[HH].[LiH],-1239.4956321949403,0,10,4,-12394.956321949403
libe-115771,C.O.[LiH],-1265.5630413651654,0,6,3,-7593.378248190992
libe-119098,C.O.[LiH],-1264.7413675731175,0,6,3,-7588.4482054387045
libe-119102,C.O.[LiH],-1264.752221654639,0,6,3,-7588.513329927834
libe-631437,C.O.[LiH],-1265.4798057479336,0,6,3,-7592.878834487601
libe-226173,C.O.[LiH],-1264.847114008566,0,6,3,-7589.0826840513955
libe-226419,C.O.[LiH],-1264.5011840096072,0,6,3,-7587.007104057643
libe-642786,C.O.[LiH],-1264.9253648446431,0,6,3,-7589.552189067858
libe-642820,C.O.[LiH],-1264.7990478274573,0,6,3,-7588.794286964744
libe-118206,C.O.[HH],-798.9432506547884,0,13,2,-10386.262258512248
libe-118235,C.O.[HH],-798.9336359521304,0,13,2,-10386.137267377695
libe-118291,C.O.[HH],-798.9210978517324,0,13,2,-10385.97427207252
libe-180667,C.O.[HH],-798.7280911327884,0,13,2,-10383.46518472625
libe-180717,C.O.[HH],-798.9071393160497,0,13,2,-10385.792811108646
libe-180771,C.O.[HH],-798.6399202314731,0,13,2,-10382.31896300915
libe-180899,C.O.[HH],-798.76141847766,0,13,2,-10383.89844020958
libe-180907,C.O.[HH],-798.6748602156545,0,13,2,-10382.773182803508
libe-181632,C.O.[HH],-798.9932586719235,0,13,2,-10386.912362735005
libe-117515,C.O.[HH],-1202.3124753281795,0,6,2,-7213.874851969077
libe-117516,C.O.[HH],-1202.5311102043804,0,6,2,-7215.186661226283
libe-117522,C.O.[HH],-1202.843127347059,0,6,2,-7217.058764082353
libe-117847,C.O.[HH],-1202.6898332660571,0,6,2,-7216.138999596343
libe-528662,C.O.[HH],-1202.858561748309,0,6,2,-7217.151370489854
libe-192320,C.F.O.[HH],-1278.1684847856393,0,11,3,-14059.853332642033
libe-192749,C.F.O.[HH],-1278.741737495654,0,11,3,-14066.159112452193
libe-192927,C.F.O.[HH],-1278.400298239137,0,11,3,-14062.403280630508
libe-120742,C.O.[HH],-1287.2518548778364,0,8,2,-10298.014839022691
libe-137140,C.F.O.[HH].[LiH],-1036.2828721033954,0,10,4,-10362.828721033955
libe-137158,C.F.O.[HH].[LiH],-1036.2951797395006,0,10,4,-10362.951797395006
libe-137192,C.F.O.[HH].[LiH],-1036.3500648977083,0,10,4,-10363.500648977084
libe-137199,C.F.O.[HH].[LiH],-1036.3091435190458,0,10,4,-10363.09143519046
libe-179915,C.F.O.[HH].[LiH],-1036.315056873305,0,10,4,-10363.150568733048
libe-180024,C.F.O.[HH].[LiH],-1036.2792603216494,0,10,4,-10362.792603216494
libe-180068,C.F.O.[HH].[LiH],-1036.263653005773,0,10,4,-10362.63653005773
libe-180070,C.F.O.[HH].[LiH],-1036.318578642012,0,10,4,-10363.18578642012
libe-180095,C.F.O.[HH].[LiH],-1036.32102647131,0,10,4,-10363.2102647131
libe-180102,C.F.O.[HH].[LiH],-1036.3222639193689,0,10,4,-10363.22263919369
libe-180119,C.F.O.[HH].[LiH],-1036.327672599206,0,10,4,-10363.27672599206
libe-180124,C.F.O.[HH].[LiH],-1036.2634351553802,0,10,4,-10362.634351553801
libe-180190,C.F.O.[HH].[LiH],-1036.347790180273,0,10,4,-10363.47790180273
libe-180247,C.F.O.[HH].[LiH],-1036.3258115309932,0,10,4,-10363.25811530993
libe-180265,C.F.O.[HH].[LiH],-1036.3648885495281,0,10,4,-10363.648885495282
libe-180309,C.F.O.[HH].[LiH],-1036.325256743302,0,10,4,-10363.252567433019
libe-180489,C.F.O.[HH].[LiH],-1036.419682546033,0,10,4,-10364.19682546033
libe-121935,C.O.[HH],-979.8654512080062,0,19,2,-18617.443572952117
libe-121936,C.O.[HH],-979.8339955382236,0,19,2,-18616.845915226248
libe-121938,C.O.[HH],-979.8068585423429,0,19,2,-18616.330312304515
libe-121942,C.O.[HH],-979.8079643218995,0,19,2,-18616.35132211609
libe-121943,C.O.[HH],-979.7257594673854,0,19,2,-18614.789429880322
libe-121949,C.O.[HH],-979.7004548184962,0,19,2,-18614.308641551426
libe-121951,C.O.[HH],-979.724357836992,0,19,2,-18614.762798902848
libe-126918,C.O.[HH],-979.8010422408546,0,19,2,-18616.219802576237
libe-127166,C.O.[HH],-979.7022726667781,0,19,2,-18614.343180668784
libe-127194,C.O.[HH],-979.6860552210607,0,19,2,-18614.035049200153
libe-127205,C.O.[HH],-979.8095986869902,0,19,2,-18616.382375052814
libe-127528,C.O.[HH],-979.7976394541689,0,19,2,-18616.15514962921
libe-127556,C.O.[HH],-979.8200832787077,0,19,2,-18616.581582295446
libe-127872,C.O.[HH],-979.7998545510349,0,19,2,-18616.197236469663
libe-141184,C.F.O.[HH].[LiH],-844.8464218182086,0,17,4,-14362.389170909546
libe-141193,C.F.O.[HH].[LiH],-844.8471596559963,0,17,4,-14362.401714151936
libe-141243,C.F.O.[HH].[LiH],-844.6391867946428,0,17,4,-14358.866175508927
libe-141297,C.F.O.[HH].[LiH],-844.842858243027,0,17,4,-14362.328590131458
libe-141318,C.F.O.[HH].[LiH],-844.6526997317578,0,17,4,-14359.095895439883
libe-141387,C.F.O.[HH].[LiH],-844.6389912122894,0,17,4,-14358.862850608919
libe-435351,C.F.O.[HH].[LiH],-844.8328978797703,0,17,4,-14362.159263956095
libe-117875,C.O.[HH].[LiH],-1280.0286900265019,0,9,3,-11520.258210238517
libe-117903,C.O.[HH].[LiH],-1280.0779206572201,0,9,3,-11520.701285914982
libe-118758,C.O.[HH].[LiH],-1280.0567023393476,0,9,3,-11520.510321054127
libe-118778,C.O.[HH].[LiH],-1280.2489693541343,0,9,3,-11522.240724187208
libe-120441,C.O.[HH].[LiH],-1280.2165987443,0,9,3,-11521.9493886987
libe-120446,C.O.[HH].[LiH],-1280.0382559274767,0,9,3,-11520.34430334729
libe-120451,C.O.[HH].[LiH],-1280.046269748422,0,9,3,-11520.416427735798
libe-120850,C.O.[HH].[LiH],-1280.1086768533578,0,9,3,-11520.978091680221
libe-120856,C.O.[HH].[LiH],-1280.203278286769,0,9,3,-11521.829504580921
libe-173668,C.O.[HH].[LiH],-1280.229575709863,0,9,3,-11522.066181388767
libe-118070,C.O.[HH].[LiH],-1255.7779173526183,0,10,3,-12557.779173526182
libe-120103,C.O.[HH].[LiH],-571.6818918378202,0,15,3,-8575.228377567304
libe-120104,C.O.[HH].[LiH],-571.68083739806,0,15,3,-8575.2125609709
libe-120105,C.O.[HH].[LiH],-571.693148081285,0,15,3,-8575.397221219275
libe-120107,C.O.[HH].[LiH],-571.7169719001764,0,15,3,-8575.754578502647
libe-120111,C.O.[HH].[LiH],-571.673901102866,0,15,3,-8575.10851654299
libe-186892,C.O.[HH].[LiH],-571.5823347634677,0,15,3,-8573.735021452016
libe-187162,C.O.[HH].[LiH],-571.5820747682372,0,15,3,-8573.731121523559
libe-511121,C.F.O.P.[HH],-2001.735095572573,0,12,4,-24020.821146870876
libe-516767,C.F.O.P.[HH],-2001.8189671311454,0,12,4,-24021.827605573744
libe-524343,C.F.O.P.[HH],-2001.9721038103014,0,12,4,-24023.665245723616
libe-528875,C.F.O.P.[HH],-2002.056994781435,0,12,4,-24024.68393737722
libe-177248,C.O.[HH].[LiH],-958.1420625889879,0,11,3,-10539.562688478867
libe-116902,C.O.[HH],-779.6700333759002,0,8,2,-6237.360267007201
libe-116903,C.O.[HH],-779.8419452801364,0,8,2,-6238.735562241091
libe-116909,C.O.[HH],-779.8953845350744,0,8,2,-6239.163076280595
libe-116910,C.O.[HH],-779.7902825536189,0,8,2,-6238.322260428951
libe-116911,C.O.[HH],-779.86149916359,0,8,2,-6238.89199330872
libe-116912,C.O.[HH],-779.8151855947325,0,8,2,-6238.52148475786
libe-116916,C.O.[HH],-779.9667835759708,0,8,2,-6239.734268607766
libe-116917,C.O.[HH],-780.006033729486,0,8,2,-6240.048269835888
libe-116922,C.O.[HH],-780.0578939446149,0,8,2,-6240.463151556919
libe-116924,C.O.[HH],-780.0466218744107,0,8,2,-6240.372974995285
libe-116925,C.O.[HH],-780.0326592663556,0,8,2,-6240.261274130845
libe-116928,C.O.[HH],-779.8674951672331,0,8,2,-6238.939961337865
libe-116931,C.O.[HH],-779.7841875965966,0,8,2,-6238.273500772772
libe-116934,C.O.[HH],-780.0256064818642,0,8,2,-6240.204851854914
libe-116937,C.O.[HH],-779.714925248561,0,8,2,-6237.719401988488
libe-116941,C.O.[HH],-779.9723324665406,0,8,2,-6239.778659732325
libe-116944,C.O.[HH],-779.5381278186991,0,8,2,-6236.305022549593
libe-116954,C.O.[HH],-779.8103792798444,0,8,2,-6238.483034238755
libe-117002,C.O.[HH],-779.6087851990941,0,8,2,-6236.870281592753
libe-514966,C.F.O.P.[HH],-1696.8411027202624,0,18,4,-30543.13984896472
libe-516457,C.F.O.P.[HH],-1696.771091387821,0,18,4,-30541.879644980778
libe-520889,C.F.O.P.[HH],-1696.738005871167,0,18,4,-30541.284105681007
libe-524913,C.F.O.P.[HH],-1696.7597978679132,0,18,4,-30541.676361622438
libe-525019,C.F.O.P.[HH],-1696.838444182692,0,18,4,-30543.091995288454
libe-525857,C.F.O.P.[HH],-1696.8829771731316,0,18,4,-30543.89358911637
libe-526965,C.F.O.P.[HH],-1696.7225085068596,0,18,4,-30541.005153123475
libe-526975,C.F.O.P.[HH],-1696.8587349384857,0,18,4,-30543.45722889274
libe-529666,C.F.O.P.[HH],-1696.884318920943,0,18,4,-30543.917740576977
libe-534783,C.F.O.P.[HH],-1696.8117527045063,0,18,4,-30542.611548681114
libe-534857,C.F.O.P.[HH],-1696.8182522266627,0,18,4,-30542.72854007993
libe-539127,C.F.O.P.[HH],-1696.834744724666,0,18,4,-30543.02540504399
libe-539582,C.F.O.P.[HH],-1696.8994098408682,0,18,4,-30544.189377135626
libe-542144,C.F.O.P.[HH],-1696.8525367329098,0,18,4,-30543.345661192376
libe-542525,C.F.O.P.[HH],-1696.7692759173588,0,18,4,-30541.846966512458
libe-631187,C.O.[HH].[LiH],-1149.4703653872446,0,12,3,-13793.644384646934
libe-631227,C.O.[HH].[LiH],-1149.4069422703606,0,12,3,-13792.883307244327
libe-631234,C.O.[HH].[LiH],-1149.3244891654135,0,12,3,-13791.893869984962
libe-631847,C.O.[HH].[LiH],-1149.5113440026596,0,12,3,-13794.136128031914
libe-140991,C.F.O.[HH].[LiH],-1085.869320233366,0,20,4,-21717.38640466732
libe-141097,C.F.O.[HH].[LiH],-1085.8646734184156,0,20,4,-21717.293468368312
libe-141137,C.F.O.[HH].[LiH],-1085.8532955571459,0,20,4,-21717.06591114292
libe-141151,C.F.O.[HH].[LiH],-1085.6680471722832,0,20,4,-21713.360943445663
libe-141189,C.F.O.[HH].[LiH],-1085.774725419928,0,20,4,-21715.49450839856
libe-141261,C.F.O.[HH].[LiH],-1085.7395782417143,0,20,4,-21714.791564834286
libe-141278,C.F.O.[HH].[LiH],-1085.7609873697884,0,20,4,-21715.219747395768
libe-141292,C.F.O.[HH].[LiH],-1085.6636575889431,0,20,4,-21713.273151778863
libe-141401,C.F.O.[HH].[LiH],-1085.8487743421963,0,20,4,-21716.975486843927
libe-141453,C.F.O.[HH].[LiH],-1085.8506833285705,0,20,4,-21717.01366657141
libe-141509,C.F.O.[HH].[LiH],-1085.7218265260976,0,20,4,-21714.436530521954
libe-141556,C.F.O.[HH].[LiH],-1085.8355084017005,0,20,4,-21716.71016803401
libe-141587,C.F.O.[HH].[LiH],-1085.8518341294061,0,20,4,-21717.036682588125
libe-424745,C.F.O.[HH].[LiH],-1085.7593091074164,0,20,4,-21715.186182148325
libe-429347,C.F.O.[HH].[LiH],-1085.7226998223719,0,20,4,-21714.453996447435
libe-116260,C.O.[HH],-864.3718300569299,0,6,2,-5186.230980341579
libe-116266,C.O.[HH],-864.3923245860834,0,6,2,-5186.353947516501
libe-116270,C.O.[HH],-864.3503152512316,0,6,2,-5186.101891507389
libe-116277,C.O.[HH],-864.0543174685354,0,6,2,-5184.325904811212
libe-116280,C.O.[HH],-864.6767992738886,0,6,2,-5188.060795643331
libe-225021,C.O.[HH],-864.2309557614839,0,6,2,-5185.385734568903
libe-225024,C.O.[HH],-863.9050025523374,0,6,2,-5183.430015314024
libe-225027,C.O.[HH],-864.0382583991274,0,6,2,-5184.229550394764
libe-225046,C.O.[HH],-864.214072529559,0,6,2,-5185.284435177354
libe-225073,C.O.[HH],-864.3401026187668,0,6,2,-5186.040615712601
libe-524430,C.F.O.P.[HH],-2213.219083761316,0,13,4,-28771.84808889711
libe-526999,C.F.O.P.[HH],-2213.3774083505145,0,13,4,-28773.90630855669
libe-529123,C.F.O.P.[HH],-2213.2234769386596,0,13,4,-28771.905200202575
libe-121529,C.O.[HH].[LiH],-775.96868570515,0,19,3,-14743.40502839785
libe-631372,C.O.[HH].[LiH],-775.9067092958217,0,19,3,-14742.227476620612
libe-211345,C.F.O.[HH].[LiH],-892.2928942049301,0,7,4,-6246.050259434511
libe-121321,C.O.[HH],-863.8622964056873,0,12,2,-10366.347556868248
libe-121322,C.O.[HH],-864.0892490894206,0,12,2,-10369.070989073047
libe-121332,C.O.[HH],-863.988868839289,0,12,2,-10367.866426071469
libe-121334,C.O.[HH],-863.8303919309297,0,12,2,-10365.964703171157
libe-121336,C.O.[HH],-864.0001838545713,0,12,2,-10368.002206254856
libe-121339,C.O.[HH],-863.7103410366435,0,12,2,-10364.524092439722
libe-522990,C.F.O.P.[HH],-2858.4606325530763,0,6,4,-17150.763795318457
libe-135912,C.F.O.[HH].[LiH],-1176.337498397035,0,6,4,-7058.0249903822105
libe-136260,C.F.O.[HH].[LiH],-1176.3109854804197,0,6,4,-7057.865912882518
libe-136268,C.F.O.[HH].[LiH],-1176.3415874766517,0,6,4,-7058.049524859911
libe-136897,C.F.O.[HH].[LiH],-1176.1510988812017,0,6,4,-7056.906593287211
libe-136899,C.F.O.[HH].[LiH],-1176.40720161362,0,6,4,-7058.44320968172
libe-187865,C.F.O.[HH].[LiH],-1176.3666318459705,0,6,4,-7058.199791075823
libe-187898,C.F.O.[HH].[LiH],-1176.1310427698625,0,6,4,-7056.786256619175
libe-187938,C.F.O.[HH].[LiH],-1175.8565048715775,0,6,4,-7055.139029229465
libe-187986,C.F.O.[HH].[LiH],-1176.3550660185474,0,6,4,-7058.130396111284
libe-188000,C.F.O.[HH].[LiH],-1176.3862176067612,0,6,4,-7058.317305640568
libe-207255,C.F.O.[HH].[LiH],-1176.4083058612418,0,6,4,-7058.449835167451
libe-207327,C.F.O.[HH].[LiH],-1176.1219814261901,0,6,4,-7056.73188855714
libe-207416,C.F.O.[HH].[LiH],-1176.3808403876806,0,6,4,-7058.285042326083
libe-131983,C.O.[HH],-1125.3339003531082,0,11,2,-12378.672903884191
libe-131985,C.O.[HH],-1125.301065134878,0,11,2,-12378.311716483659
libe-131987,C.O.[HH],-1125.5134850211036,0,11,2,-12380.648335232141
libe-132004,C.O.[HH],-1125.4326477863758,0,11,2,-12379.759125650135
libe-132014,C.O.[HH],-1125.5283792612533,0,11,2,-12380.812171873786
libe-132028,C.O.[HH],-1125.3413778806407,0,11,2,-12378.755156687048
libe-132044,C.O.[HH],-1125.601130768152,0,11,2,-12381.612438449672
libe-177387,C.O.[HH],-1125.5994170192341,0,11,2,-12381.593587211575
libe-220690,C.O.[HH],-1125.7203586265252,0,11,2,-12382.923944891778
libe-119583,C.O.[HH].[LiH],-929.834339581869,0,8,3,-7438.674716654952
libe-119594,C.O.[HH].[LiH],-929.9201583891794,0,8,3,-7439.361267113435
libe-119604,C.O.[HH].[LiH],-929.8513912886873,0,8,3,-7438.811130309498
libe-119611,C.O.[HH].[LiH],-930.0625087492027,0,8,3,-7440.500069993622
libe-119625,C.O.[HH].[LiH],-930.3418061175812,0,8,3,-7442.73444894065
libe-119627,C.O.[HH].[LiH],-930.1601760277141,0,8,3,-7441.281408221713
libe-119635,C.O.[HH].[LiH],-929.9693249092956,0,8,3,-7439.754599274364
libe-119656,C.O.[HH].[LiH],-929.9490560443802,0,8,3,-7439.592448355042
libe-119661,C.O.[HH].[LiH],-929.9923542034511,0,8,3,-7439.938833627609
libe-119675,C.O.[HH].[LiH],-929.7726648120272,0,8,3,-7438.1813184962175
libe-119676,C.O.[HH].[LiH],-929.9899504221208,0,8,3,-7439.919603376967
libe-119680,C.O.[HH].[LiH],-929.9667901596246,0,8,3,-7439.7343212769965
libe-132326,C.O.[HH].[LiH],-929.7700615457452,0,8,3,-7438.1604923659615
libe-120360,C.O.[HH].[LiH],-930.0968764282924,0,8,3,-7440.775011426339
libe-120392,C.O.[HH].[LiH],-929.9589051304586,0,8,3,-7439.6712410436685
libe-120852,C.O.[HH].[LiH],-929.992013483472,0,8,3,-7439.936107867776
libe-137085,C.O.[HH].[LiH],-930.1542702770271,0,8,3,-7441.234162216217
libe-176386,C.O.[HH].[LiH],-929.9472899770628,0,8,3,-7439.578319816503
libe-186874,C.O.[HH].[LiH],-930.1444109160345,0,8,3,-7441.155287328276
libe-186928,C.O.[HH].[LiH],-930.0595235196737,0,8,3,-7440.4761881573895
libe-186935,C.O.[HH].[LiH],-929.9048895236555,0,8,3,-7439.239116189244
libe-187121,C.O.[HH].[LiH],-930.0937675805502,0,8,3,-7440.750140644402
libe-187155,C.O.[HH].[LiH],-930.0179550489548,0,8,3,-7440.143640391639
libe-187266,C.O.[HH].[LiH],-929.9253891238742,0,8,3,-7439.403112990994
libe-187415,C.O.[HH].[LiH],-930.0440909749542,0,8,3,-7440.352727799634
libe-187705,C.O.[HH].[LiH],-929.7936322739816,0,8,3,-7438.349058191853
libe-220174,C.O.[HH].[LiH],-929.8276558211957,0,8,3,-7438.621246569565
libe-117154,C.[HH],-387.12986806199683,0,11,1,-4258.428548681965
libe-116843,C.O.[HH],-1179.2478459665385,0,7,2,-8254.73492176577
libe-116844,C.O.[HH],-1179.1358317311776,0,7,2,-8253.950822118244
libe-116859,C.O.[HH],-1179.3416677406897,0,7,2,-8255.391674184828
libe-137481,C.F.O.[HH].[LiH],-1388.216874634761,0,11,4,-15270.385620982372
libe-137537,C.F.O.[HH].[LiH],-1388.255306185322,0,11,4,-15270.808368038543
libe-138313,C.F.O.[HH].[LiH],-1388.2476792288383,0,11,4,-15270.72447151722
libe-177332,C.F.O.[HH].[LiH],-1388.3915154162835,0,11,4,-15272.306669579119
libe-177419,C.F.O.[HH].[LiH],-1388.4089801927348,0,11,4,-15272.498782120083
libe-177457,C.F.O.[HH].[LiH],-1388.4167115905132,0,11,4,-15272.583827495644
libe-177963,C.F.O.[HH].[LiH],-1388.6611836420109,0,11,4,-15275.273020062119
libe-181962,C.F.O.[HH].[LiH],-1388.6130015688047,0,11,4,-15274.743017256853
libe-222004,C.F.O.[HH].[LiH],-1388.4460963180843,0,11,4,-15272.907059498928
libe-118599,C.O.[HH].[LiH],-769.4267543449375,0,7,3,-5385.9872804145625
libe-182955,C.O.[HH].[LiH],-769.045667189161,0,7,3,-5383.319670324127
libe-225174,C.O.[HH].[LiH],-768.8855422369485,0,7,3,-5382.198795658639
libe-640613,C.O.[HH].[LiH],-768.8568275510819,0,7,3,-5381.997792857574
libe-502016,C.F.N.O.S,-3405.1637626583847,0,14,5,-47672.29267721739
libe-514649,C.F.O.P.[HH],-2520.2454081759893,0,6,4,-15121.472449055935
libe-642086,C.F.O.P.[HH],-2519.93890045843,0,6,4,-15119.63340275058
libe-132314,C.O.[HH],-728.4293494598758,0,20,2,-14568.586989197514
libe-514454,C.F.O.P.[HH],-2021.316851566364,0,8,4,-16170.534812530912
libe-520130,C.F.O.P.[HH],-2021.3801444628687,0,8,4,-16171.04115570295
libe-528286,C.F.O.P.[HH],-2021.351961057219,0,8,4,-16170.815688457751
libe-536998,C.F.O.P.[HH],-2021.716741011465,0,8,4,-16173.73392809172
libe-121695,C.O.[HH].[LiH],-1296.8605364676523,0,13,3,-16859.18697407948
libe-173708,C.O.[HH].[LiH],-663.943203636338,0,16,3,-10623.091258181408
libe-173778,C.O.[HH].[LiH],-663.9427260576176,0,16,3,-10623.083616921882
libe-173823,C.O.[HH].[LiH],-663.9414774203866,0,16,3,-10623.063638726186
libe-510569,C.O.P.[HH],-1756.7313568690151,0,10,3,-17567.31356869015
libe-510578,C.O.P.[HH],-1756.6696218695604,0,10,3,-17566.696218695604
libe-517082,C.O.P.[HH],-1756.6257944189729,0,10,3,-17566.25794418973
libe-525903,C.O.P.[HH],-1756.5077103477852,0,10,3,-17565.07710347785
libe-120970,C.O.[HH],-742.9623155102317,0,14,2,-10401.472417143244
libe-183242,C.O.[HH],-742.9395395347444,0,14,2,-10401.153553486422
libe-183282,C.O.[HH],-742.9304191882011,0,14,2,-10401.025868634815
libe-183289,C.O.[HH],-742.9249097858465,0,14,2,-10400.94873700185
libe-511230,C.O.P.[LiH],-2609.5480502572113,0,6,4,-15657.288301543269
libe-641524,C.O.P.[LiH],-2609.654538399639,0,6,4,-15657.927230397834
libe-121284,C.O.[HH],-1371.7561785549128,0,9,2,-12345.805606994216
libe-116457,C.O.[HH],-652.5720985589636,0,8,2,-5220.576788471709
libe-116462,C.O.[HH],-652.3795509270525,0,8,2,-5219.03640741642
libe-116464,C.O.[HH],-652.3494114078234,0,8,2,-5218.795291262587
libe-116465,C.O.[HH],-652.4730776055944,0,8,2,-5219.784620844755
libe-116476,C.O.[HH],-652.0824954037907,0,8,2,-5216.659963230326
libe-116480,C.O.[HH],-652.5896496021218,0,8,2,-5220.717196816974
libe-116487,C.O.[HH],-652.3487928379939,0,8,2,-5218.790342703951
libe-116488,C.O.[HH],-652.7340510958236,0,8,2,-5221.872408766589
libe-116489,C.O.[HH],-652.5259315773126,0,8,2,-5220.207452618501
libe-181538,C.O.[HH],-652.4416487144699,0,8,2,-5219.533189715759
libe-516257,C.O.[HH],-651.979870817932,0,8,2,-5215.838966543456
libe-525047,C.O.[HH],-652.3438108512709,0,8,2,-5218.750486810167
libe-527850,C.O.[HH],-652.2840776330613,0,8,2,-5218.2726210644905
libe-225230,C.O.[HH],-652.348475962736,0,8,2,-5218.787807701888
libe-225251,C.O.[HH],-652.0922133830812,0,8,2,-5216.73770706465
libe-225252,C.O.[HH],-652.3829106560903,0,8,2,-5219.063285248722
libe-225260,C.O.[HH],-652.3302517162941,0,8,2,-5218.642013730353
libe-225275,C.O.[HH],-652.3557620300639,0,8,2,-5218.8460962405115
libe-225278,C.O.[HH],-652.3625481020922,0,8,2,-5218.900384816738
libe-225283,C.O.[HH],-652.1489160064745,0,8,2,-5217.191328051796
libe-225289,C.O.[HH],-652.0601711954116,0,8,2,-5216.481369563293
libe-225355,C.O.[HH],-652.091022800139,0,8,2,-5216.728182401112
libe-641163,C.O.[HH],-652.1427739768608,0,8,2,-5217.142191814886
libe-641169,C.O.[HH],-652.2155644081325,0,8,2,-5217.72451526506
libe-641180,C.O.[HH],-651.9534284268826,0,8,2,-5215.627427415061
libe-641232,C.O.[HH],-652.2141251175977,0,8,2,-5217.713000940782
libe-202494,C.O.[HH],-663.6339618210221,0,11,2,-7299.973580031243
libe-528422,C.O.[HH],-663.4847849101002,0,11,2,-7298.332634011102
libe-640413,C.O.[HH],-663.4611971410783,0,11,2,-7298.073168551861
libe-640416,C.O.[HH],-663.4055510621586,0,11,2,-7297.461061683744
libe-510549,C.O.P.[HH].[LiH],-1745.3955538617479,0,9,4,-15708.559984755731
libe-520452,C.O.P.[HH].[LiH],-1745.3861088694252,0,9,4,-15708.474979824827
libe-521058,C.O.P.[HH].[LiH],-1745.3042781495355,0,9,4,-15707.73850334582
libe-118729,C.O.[HH],-1177.8958093388173,0,7,2,-8245.270665371721
libe-118732,C.O.[HH],-1178.2443632285945,0,7,2,-8247.710542600162
libe-226770,C.O.[HH],-1177.7804550931305,0,7,2,-8244.463185651914
libe-226774,C.O.[HH],-1177.5590706118332,0,7,2,-8242.913494282833
libe-631886,C.O.[HH].[LiH],-987.2191318673447,0,18,3,-17769.944373612205
libe-631938,C.O.[HH].[LiH],-987.221031020383,0,18,3,-17769.978558366893
libe-137830,C.F.O.[HH].[LiH],-1443.3309618286114,0,12,4,-17319.971541943338
libe-138105,C.F.O.[HH].[LiH],-1443.4913809801544,0,12,4,-17321.896571761852
libe-138108,C.F.O.[HH].[LiH],-1443.4998061807455,0,12,4,-17321.997674168946
libe-138167,C.F.O.[HH].[LiH],-1443.3525556736506,0,12,4,-17320.23066808381
libe-178060,C.F.O.[HH].[LiH],-1443.418019854422,0,12,4,-17321.016238253065
libe-138073,C.F.O.[HH].[LiH],-1203.9345975656595,0,11,4,-13243.280573222253
libe-177211,C.F.O.[HH].[LiH],-1203.6987958147477,0,11,4,-13240.686753962225
libe-177235,C.F.O.[HH].[LiH],-1203.6824237216767,0,11,4,-13240.506660938445
libe-220462,C.F.O.[HH].[LiH],-1203.6872511519452,0,11,4,-13240.559762671399
libe-220468,C.F.O.[HH].[LiH],-1203.6849125277822,0,11,4,-13240.534037805604
libe-121369,C.O.[HH].[LiH],-857.2007341144345,0,22,3,-18858.416150517558
libe-136301,C.F.O.[HH].[LiH],-1164.1539635502124,0,8,4,-9313.2317084017
libe-136459,C.F.O.[HH].[LiH],-1164.174476276408,0,8,4,-9313.395810211265
libe-137975,C.F.O.[HH].[LiH],-1164.2002817860198,0,8,4,-9313.602254288158
libe-173515,C.F.O.[HH].[LiH],-1164.224324961803,0,8,4,-9313.794599694424
libe-637812,C.F.O.[HH].[LiH],-1164.1879665044435,0,8,4,-9313.503732035548
libe-175847,C.F.O.[HH].[LiH],-1163.9077131068982,0,8,4,-9311.261704855186
libe-176298,C.F.O.[HH].[LiH],-1164.0561187555306,0,8,4,-9312.448950044245
libe-211619,C.F.O.[HH].[LiH],-1164.144890325619,0,8,4,-9313.159122604951
libe-211869,C.F.O.[HH].[LiH],-1164.2326044482425,0,8,4,-9313.86083558594
libe-642288,C.F.O.[HH].[LiH],-1163.9066446791937,0,8,4,-9311.25315743355
libe-642305,C.F.O.[HH].[LiH],-1164.196206363214,0,8,4,-9313.569650905712
libe-642324,C.F.O.[HH].[LiH],-1164.1631069868915,0,8,4,-9313.304855895132
libe-642343,C.F.O.[HH].[LiH],-1164.167329508046,0,8,4,-9313.338636064367
libe-642372,C.F.O.[HH].[LiH],-1164.0628952446916,0,8,4,-9312.503161957533
libe-642542,C.F.O.[HH].[LiH],-1164.0008158866422,0,8,4,-9312.006527093137
libe-511260,C.F.O.P.[HH],-2613.4319042008465,0,8,4,-20907.45523360677
libe-516057,C.F.O.P.[HH],-2613.199560859575,0,8,4,-20905.5964868766
libe-525380,C.F.O.P.[HH],-2613.1786918740063,0,8,4,-20905.42953499205
libe-526888,C.F.O.P.[HH],-2612.9049436405435,0,8,4,-20903.239549124348
libe-529379,C.F.O.P.[HH],-2613.412273844773,0,8,4,-20907.298190758185
libe-502480,C.F.N.O.S.[LiH],-3310.4115682565757,0,12,6,-39724.93881907891
libe-502498,C.F.N.O.S.[LiH],-3310.4403060926543,0,12,6,-39725.28367311185
libe-636079,C.O.P.[HH],-2746.749053011535,0,6,3,-16480.49431806921
libe-641732,C.O.P.[HH],-2746.6425771528016,0,6,3,-16479.85546291681
libe-515358,C.F.O.P.[HH],-2838.5573467889453,0,7,4,-19869.901427522618
libe-120840,C.O.[HH],-848.5330318239195,0,22,2,-18667.72670012623
libe-522047,C.F.O.P.[HH],-2232.1112259669135,0,8,4,-17856.889807735308
libe-116753,C.[HH],-424.34176341276617,0,10,1,-4243.417634127662
libe-116755,C.[HH],-424.0574005174428,0,10,1,-4240.574005174428
libe-116767,C.[HH],-424.2797873816383,0,10,1,-4242.797873816383
libe-225339,C.[HH],-424.0979313374431,0,10,1,-4240.979313374431
libe-225345,C.[HH],-424.0154229537358,0,10,1,-4240.154229537358
libe-225483,C.[HH],-424.0331705582753,0,10,1,-4240.331705582753
libe-502060,C.F.N.O.S,-3653.5695265264385,0,11,5,-40189.264791790825
libe-502083,C.F.N.O.S,-3653.5805076083225,0,11,5,-40189.385583691546
libe-502283,C.F.N.O.S,-3653.6068905151856,0,11,5,-40189.67579566704
libe-121021,C.O.[HH],-588.8189437943541,0,16,2,-9421.103100709666
libe-174963,C.O.[HH],-588.7952410249518,0,16,2,-9420.723856399229
libe-174967,C.O.[HH],-588.8080211326927,0,16,2,-9420.928338123083
libe-524307,C.O.P.[HH],-2064.5438136430603,0,8,3,-16516.350509144482
libe-643093,C.O.P.[HH],-2064.1525206738393,0,8,3,-16513.220165390714
libe-501486,C.F.O.S.[LiH],-2990.4743167408606,0,7,5,-20933.320217186025
libe-514408,C.F.O.P.[HH].[LiH],-1922.1955598710526,0,11,5,-21144.15115858158
libe-514512,C.F.O.P.[HH].[LiH],-1922.203769114286,0,11,5,-21144.241460257144
libe-514968,C.F.O.P.[HH].[LiH],-1922.4747696155175,0,11,5,-21147.222465770694
libe-516398,C.F.O.P.[HH].[LiH],-1922.1349817559699,0,11,5,-21143.48479931567
libe-516875,C.F.O.P.[HH].[LiH],-1922.3401669301231,0,11,5,-21145.741836231355
libe-518987,C.F.O.P.[HH].[LiH],-1922.2231983930017,0,11,5,-21144.455182323018
libe-520135,C.F.O.P.[HH].[LiH],-1922.292251521477,0,11,5,-21145.214766736248
libe-520136,C.F.O.P.[HH].[LiH],-1922.286415510801,0,11,5,-21145.15057061881
libe-520891,C.F.O.P.[HH].[LiH],-1922.378938776954,0,11,5,-21146.168326546496
libe-523705,C.F.O.P.[HH].[LiH],-1922.3180445981207,0,11,5,-21145.498490579328
libe-525043,C.F.O.P.[HH].[LiH],-1922.3250555226589,0,11,5,-21145.57561074925
libe-528821,C.F.O.P.[HH].[LiH],-1922.2340460023734,0,11,5,-21144.574506026107
libe-116227,C.O,-1237.648537408549,0,5,2,-6188.242687042744
libe-225463,C.O,-1237.7696163450898,0,5,2,-6188.848081725449
libe-121522,C.O.[HH].[LiH],-761.57587298408,0,18,3,-13708.36571371344
libe-514592,C.O.P.[HH],-2062.890021909468,0,9,3,-18566.010197185213
libe-514918,C.O.P.[HH],-2063.0924605405085,0,9,3,-18567.832144864577
libe-526206,C.O.P.[HH],-2063.1214599273426,0,9,3,-18568.09313934608
libe-528799,C.O.P.[HH],-2062.8572649551306,0,9,3,-18565.715384596177
libe-502076,C.F.N.O.S.[LiH],-3213.299007578095,0,13,6,-41772.88709851523
libe-502390,C.F.N.O.S.[LiH],-3213.240859284734,0,13,6,-41772.13117070154
libe-525499,C.O.P.[HH],-2061.7606465591716,0,10,3,-20617.606465591714
libe-527146,C.O.P.[HH],-2061.57843342437,0,10,3,-20615.784334243697
libe-528334,C.O.P.[HH],-2061.7703233864186,0,10,3,-20617.703233864184
libe-118563,C.O.[HH].[LiH],-1070.634540732623,0,5,3,-5353.1727036631155
libe-118571,C.O.[HH].[LiH],-1070.6353303777096,0,5,3,-5353.176651888548
libe-118574,C.O.[HH].[LiH],-1070.980054466231,0,5,3,-5354.900272331155
libe-118577,C.O.[HH].[LiH],-1070.6751261021368,0,5,3,-5353.375630510684
libe-136889,C.O.[HH].[LiH],-1069.7792641775675,0,5,3,-5348.896320887838
libe-224926,C.O.[HH].[LiH],-1070.062665520493,0,5,3,-5350.3133276024655
libe-224935,C.O.[HH].[LiH],-1070.0632407870605,0,5,3,-5350.316203935303
libe-224950,C.O.[HH].[LiH],-1070.1257074001949,0,5,3,-5350.628537000975
libe-225040,C.O.[HH].[LiH],-1069.5441462447104,0,5,3,-5347.720731223552
libe-642518,C.O.[HH].[LiH],-1069.9265016647678,0,5,3,-5349.632508323839
libe-141528,C.F.O.[HH].[LiH],-918.1085704712306,0,19,4,-17444.06283895338
libe-141544,C.F.O.[HH].[LiH],-918.106131134177,0,19,4,-17444.016491549362
libe-141564,C.F.O.[HH].[LiH],-918.1262994663974,0,19,4,-17444.39968986155
libe-141641,C.F.O.[HH].[LiH],-918.1199767428858,0,19,4,-17444.27955811483
libe-141654,C.F.O.[HH].[LiH],-918.124407701389,0,19,4,-17444.36374632639
libe-460479,C.F.O.[HH].[LiH],-918.1113592930036,0,19,4,-17444.115826567067
libe-636842,C.O.[LiH],-1207.894491367891,0,8,3,-9663.155930943129
libe-119185,C.O.[LiH],-1208.1201806922372,0,8,3,-9664.961445537898
libe-636830,C.O.[LiH],-1207.673430249134,0,8,3,-9661.387441993073
libe-121211,C.O.[LiH],-1207.8553592216324,0,8,3,-9662.84287377306
libe-641396,C.O.[LiH],-1207.8113245043467,0,8,3,-9662.490596034773
libe-641485,C.O.[LiH],-1207.5176056184127,0,8,3,-9660.140844947302
libe-516582,C.F.O.P,-2866.992709175501,0,8,4,-22935.94167340401
libe-539168,C.F.O.P,-2867.2324836373796,0,8,4,-22937.859869099037
libe-502737,C.F.O.S.[LiH],-3307.773173310408,0,13,5,-43001.0512530353
libe-503283,C.F.O.S.[LiH],-3307.886067009676,0,13,5,-43002.51887112579
libe-631219,C.O.[HH].[LiH],-915.1446199032928,0,14,3,-12812.0246786461
libe-631267,C.O.[HH].[LiH],-915.372212612827,0,14,3,-12815.210976579578
libe-634033,C.O.[HH].[LiH],-915.2694060905122,0,14,3,-12813.771685267171
libe-502168,C.F.N.O.S,-3679.7864076581586,0,10,5,-36797.86407658159
libe-502378,C.F.N.O.S,-3679.90857572854,0,10,5,-36799.0857572854
libe-519033,C.O.P.[HH],-2408.41278504752,0,6,3,-14450.47671028512
libe-529317,C.O.P.[HH],-2408.0386312790356,0,6,3,-14448.231787674213
libe-501973,C.F.N.O.S,-3861.336669946788,0,9,5,-34752.03002952109
libe-501995,C.F.N.O.S,-3861.4680325567324,0,9,5,-34753.21229301059
libe-520826,C.F.O.P.[HH],-2438.070133803234,0,9,4,-21942.631204229107
libe-524960,C.F.O.P.[HH],-2438.1909361068156,0,9,4,-21943.71842496134
libe-528717,C.F.O.P.[HH],-2437.8758059127144,0,9,4,-21940.88225321443
libe-115893,C.O,-1469.4035225312605,0,7,2,-10285.824657718824
libe-643168,C.O,-1469.258698947299,0,7,2,-10284.810892631094
libe-117906,C.O.[HH].[LiH],-916.0037359188266,0,7,3,-6412.026151431786
libe-117912,C.O.[HH].[LiH],-916.3126775108866,0,7,3,-6414.188742576206
libe-117926,C.O.[HH].[LiH],-916.1166041763662,0,7,3,-6412.816229234563
libe-226301,C.O.[HH].[LiH],-915.981909045334,0,7,3,-6411.873363317338
libe-226348,C.O.[HH].[LiH],-916.0537309704583,0,7,3,-6412.376116793208
libe-642410,C.O.[HH].[LiH],-915.9575139052479,0,7,3,-6411.702597336735
libe-120643,C.O.[HH].[LiH],-848.2599451793809,0,10,3,-8482.599451793809
libe-510472,C.F.O.P.[HH],-2275.352165419489,0,8,4,-18202.817323355914
libe-511241,C.F.O.P.[HH],-2275.4191191173536,0,8,4,-18203.35295293883
libe-514451,C.F.O.P.[HH],-2275.6768276843686,0,8,4,-18205.41462147495
libe-517206,C.F.O.P.[HH],-2275.4532215943327,0,8,4,-18203.62577275466
libe-519049,C.F.O.P.[HH],-2275.1179537933795,0,8,4,-18200.943630347036
libe-521689,C.F.O.P.[HH],-2275.6665026045625,0,8,4,-18205.3320208365
libe-524782,C.F.O.P.[HH],-2275.408718689716,0,8,4,-18203.269749517727
libe-528910,C.F.O.P.[HH],-2275.6911322852684,0,8,4,-18205.529058282147
libe-525778,C.O.P,-2747.208105819247,0,6,3,-16483.248634915482
libe-118645,C.O.[HH].[LiH],-701.8443415411874,0,5,3,-3509.221707705937
libe-115970,C.[HH],-526.0376337392958,0,6,1,-3156.2258024357743
libe-115974,C.[HH],-525.7595729611221,0,6,1,-3154.5574377667326
libe-115977,C.[HH],-525.7697025924768,0,6,1,-3154.6182155548613
libe-132331,C.[HH],-525.4831754889436,0,6,1,-3152.899052933662
libe-518889,C.F.O.P.[LiH],-2553.1383111528894,0,8,5,-20425.106489223115
libe-117418,C.O.[HH].[LiH],-726.4125662248847,0,12,3,-8716.950794698616
libe-117424,C.O.[HH].[LiH],-726.3321459832123,0,12,3,-8715.985751798547
libe-117430,C.O.[HH].[LiH],-726.3215793325362,0,12,3,-8715.858951990434
libe-117431,C.O.[HH].[LiH],-726.4846844537001,0,12,3,-8717.816213444401
libe-117432,C.O.[HH].[LiH],-726.3844655986945,0,12,3,-8716.613587184334
libe-117435,C.O.[HH].[LiH],-726.244312643918,0,12,3,-8714.931751727016
libe-117439,C.O.[HH].[LiH],-726.3278831603444,0,12,3,-8715.934597924133
libe-117440,C.O.[HH].[LiH],-726.3600470226041,0,12,3,-8716.32056427125
libe-117450,C.O.[HH].[LiH],-726.3588519260047,0,12,3,-8716.306223112057
libe-117477,C.O.[HH].[LiH],-726.4298683171495,0,12,3,-8717.158419805794
libe-117517,C.O.[HH],-1371.2804260325463,0,6,2,-8227.682556195277
libe-184787,C.O.[HH],-1371.610595253358,0,6,2,-8229.663571520148
libe-175038,C.O.[HH],-555.2173660360269,0,17,2,-9438.695222612458
libe-120212,C.O.[HH],-1134.5602671603128,0,10,2,-11345.602671603128
libe-120215,C.O.[HH],-1134.7181345221375,0,10,2,-11347.181345221376
libe-120221,C.O.[HH],-1134.5809509053956,0,10,2,-11345.809509053955
libe-120223,C.O.[HH],-1134.729435890604,0,10,2,-11347.29435890604
libe-132400,C.O.[HH],-1134.633193501396,0,10,2,-11346.331935013959
libe-120260,C.O.[HH],-1134.7072594549888,0,10,2,-11347.072594549889
libe-118699,C.O.[HH].[LiH],-572.3490023988843,0,8,3,-4578.792019191074
libe-118711,C.O.[HH].[LiH],-572.294171562237,0,8,3,-4578.353372497896
libe-137814,C.O.[HH].[LiH],-572.3835202147199,0,8,3,-4579.068161717759
libe-514558,C.F.O.P.[HH].[LiH],-1707.6628682453245,0,12,5,-20491.954418943893
libe-514643,C.F.O.P.[HH].[LiH],-1707.6466948438056,0,12,5,-20491.760338125667
libe-519030,C.F.O.P.[HH].[LiH],-1707.6894883740079,0,12,5,-20492.273860488094
libe-519695,C.F.O.P.[HH].[LiH],-1707.7460269879375,0,12,5,-20492.95232385525
libe-524461,C.F.O.P.[HH].[LiH],-1707.651198905476,0,12,5,-20491.81438686571
libe-524592,C.F.O.P.[HH].[LiH],-1707.822553892439,0,12,5,-20493.870646709267
libe-529044,C.F.O.P.[HH].[LiH],-1707.6429883116,0,12,5,-20491.7158597392
libe-510615,C.O.P.[HH],-1231.3083209154133,0,16,3,-19700.933134646613
libe-511211,C.O.P.[HH],-1231.5474358462286,0,16,3,-19704.758973539658
libe-463380,C.F.O.[HH],-1066.4827941463557,0,20,3,-21329.655882927113
libe-116494,C.[HH],-526.2351694192497,0,8,1,-4209.881355353998
libe-116497,C.[HH],-526.0040694443247,0,8,1,-4208.032555554598
libe-116498,C.[HH],-526.1894878792364,0,8,1,-4209.515903033891
libe-116500,C.[HH],-526.0346932778856,0,8,1,-4208.277546223085
libe-116508,C.[HH],-525.9094279400347,0,8,1,-4207.275423520277
libe-116515,C.[HH],-526.0395856410917,0,8,1,-4208.316685128733
libe-225097,C.[HH],-525.9057667900412,0,8,1,-4207.2461343203295
libe-225106,C.[HH],-525.944843800891,0,8,1,-4207.558750407128
libe-225111,C.[HH],-525.9081973686378,0,8,1,-4207.265578949103
libe-225128,C.[HH],-526.0210279990793,0,8,1,-4208.168223992634
libe-225136,C.[HH],-525.8276757431256,0,8,1,-4206.621405945005
libe-225184,C.[HH],-525.2446563472467,0,8,1,-4201.957250777974
libe-225228,C.[HH],-525.7556447432521,0,8,1,-4206.045157946017
libe-406512,C.F.O.[HH].[LiH],-1154.3889183014032,0,21,4,-24242.16728432947
libe-407863,C.F.O.[HH].[LiH],-1154.373130000462,0,21,4,-24241.8357300097
libe-118428,C.O.[HH].[LiH],-589.0887767130752,0,11,3,-6479.976543843827
libe-118436,C.O.[HH].[LiH],-589.1678542822209,0,11,3,-6480.84639710443
libe-118437,C.O.[HH].[LiH],-589.017908616851,0,11,3,-6479.19699478536
libe-118440,C.O.[HH].[LiH],-588.9972402871853,0,11,3,-6478.969643159038
libe-118443,C.O.[HH].[LiH],-589.0152817769539,0,11,3,-6479.168099546493
libe-118444,C.O.[HH].[LiH],-589.055881009402,0,11,3,-6479.614691103422
libe-118448,C.O.[HH].[LiH],-588.8584367051105,0,11,3,-6477.442803756216
libe-118454,C.O.[HH].[LiH],-589.0573791549267,0,11,3,-6479.631170704194
libe-119327,C.O.[HH].[LiH],-589.0180988496559,0,11,3,-6479.199087346215
libe-119329,C.O.[HH].[LiH],-589.0532452842198,0,11,3,-6479.585698126418
libe-639792,C.O.[HH].[LiH],-588.900636068122,0,11,3,-6477.906996749342
libe-639804,C.O.[HH].[LiH],-588.8586468273504,0,11,3,-6477.445115100854
libe-639812,C.O.[HH].[LiH],-588.8951983649645,0,11,3,-6477.84718201461
libe-639835,C.O.[HH].[LiH],-588.8653926057178,0,11,3,-6477.519318662896
libe-639846,C.O.[HH].[LiH],-588.8650242156541,0,11,3,-6477.515266372196
libe-639873,C.O.[HH].[LiH],-588.88309194075,0,11,3,-6477.71401134825
libe-639948,C.O.[HH].[LiH],-588.7534562847814,0,11,3,-6476.288019132595
libe-639988,C.O.[HH].[LiH],-588.8695134484768,0,11,3,-6477.5646479332445
libe-640091,C.O.[HH].[LiH],-588.7216404642442,0,11,3,-6475.938045106685
libe-640436,C.O.[HH].[LiH],-588.9498680634902,0,11,3,-6478.448548698391
libe-510540,C.F.O.P.[HH],-2624.866178906099,0,9,4,-23623.79561015489
libe-511147,C.F.O.P.[HH],-2624.6980101472877,0,9,4,-23622.28209132559
libe-520870,C.F.O.P.[HH],-2624.8628118466736,0,9,4,-23623.765306620062
libe-639188,C.F.O.[HH],-795.2377473545623,0,10,3,-7952.377473545623
libe-524577,C.F.O.[HH],-795.2655452772904,0,10,3,-7952.655452772904
libe-641938,C.F.O.[HH],-795.2164482111234,0,10,3,-7952.164482111234
libe-641964,C.F.O.[HH],-795.1595022379358,0,10,3,-7951.595022379359
libe-115844,C.O.[HH],-1160.3395759658813,0,8,2,-9282.71660772705
libe-115845,C.O.[HH],-1160.55376555032,0,8,2,-9284.43012440256
libe-118746,C.O.[HH],-1159.9547440054125,0,8,2,-9279.6379520433
libe-118749,C.O.[HH],-1160.1284496600695,0,8,2,-9281.027597280556
libe-118751,C.O.[HH],-1160.3559261420305,0,8,2,-9282.847409136244
libe-118753,C.O.[HH],-1160.1953396648187,0,8,2,-9281.56271731855
libe-635418,C.O.[HH],-1159.9998948437274,0,8,2,-9279.999158749819
libe-175947,C.O.[HH],-1160.5067023379581,0,8,2,-9284.053618703665
libe-175950,C.O.[HH],-1160.4183013272186,0,8,2,-9283.346410617749
libe-175976,C.O.[HH],-1160.2090697212636,0,8,2,-9281.672557770109
libe-176143,C.O.[HH],-1160.168070305922,0,8,2,-9281.344562447375
libe-176177,C.O.[HH],-1160.3956815996478,0,8,2,-9283.165452797182
libe-641280,C.O.[HH],-1160.119040945235,0,8,2,-9280.95232756188
libe-641294,C.O.[HH],-1159.9656637312323,0,8,2,-9279.725309849859
libe-641301,C.O.[HH],-1159.694645962978,0,8,2,-9277.557167703824
libe-641302,C.O.[HH],-1159.903603739849,0,8,2,-9279.228829918791
libe-641313,C.O.[HH],-1160.1563177628316,0,8,2,-9281.250542102653
libe-641323,C.O.[HH],-1160.0196799694681,0,8,2,-9280.157439755745
libe-641337,C.O.[HH],-1160.1242959802933,0,8,2,-9280.994367842346
libe-641341,C.O.[HH],-1160.1581537456614,0,8,2,-9281.265229965291
libe-641395,C.O.[HH],-1160.1239477825245,0,8,2,-9280.991582260196
libe-641423,C.O.[HH],-1160.176847556239,0,8,2,-9281.414780449912
libe-641443,C.O.[HH],-1160.0333103598039,0,8,2,-9280.26648287843
libe-641574,C.O.[HH],-1159.960463309374,0,8,2,-9279.683706474993
libe-511310,C.F.O.P.[HH],-1737.935399701965,0,16,4,-27806.96639523144
libe-511322,C.F.O.P.[HH],-1738.092254237015,0,16,4,-27809.47606779224
libe-511326,C.F.O.P.[HH],-1738.044418861777,0,16,4,-27808.710701788434
libe-511371,C.F.O.P.[HH],-1737.9039341380148,0,16,4,-27806.462946208238
libe-514473,C.F.O.P.[HH],-1738.0570241245387,0,16,4,-27808.91238599262
libe-516167,C.F.O.P.[HH],-1738.1035610863005,0,16,4,-27809.656977380808
libe-516425,C.F.O.P.[HH],-1737.8283866364682,0,16,4,-27805.25418618349
libe-516625,C.F.O.P.[HH],-1737.9773159240829,0,16,4,-27807.637054785326
libe-517237,C.F.O.P.[HH],-1737.9104678214687,0,16,4,-27806.5674851435
libe-517324,C.F.O.P.[HH],-1737.974775809669,0,16,4,-27807.596412954703
libe-519085,C.F.O.P.[HH],-1737.9122390700659,0,16,4,-27806.595825121054
libe-519534,C.F.O.P.[HH],-1738.0555629503701,0,16,4,-27808.889007205922
libe-520574,C.F.O.P.[HH],-1738.0419794670927,0,16,4,-27808.671671473483
libe-520699,C.F.O.P.[HH],-1738.052713941738,0,16,4,-27808.843423067807
libe-523064,C.F.O.P.[HH],-1738.1145518663072,0,16,4,-27809.832829860916
libe-523831,C.F.O.P.[HH],-1738.0429127677276,0,16,4,-27808.68660428364
libe-525640,C.F.O.P.[HH],-1738.1265849847255,0,16,4,-27810.025359755607
libe-525727,C.F.O.P.[HH],-1738.04556471932,0,16,4,-27808.72903550912
libe-525789,C.F.O.P.[HH],-1738.066937896922,0,16,4,-27809.07100635075
libe-526226,C.F.O.P.[HH],-1738.0825255659865,0,16,4,-27809.320409055785
libe-527893,C.F.O.P.[HH],-1737.8949657756486,0,16,4,-27806.31945241038
libe-527915,C.F.O.P.[HH],-1738.0621623549555,0,16,4,-27808.994597679288
libe-528028,C.F.O.P.[HH],-1738.0277044481368,0,16,4,-27808.44327117019
libe-528227,C.F.O.P.[HH],-1737.9486740512198,0,16,4,-27807.178784819516
libe-528429,C.F.O.P.[HH],-1738.0443042604138,0,16,4,-27808.70886816662
libe-528544,C.F.O.P.[HH],-1737.9315949150853,0,16,4,-27806.905518641364
libe-528588,C.F.O.P.[HH],-1737.8905487039121,0,16,4,-27806.248779262594
libe-529391,C.F.O.P.[HH],-1738.090332912717,0,16,4,-27809.445326603472
libe-529517,C.F.O.P.[HH],-1737.8673502119798,0,16,4,-27805.877603391677
libe-534711,C.F.O.P.[HH],-1738.0808999944804,0,16,4,-27809.294399911687
libe-534986,C.F.O.P.[HH],-1737.8763715578466,0,16,4,-27806.021944925546
libe-539371,C.F.O.P.[HH],-1738.1166236350314,0,16,4,-27809.865978160502
libe-539554,C.F.O.P.[HH],-1738.0394278226538,0,16,4,-27808.63084516246
libe-542503,C.F.O.P.[HH],-1738.1249623571593,0,16,4,-27809.99939771455
libe-121915,C.O.[HH].[LiH],-839.5514248653478,0,20,3,-16791.028497306957
libe-121916,C.O.[HH].[LiH],-839.5520408616248,0,20,3,-16791.040817232497
libe-121937,C.O.[HH].[LiH],-839.6356709698168,0,20,3,-16792.713419396336
libe-121939,C.O.[HH].[LiH],-839.5561779886136,0,20,3,-16791.123559772273
libe-121940,C.O.[HH].[LiH],-839.5516727772323,0,20,3,-16791.033455544646
libe-631286,C.O.[HH].[LiH],-839.5945522093904,0,20,3,-16791.891044187807
libe-631335,C.O.[HH].[LiH],-839.5449471749059,0,20,3,-16790.89894349812
libe-631359,C.O.[HH].[LiH],-839.4292610477135,0,20,3,-16788.585220954268
libe-631406,C.O.[HH].[LiH],-839.5352338490542,0,20,3,-16790.704676981084
libe-631990,C.O.[HH].[LiH],-839.616611573625,0,20,3,-16792.3322314725
libe-631991,C.O.[HH].[LiH],-839.5678599292838,0,20,3,-16791.357198585676
libe-632010,C.O.[HH].[LiH],-839.4812050153632,0,20,3,-16789.624100307265
libe-632265,C.O.[HH].[LiH],-839.6276536343382,0,20,3,-16792.553072686766
libe-632355,C.O.[HH].[LiH],-839.4839064881451,0,20,3,-16789.678129762902
libe-632379,C.O.[HH].[LiH],-839.4672330123176,0,20,3,-16789.344660246352
libe-141099,C.F.O.[HH],-884.6472832497723,0,16,3,-14154.356531996356
libe-141231,C.F.O.[HH],-884.637955702586,0,16,3,-14154.207291241377
libe-514982,C.F.O.P.[HH],-1900.6563157599178,0,13,4,-24708.53210487893
libe-520575,C.F.O.P.[HH],-1900.7071878518161,0,13,4,-24709.19344207361
libe-117576,C.O.[HH],-906.1220422383035,0,8,2,-7248.976337906428
libe-117587,C.O.[HH],-906.1252640907055,0,8,2,-7249.002112725644
libe-117588,C.O.[HH],-906.1181596403377,0,8,2,-7248.945277122702
libe-117591,C.O.[HH],-906.0530998961927,0,8,2,-7248.424799169542
libe-117592,C.O.[HH],-906.188484132255,0,8,2,-7249.50787305804
libe-117598,C.O.[HH],-905.7668708170328,0,8,2,-7246.134966536262
libe-117601,C.O.[HH],-905.880988774578,0,8,2,-7247.047910196624
libe-117606,C.O.[HH],-905.9338703976756,0,8,2,-7247.470963181405
libe-117855,C.O.[HH],-906.2789730305797,0,8,2,-7250.231784244637
libe-183924,C.O.[HH],-906.4222264992611,0,8,2,-7251.377811994089
libe-183985,C.O.[HH],-906.1570625467032,0,8,2,-7249.256500373625
libe-184241,C.O.[HH],-906.4834804354801,0,8,2,-7251.867843483841
libe-184326,C.O.[HH],-906.4707365237788,0,8,2,-7251.76589219023
libe-185246,C.O.[HH],-906.4848856594596,0,8,2,-7251.8790852756765
libe-516246,C.O.[HH],-906.267919347093,0,8,2,-7250.143354776744
libe-517183,C.O.[HH],-906.1078997589079,0,8,2,-7248.8631980712635
libe-520548,C.O.[HH],-906.0919766654376,0,8,2,-7248.735813323501
libe-526764,C.O.[HH],-906.108503836308,0,8,2,-7248.868030690464
libe-117505,C.O.[HH].[LiH],-942.1122956473155,0,7,3,-6594.786069531208
libe-119130,C.O.[HH].[LiH],-942.1063042912092,0,7,3,-6594.744130038464
libe-119132,C.O.[HH].[LiH],-942.159568239872,0,7,3,-6595.116977679104
libe-119135,C.O.[HH].[LiH],-942.0727960950887,0,7,3,-6594.509572665621
libe-119143,C.O.[HH].[LiH],-941.9354114113099,0,7,3,-6593.547879879169
libe-137734,C.O.[HH].[LiH],-942.1123322181331,0,7,3,-6594.786325526932
libe-175824,C.O.[HH].[LiH],-942.0177242119504,0,7,3,-6594.124069483652
libe-514794,C.O.P.[HH].[LiH],-1775.6617622689014,0,10,4,-17756.617622689013
libe-522115,C.O.P.[HH].[LiH],-1775.6434398790188,0,10,4,-17756.43439879019
libe-523953,C.O.P.[HH].[LiH],-1775.8839601691175,0,10,4,-17758.839601691176
libe-524379,C.O.P.[HH].[LiH],-1775.8673771159479,0,10,4,-17758.67377115948
libe-525666,C.O.P.[HH].[LiH],-1775.5278252575263,0,10,4,-17755.278252575263
libe-528484,C.O.P.[HH].[LiH],-1775.7120877080695,0,10,4,-17757.120877080695
libe-535773,C.O.P.[HH].[LiH],-1775.5211603345892,0,10,4,-17755.21160334589
libe-542384,C.O.P.[HH].[LiH],-1775.7592336248672,0,10,4,-17757.592336248672
libe-509439,C.F.O.P.[HH],-1528.781352550954,0,20,4,-30575.627051019077
libe-507689,C.F.[HH],-608.9921639487935,0,8,2,-4871.937311590348
libe-515159,C.F.O.P.[HH],-2693.8856984509657,0,7,4,-18857.19988915676
libe-519745,C.F.O.P.[HH],-2694.151997511131,0,7,4,-18859.063982577918
libe-529052,C.F.O.P.[HH],-2693.7192131687225,0,7,4,-18856.034492181057
libe-121447,C.O.[HH].[LiH],-805.467122957633,0,17,3,-13692.94109027976
libe-121449,C.O.[HH].[LiH],-805.5272284874067,0,17,3,-13693.962884285913
libe-121451,C.O.[HH].[LiH],-805.4916763525692,0,17,3,-13693.358497993677
libe-520670,C.F.O.P.[HH],-2098.916863332646,0,9,4,-18890.25176999381
libe-527040,C.F.O.P.[HH],-2099.0629221903246,0,9,4,-18891.566299712922
libe-528750,C.F.O.P.[HH],-2099.2418764164686,0,9,4,-18893.176887748217
libe-117936,C.O.[HH].[LiH],-1327.5114874222713,0,11,3,-14602.626361644985
libe-138144,C.O.[HH].[LiH],-1327.699808019285,0,11,3,-14604.697888212135
libe-117197,C.O.[HH].[LiH],-770.2492306803815,0,7,3,-5391.744614762671
libe-117203,C.O.[HH].[LiH],-770.5237787461094,0,7,3,-5393.666451222766
libe-117209,C.O.[HH].[LiH],-770.5507128482035,0,7,3,-5393.854989937425
libe-117212,C.O.[HH].[LiH],-770.2022791449481,0,7,3,-5391.415954014637
libe-117214,C.O.[HH].[LiH],-770.3750788881599,0,7,3,-5392.62555221712
libe-117221,C.O.[HH].[LiH],-770.3599830537403,0,7,3,-5392.519881376182
libe-117223,C.O.[HH].[LiH],-770.3354364927751,0,7,3,-5392.348055449425
libe-137035,C.O.[HH].[LiH],-770.2711694994903,0,7,3,-5391.898186496432
libe-179175,C.O.[HH].[LiH],-770.0847767182712,0,7,3,-5390.593437027898
libe-179549,C.O.[HH].[LiH],-770.3933583117041,0,7,3,-5392.753508181929
libe-118512,C.O.[HH],-1236.325805467051,0,5,2,-6181.629027335254
libe-118516,C.O.[HH],-1236.5369163918874,0,5,2,-6182.684581959437
libe-119383,C.O.[HH],-1235.7274342910641,0,5,2,-6178.637171455321
libe-184728,C.O.[HH],-1235.9179047937255,0,5,2,-6179.589523968628
libe-184975,C.O.[HH],-1235.9999534770948,0,5,2,-6179.999767385474
libe-501877,C.F.N.O.S,-3936.23103159043,0,9,5,-35426.07928431387
libe-501893,C.F.N.O.S,-3935.99336762769,0,9,5,-35423.94030864921
libe-192269,C.F.O.[HH],-990.0097587236013,0,8,3,-7920.07806978881
libe-192278,C.F.O.[HH],-990.0653712359156,0,8,3,-7920.5229698873245
libe-514504,C.F.O.[HH],-989.8841895453373,0,8,3,-7919.073516362699
libe-514571,C.F.O.[HH],-989.9262564886683,0,8,3,-7919.410051909346
libe-515216,C.F.O.[HH],-989.6684930410938,0,8,3,-7917.347944328751
libe-524768,C.F.O.[HH],-989.8459119262453,0,8,3,-7918.767295409963
libe-525713,C.F.O.[HH],-989.650616479536,0,8,3,-7917.204931836288
libe-638865,C.F.O.[HH],-990.0340543847332,0,8,3,-7920.272435077865
libe-641899,C.F.O.[HH],-989.8353823867419,0,8,3,-7918.683059093935
libe-641905,C.F.O.[HH],-989.8583974685818,0,8,3,-7918.867179748654
libe-641941,C.F.O.[HH],-989.7833042695631,0,8,3,-7918.266434156505
libe-641946,C.F.O.[HH],-989.731059423221,0,8,3,-7917.848475385768
libe-642005,C.F.O.[HH],-989.5627943069162,0,8,3,-7916.50235445533
libe-642052,C.F.O.[HH],-989.520161983031,0,8,3,-7916.161295864248
libe-642092,C.F.O.[HH],-989.7973735842069,0,8,3,-7918.378988673655
libe-642116,C.F.O.[HH],-989.7703032193846,0,8,3,-7918.162425755077
libe-141141,C.F.O.[HH].[LiH],-1118.125414739824,0,18,4,-20126.257465316834
libe-388742,C.F.O.[HH].[LiH],-1118.3399019091175,0,18,4,-20130.118234364116
libe-116089,C.[HH],-307.58473880833066,0,7,1,-2153.0931716583145
libe-135860,C.F.O.[HH].[LiH],-1113.7535099123586,0,13,4,-14478.795628860662
libe-135869,C.F.O.[HH].[LiH],-1113.7872111140284,0,13,4,-14479.23374448237
libe-173722,C.F.O.[HH].[LiH],-1113.8577279291324,0,13,4,-14480.15046307872
libe-223500,C.F.O.[HH].[LiH],-1113.7593424103356,0,13,4,-14478.871451334364
libe-501763,C.F.N.S,-5381.433932977121,0,5,4,-26907.169664885605
libe-520986,C.F.O.P.[HH],-1863.384711800966,0,14,4,-26087.385965213525
libe-526883,C.F.O.P.[HH],-1863.465106698801,0,14,4,-26088.511493783215
libe-141644,C.F.O.[HH],-1201.5145638597287,0,20,3,-24030.291277194574
libe-120951,C.O.[HH].[LiH],-964.1888476931805,0,12,3,-11570.266172318166
libe-120952,C.O.[HH].[LiH],-964.158200581498,0,12,3,-11569.898406977976
libe-120953,C.O.[HH].[LiH],-964.1722977210233,0,12,3,-11570.067572652279
libe-120955,C.O.[HH].[LiH],-964.1548240319916,0,12,3,-11569.857888383898
libe-120956,C.O.[HH].[LiH],-964.1529693317516,0,12,3,-11569.83563198102
libe-120957,C.O.[HH].[LiH],-964.0874112057458,0,12,3,-11569.048934468949
libe-121717,C.O.[HH].[LiH],-964.0830296180221,0,12,3,-11568.996355416266
libe-121721,C.O.[HH].[LiH],-964.129632218423,0,12,3,-11569.555586621076
libe-121726,C.O.[HH].[LiH],-964.0494032339267,0,12,3,-11568.59283880712
libe-117527,C.O.[HH],-1323.3615311345554,0,7,2,-9263.530717941889
libe-117533,C.O.[HH],-1323.377444154236,0,7,2,-9263.642109079652
libe-117534,C.O.[HH],-1323.3443180569689,0,7,2,-9263.410226398782
libe-117541,C.O.[HH],-1323.625853328325,0,7,2,-9265.380973298275
libe-117557,C.O.[HH],-1323.2279758111022,0,7,2,-9262.595830677716
libe-117854,C.O.[HH],-1323.6297263336244,0,7,2,-9265.408084335371
libe-137296,C.F.O.[HH].[LiH],-1118.3596646852977,0,10,4,-11183.596646852977
libe-138141,C.F.O.[HH].[LiH],-1239.6685175012922,0,14,4,-17355.35924501809
libe-138166,C.F.O.[HH].[LiH],-1239.6737823849073,0,14,4,-17355.432953388703
libe-138192,C.F.O.[HH].[LiH],-1239.5722029138976,0,14,4,-17354.010840794566
libe-138202,C.F.O.[HH].[LiH],-1239.5976503386717,0,14,4,-17354.367104741403
libe-222694,C.F.O.[HH].[LiH],-1239.5716738280373,0,14,4,-17354.003433592523
libe-115774,C.O.[HH],-626.4961462010665,0,10,2,-6264.961462010665
libe-116120,C.O.[HH],-525.0150295263338,0,8,2,-4200.120236210671
libe-116125,C.O.[HH],-525.0093913361216,0,8,2,-4200.075130688972
libe-116126,C.O.[HH],-525.0530259336695,0,8,2,-4200.424207469356
libe-528692,C.O.[HH],-524.967453725381,0,8,2,-4199.739629803048
libe-511255,C.O.P.[HH],-2319.0114902379296,0,8,3,-18552.091921903437
libe-522380,C.O.P.[HH],-2319.397991796795,0,8,3,-18555.18393437436
libe-523820,C.O.P.[HH],-2318.911380478186,0,8,3,-18551.291043825488
libe-526105,C.O.P.[HH],-2318.6854183735613,0,8,3,-18549.48334698849
libe-140739,C.F.O.[HH].[LiH],-1142.4541141277946,0,14,4,-15994.357597789125
libe-140939,C.F.O.[HH].[LiH],-1142.429706236969,0,14,4,-15994.015887317564
libe-501353,C.F.N.O.S.[LiH],-3006.5713706933125,0,7,6,-21045.999594853187
libe-115876,C.[HH],-356.2950102372677,0,6,1,-2137.7700614236064
libe-115981,C.[HH],-355.82235257469955,0,6,1,-2134.934115448197
libe-224592,C.[HH],-355.80396244469534,0,6,1,-2134.823774668172
libe-224658,C.[HH],-355.846707310613,0,6,1,-2135.080243863678
libe-138088,C.F.O.[HH],-1319.0416726084768,0,13,3,-17147.5417439102
libe-174897,C.O.[HH].[LiH],-625.366309104075,0,12,3,-7504.3957092489
libe-137046,C.F.O.[HH],-1107.6816179139978,0,9,3,-9969.13456122598
libe-138048,C.F.O.[HH],-1107.7766194557094,0,9,3,-9969.989575101385
libe-192285,C.F.O.[HH],-1107.8174734308686,0,9,3,-9970.357260877818
libe-192289,C.F.O.[HH],-1107.874879036602,0,9,3,-9970.873911329418
libe-192314,C.F.O.[HH],-1107.1267848901755,0,9,3,-9964.14106401158
libe-637800,C.F.O.[HH],-1107.4855065554818,0,9,3,-9967.369558999337
libe-192668,C.F.O.[HH],-1107.4981154811137,0,9,3,-9967.483039330024
libe-192680,C.F.O.[HH],-1107.5416060570456,0,9,3,-9967.87445451341
libe-637810,C.F.O.[HH],-1107.5163057801062,0,9,3,-9967.646752020955
libe-193573,C.F.O.[HH],-1107.8002658692633,0,9,3,-9970.20239282337
libe-640349,C.F.O.[HH],-1107.3374001802124,0,9,3,-9966.036601621912
libe-640373,C.F.O.[HH],-1107.234571677495,0,9,3,-9965.111145097455
libe-640374,C.F.O.[HH],-1107.3382954809426,0,9,3,-9966.044659328483
libe-640384,C.F.O.[HH],-1107.294923528801,0,9,3,-9965.65431175921
libe-640414,C.F.O.[HH],-1107.3978356394139,0,9,3,-9966.580520754726
libe-640415,C.F.O.[HH],-1107.2427216271117,0,9,3,-9965.184494644005
libe-640429,C.F.O.[HH],-1107.35488079392,0,9,3,-9966.193927145281
libe-640441,C.F.O.[HH],-1107.5627567304136,0,9,3,-9968.064810573722
libe-140753,C.F.O.[HH].[LiH],-896.717056466971,0,16,4,-14347.472903471536
libe-140782,C.F.O.[HH].[LiH],-896.6860394384757,0,16,4,-14346.976631015612
libe-140819,C.F.O.[HH].[LiH],-896.6983965646751,0,16,4,-14347.174345034802
libe-141078,C.F.O.[HH].[LiH],-896.7467095729946,0,16,4,-14347.947353167914
libe-141082,C.F.O.[HH].[LiH],-896.705971333406,0,16,4,-14347.295541334495
libe-141259,C.F.O.[HH].[LiH],-896.6962138362239,0,16,4,-14347.139421379583
libe-141290,C.F.O.[HH].[LiH],-896.5621456398083,0,16,4,-14344.994330236932
libe-141325,C.F.O.[HH].[LiH],-896.4687915970397,0,16,4,-14343.500665552636
libe-497499,C.F.O.S,-3870.0993043305475,0,5,4,-19350.496521652738
libe-642983,C.F.O.S,-3869.863415284583,0,5,4,-19349.317076422914
libe-517000,C.O.P.[HH],-2356.9069869023365,0,7,3,-16498.348908316355
libe-136251,C.F.O.[HH].[LiH],-1296.0381535817842,0,11,4,-14256.419689399625
libe-136318,C.F.O.[HH].[LiH],-1295.8099269170075,0,11,4,-14253.909196087083
libe-136485,C.F.O.[HH].[LiH],-1296.101377953769,0,11,4,-14257.11515749146
libe-136505,C.F.O.[HH].[LiH],-1295.9762211260909,0,11,4,-14255.738432387
libe-136558,C.F.O.[HH].[LiH],-1296.0406264322928,0,11,4,-14256.446890755222
libe-136610,C.F.O.[HH].[LiH],-1296.063253385212,0,11,4,-14256.695787237331
libe-137831,C.F.O.[HH].[LiH],-1295.9814571837057,0,11,4,-14255.796029020763
libe-137834,C.F.O.[HH].[LiH],-1295.843080120847,0,11,4,-14254.273881329316
libe-138001,C.F.O.[HH].[LiH],-1295.8239151843359,0,11,4,-14254.063067027695
libe-195413,C.F.O.[HH].[LiH],-1295.9886333677916,0,11,4,-14255.874967045707
libe-196645,C.F.O.[HH].[LiH],-1295.6916217281785,0,11,4,-14252.607839009963
libe-196685,C.F.O.[HH].[LiH],-1295.9858412083338,0,11,4,-14255.844253291672
libe-196692,C.F.O.[HH].[LiH],-1295.514253067542,0,11,4,-14250.656783742963
libe-197128,C.F.O.[HH].[LiH],-1296.1069325075805,0,11,4,-14257.176257583385
libe-197458,C.F.O.[HH].[LiH],-1296.058015946505,0,11,4,-14256.638175411555
libe-140747,C.F.O.[HH],-1053.4729723532046,0,16,3,-16855.567557651273
libe-140806,C.F.O.[HH],-1053.4369175201166,0,16,3,-16854.990680321866
libe-140944,C.F.O.[HH],-1053.405739107776,0,16,3,-16854.491825724417
libe-141046,C.F.O.[HH],-1053.3182841762034,0,16,3,-16853.092546819254
libe-141153,C.F.O.[HH],-1053.5735062027964,0,16,3,-16857.17609924474
libe-140623,C.F.O.[LiH],-1345.8923060719471,0,6,4,-8075.353836431683
libe-137069,C.F.O.[LiH],-1346.3012808120159,0,6,4,-8077.807684872096
libe-226893,C.F.O.[LiH],-1345.7304613463928,0,6,4,-8074.382768078357
libe-501733,C.F.N.O.S,-4428.763927912931,0,7,5,-31001.347495390513
libe-501742,C.F.N.O.S,-4428.553466431733,0,7,5,-30999.87426502213
libe-501745,C.F.N.O.S,-4428.672842553909,0,7,5,-31000.70989787736
libe-121207,C.O.[HH].[LiH],-952.5564708578029,0,8,3,-7620.451766862423
libe-227173,C.O.[HH].[LiH],-952.4799709140196,0,8,3,-7619.839767312157
libe-137949,C.F.O.[HH].[LiH],-1348.375574521482,0,13,4,-17528.882468779266
libe-137955,C.F.O.[HH].[LiH],-1348.3777044251403,0,13,4,-17528.910157526825
libe-137989,C.F.O.[HH].[LiH],-1348.2548845262802,0,13,4,-17527.313498841642
libe-138028,C.F.O.[HH].[LiH],-1348.242163230802,0,13,4,-17527.148122000424
libe-178825,C.F.O.[HH].[LiH],-1348.4747106148657,0,13,4,-17530.171237993254
libe-179298,C.F.O.[HH].[LiH],-1348.2733917430535,0,13,4,-17527.554092659695
libe-173923,C.O.[HH].[LiH],-535.7258454805541,0,18,3,-9643.065218649974
libe-501983,C.F.N.O.S,-4088.0712283137814,0,8,5,-32704.56982651025
libe-515144,C.F.O.P.[HH],-2331.7262782522275,0,10,4,-23317.262782522277
libe-516595,C.F.O.P.[HH],-2331.825755895228,0,10,4,-23318.257558952282
libe-525526,C.F.O.P.[HH],-2331.905910842853,0,10,4,-23319.05910842853
libe-526096,C.F.O.P.[HH],-2331.8193434430777,0,10,4,-23318.193434430777
libe-524510,C.F.O.P.[HH],-1823.8167389053754,0,10,4,-18238.167389053753
libe-527134,C.F.O.P.[HH],-1823.630028915132,0,10,4,-18236.30028915132
libe-528023,C.F.O.P.[HH],-1823.858979550297,0,10,4,-18238.58979550297
libe-528289,C.F.O.P.[HH],-1823.9184865633647,0,10,4,-18239.184865633648
libe-542224,C.F.O.P.[HH],-1823.9039181507778,0,10,4,-18239.03918150778
libe-637246,C.O.[HH],-830.253687205581,0,10,2,-8302.536872055809
libe-116651,C.O.[HH],-830.4439001165454,0,10,2,-8304.439001165454
libe-116653,C.O.[HH],-830.3778147533201,0,10,2,-8303.778147533201
libe-116655,C.O.[HH],-830.4453179631761,0,10,2,-8304.45317963176
libe-116656,C.O.[HH],-830.404540145208,0,10,2,-8304.04540145208
libe-116657,C.O.[HH],-830.473734445751,0,10,2,-8304.73734445751
libe-116658,C.O.[HH],-830.3540731108312,0,10,2,-8303.540731108313
libe-116659,C.O.[HH],-830.3412420998477,0,10,2,-8303.412420998477
libe-116696,C.O.[HH],-830.3696246465055,0,10,2,-8303.696246465055
libe-116661,C.O.[HH],-830.5343836302707,0,10,2,-8305.343836302707
libe-116662,C.O.[HH],-830.4598210442103,0,10,2,-8304.598210442104
libe-116663,C.O.[HH],-830.1869058966098,0,10,2,-8301.869058966098
libe-637296,C.O.[HH],-830.0931483375698,0,10,2,-8300.931483375698
libe-116665,C.O.[HH],-830.5795199898337,0,10,2,-8305.795199898337
libe-116666,C.O.[HH],-830.2640297818504,0,10,2,-8302.640297818503
libe-116667,C.O.[HH],-830.311709929415,0,10,2,-8303.11709929415
libe-116674,C.O.[HH],-830.5713336020219,0,10,2,-8305.713336020219
libe-116675,C.O.[HH],-830.1564359157801,0,10,2,-8301.564359157801
libe-116676,C.O.[HH],-830.3555660575372,0,10,2,-8303.555660575372
libe-116677,C.O.[HH],-830.4378791392407,0,10,2,-8304.378791392408
libe-637241,C.O.[HH],-830.2232542747333,0,10,2,-8302.232542747333
libe-116689,C.O.[HH],-830.5159407241775,0,10,2,-8305.159407241776
libe-637235,C.O.[HH],-830.5460891378503,0,10,2,-8305.460891378503
libe-641171,C.O.[HH],-830.3227451594767,0,10,2,-8303.227451594767
libe-641201,C.O.[HH],-830.1153337534861,0,10,2,-8301.15333753486
libe-641202,C.O.[HH],-830.2212760605073,0,10,2,-8302.212760605073
libe-641205,C.O.[HH],-830.0872468080221,0,10,2,-8300.87246808022
libe-641221,C.O.[HH],-830.1707335986254,0,10,2,-8301.707335986253
libe-641228,C.O.[HH],-830.2476784776285,0,10,2,-8302.476784776285
libe-641241,C.O.[HH],-830.0289934194443,0,10,2,-8300.289934194443
libe-641244,C.O.[HH],-830.3009954687732,0,10,2,-8303.009954687732
libe-641245,C.O.[HH],-830.0874584750369,0,10,2,-8300.874584750369
libe-641253,C.O.[HH],-830.4039398113806,0,10,2,-8304.039398113806
libe-641286,C.O.[HH],-830.2563999706892,0,10,2,-8302.563999706892
libe-641292,C.O.[HH],-830.1820156327924,0,10,2,-8301.820156327924
libe-641297,C.O.[HH],-830.1905937371943,0,10,2,-8301.905937371943
libe-641344,C.O.[HH],-830.3027179764774,0,10,2,-8303.027179764775
libe-641362,C.O.[HH],-830.2637468797209,0,10,2,-8302.63746879721
libe-641366,C.O.[HH],-830.2884524427934,0,10,2,-8302.884524427935
libe-641420,C.O.[HH],-830.244128637963,0,10,2,-8302.44128637963
libe-641426,C.O.[HH],-830.1546504840451,0,10,2,-8301.546504840451
libe-641457,C.O.[HH],-830.2918500406589,0,10,2,-8302.91850040659
libe-641502,C.O.[HH],-830.3832863334874,0,10,2,-8303.832863334874
libe-641528,C.O.[HH],-830.3080455036309,0,10,2,-8303.080455036308
libe-641586,C.O.[HH],-830.1639385415267,0,10,2,-8301.639385415267
libe-518973,C.F.O.P,-2668.9267581131835,0,10,4,-26689.267581131833
libe-523502,C.F.O.P,-2669.0457797197146,0,10,4,-26690.457797197145
libe-137480,C.F.O.[HH],-1116.7766474781818,0,8,3,-8934.213179825454
libe-137483,C.F.O.[HH],-1116.6280567718038,0,8,3,-8933.02445417443
libe-137580,C.F.O.[HH],-1116.7124206968736,0,8,3,-8933.699365574988
libe-137587,C.F.O.[HH],-1116.4257459950484,0,8,3,-8931.405967960387
libe-207960,C.F.O.[HH],-1116.281273921902,0,8,3,-8930.250191375217
libe-208008,C.F.O.[HH],-1116.3358355948455,0,8,3,-8930.686684758764
libe-642393,C.F.O.[HH],-1116.3355971141398,0,8,3,-8930.684776913118
libe-642425,C.F.O.[HH],-1116.3186772784823,0,8,3,-8930.549418227858
libe-642440,C.F.O.[HH],-1116.1783752407814,0,8,3,-8929.427001926251
libe-642457,C.F.O.[HH],-1116.1599739633714,0,8,3,-8929.279791706971
libe-642481,C.F.O.[HH],-1116.303342430746,0,8,3,-8930.426739445968
libe-511210,C.F.O.P.[HH],-1537.0248057286892,0,15,4,-23055.37208593034
libe-515196,C.F.O.P.[HH],-1537.1856277957993,0,15,4,-23057.78441693699
libe-634453,C.F.O.P.[HH],-1537.07235194797,0,15,4,-23056.08527921955
libe-518953,C.F.O.P.[HH],-1537.3072459925074,0,15,4,-23059.608689887613
libe-529153,C.F.O.P.[HH],-1537.3358624750501,0,15,4,-23060.03793712575
libe-539914,C.F.O.P.[HH],-1537.0415013356367,0,15,4,-23055.62252003455
libe-514536,C.F.O.P.[HH].[LiH],-1763.7426065792451,0,12,5,-21164.91127895094
libe-515212,C.F.O.P.[HH].[LiH],-1763.5820957646158,0,12,5,-21162.98514917539
libe-519479,C.F.O.P.[HH].[LiH],-1763.5073171490646,0,12,5,-21162.087805788775
libe-520387,C.F.O.P.[HH].[LiH],-1763.591552565518,0,12,5,-21163.098630786215
libe-118677,C.O.[HH],-1032.4960196913723,0,5,2,-5162.480098456862
libe-224823,C.O.[HH],-1031.99185039959,0,5,2,-5159.959251997951
libe-501926,C.F.N.O.S.[LiH],-3192.0670647544184,0,15,6,-47881.00597131628
libe-515298,C.O.P,-2916.80703816242,0,6,3,-17500.84222897452
libe-524349,C.O.P,-2916.273005002484,0,6,3,-17497.638030014903
libe-527912,C.O.P,-2916.268611346568,0,6,3,-17497.611668079408
libe-141307,C.F.O.[HH],-1107.6581609256693,0,18,3,-19937.84689666205
libe-141426,C.F.O.[HH],-1107.6035960145045,0,18,3,-19936.864728261084
libe-501773,C.F.N.O.S.[LiH],-3844.285482748068,0,9,6,-34598.56934473261
libe-501790,C.F.N.O.S.[LiH],-3844.246644654144,0,9,6,-34598.219801887295
libe-510909,C.F.O.P.[HH],-1945.8729625841886,0,12,4,-23350.475551010262
libe-519096,C.F.O.P.[HH],-1946.0199229100665,0,12,4,-23352.2390749208
libe-520668,C.F.O.P.[HH],-1946.0280829091746,0,12,4,-23352.336994910096
libe-528074,C.F.O.P.[HH],-1946.1160518276695,0,12,4,-23353.392621932035
libe-502130,C.F.N.O.S,-3612.8333270917524,0,10,5,-36128.33327091752
libe-502451,C.F.O.S.[LiH],-3537.0270562163164,0,11,5,-38907.29761837948
libe-118784,C.O.[HH].[LiH],-828.4411048824816,0,9,3,-7455.969943942334
libe-118789,C.O.[HH].[LiH],-828.2676593302257,0,9,3,-7454.408933972031
libe-118795,C.O.[HH].[LiH],-828.4353907388286,0,9,3,-7455.918516649457
libe-118801,C.O.[HH].[LiH],-828.7460575704235,0,9,3,-7458.714518133812
libe-118807,C.O.[HH].[LiH],-828.7662192398341,0,9,3,-7458.895973158506
libe-118862,C.O.[HH].[LiH],-828.3993384228716,0,9,3,-7455.594045805844
libe-118882,C.O.[HH].[LiH],-828.4513868024238,0,9,3,-7456.062481221815
libe-118887,C.O.[HH].[LiH],-828.6901414859859,0,9,3,-7458.211273373873
libe-118896,C.O.[HH].[LiH],-828.4187402518467,0,9,3,-7455.76866226662
libe-118902,C.O.[HH].[LiH],-828.7906073112251,0,9,3,-7459.115465801026
libe-118911,C.O.[HH].[LiH],-828.7367805306978,0,9,3,-7458.63102477628
libe-176510,C.O.[HH].[LiH],-828.6075810772116,0,9,3,-7457.468229694905
libe-176747,C.O.[HH].[LiH],-828.7006868515031,0,9,3,-7458.306181663527
libe-191333,C.O.[HH].[LiH],-828.6012131430153,0,9,3,-7457.410918287138
libe-191473,C.O.[HH].[LiH],-828.6294107798308,0,9,3,-7457.6646970184765
libe-191580,C.O.[HH].[LiH],-828.5007845262304,0,9,3,-7456.507060736074
libe-191668,C.O.[HH].[LiH],-828.4731374229787,0,9,3,-7456.258236806808
libe-191955,C.O.[HH].[LiH],-828.6642892225194,0,9,3,-7457.978603002674
libe-641411,C.O.[HH].[LiH],-828.3559821731884,0,9,3,-7455.203839558696
libe-641415,C.O.[HH].[LiH],-828.3376089154601,0,9,3,-7455.038480239141
libe-641428,C.O.[HH].[LiH],-828.3121641326834,0,9,3,-7454.8094771941505
libe-641444,C.O.[HH].[LiH],-828.1356009781387,0,9,3,-7453.220408803248
libe-641449,C.O.[HH].[LiH],-828.4582544179643,0,9,3,-7456.124289761679
libe-641461,C.O.[HH].[LiH],-828.4856903300275,0,9,3,-7456.371212970248
libe-641469,C.O.[HH].[LiH],-828.3012731748976,0,9,3,-7454.711458574078
libe-641471,C.O.[HH].[LiH],-828.1759601987167,0,9,3,-7453.58364178845
libe-641474,C.O.[HH].[LiH],-828.4395550507476,0,9,3,-7455.9559954567285
libe-641475,C.O.[HH].[LiH],-828.3617735305091,0,9,3,-7455.255961774582
libe-641499,C.O.[HH].[LiH],-828.301977907226,0,9,3,-7454.717801165034
libe-641533,C.O.[HH].[LiH],-828.3815557009233,0,9,3,-7455.434001308309
libe-641576,C.O.[HH].[LiH],-828.4958613478494,0,9,3,-7456.462752130645
libe-641583,C.O.[HH].[LiH],-828.5687334456309,0,9,3,-7457.118601010678
libe-641596,C.O.[HH].[LiH],-828.7076543475439,0,9,3,-7458.368889127895
libe-641605,C.O.[HH].[LiH],-828.3830352734117,0,9,3,-7455.447317460706
libe-641649,C.O.[HH].[LiH],-828.4880801669352,0,9,3,-7456.392721502417
libe-135999,C.F.O.[LiH],-1521.5522310436022,0,8,4,-12172.417848348818
libe-136010,C.F.O.[LiH],-1521.5982366199487,0,8,4,-12172.78589295959
libe-136194,C.F.O.[LiH],-1521.7174405362896,0,8,4,-12173.739524290317
libe-136383,C.F.O.[LiH],-1521.7515361109356,0,8,4,-12174.012288887485
libe-136394,C.F.O.[LiH],-1521.670685220184,0,8,4,-12173.365481761472
libe-137039,C.F.O.[LiH],-1521.7748593308784,0,8,4,-12174.198874647027
libe-137062,C.F.O.[LiH],-1521.7183323849172,0,8,4,-12173.746659079337
libe-137078,C.F.O.[LiH],-1521.724485833201,0,8,4,-12173.795886665608
libe-136439,C.F.O.[HH].[LiH],-1225.7412915202403,0,16,4,-19611.860664323845
libe-175140,C.O.[HH],-638.2360152000854,0,18,2,-11488.248273601537
libe-116409,C.O.[HH],-1033.7474073419726,0,8,2,-8269.97925873578
libe-116410,C.O.[HH],-1033.7364007135575,0,8,2,-8269.89120570846
libe-116412,C.O.[HH],-1033.895544256383,0,8,2,-8271.164354051063
libe-636437,C.O.[HH],-1033.9939146650595,0,8,2,-8271.951317320476
libe-116415,C.O.[HH],-1034.0803769209203,0,8,2,-8272.643015367363
libe-116421,C.O.[HH],-1033.8985865304994,0,8,2,-8271.188692243995
libe-116426,C.O.[HH],-1033.9288230340953,0,8,2,-8271.430584272763
libe-116431,C.O.[HH],-1033.8992974239316,0,8,2,-8271.194379391452
libe-116434,C.O.[HH],-1033.976324279763,0,8,2,-8271.810594238104
libe-116478,C.O.[HH],-1033.9992752003693,0,8,2,-8271.994201602954
libe-639845,C.O.[HH],-1033.858298611287,0,8,2,-8270.866388890296
libe-639864,C.O.[HH],-1033.683807521431,0,8,2,-8269.470460171447
libe-639865,C.O.[HH],-1033.805899372276,0,8,2,-8270.447194978207
libe-639893,C.O.[HH],-1033.7299538193492,0,8,2,-8269.839630554794
libe-639922,C.O.[HH],-1033.7948995556317,0,8,2,-8270.359196445053
libe-639924,C.O.[HH],-1033.7093198006596,0,8,2,-8269.674558405277
libe-640158,C.O.[HH],-1033.9166634666337,0,8,2,-8271.33330773307
libe-120458,C.O.[HH].[LiH],-1080.3296821665551,0,8,3,-8642.637457332441
libe-121145,C.O.[HH].[LiH],-1080.1501406947593,0,8,3,-8641.201125558075
libe-121179,C.O.[HH].[LiH],-1080.304561832143,0,8,3,-8642.436494657144
libe-121182,C.O.[HH].[LiH],-1080.3417689483306,0,8,3,-8642.734151586645
libe-121183,C.O.[HH].[LiH],-1079.9555280936381,0,8,3,-8639.644224749105
libe-132297,C.O.[HH].[LiH],-1080.1017664772494,0,8,3,-8640.814131817995
libe-120794,C.O.[HH].[LiH],-1387.6849342817613,0,12,3,-16652.219211381136
libe-510543,C.F.O.[HH],-816.9454936966105,0,11,3,-8986.400430662716
libe-510884,C.F.O.[HH],-817.1034403765825,0,11,3,-8988.137844142408
libe-636663,C.F.O.[HH],-816.9630779178951,0,11,3,-8986.593857096846
libe-515934,C.F.O.[HH],-817.1595356549118,0,11,3,-8988.75489220403
libe-519589,C.F.O.[HH],-817.2741824104862,0,11,3,-8990.016006515349
libe-520642,C.F.O.[HH],-817.2140525920578,0,11,3,-8989.354578512635
libe-523701,C.F.O.[HH],-817.3491722789232,0,11,3,-8990.840895068155
libe-525756,C.F.O.[HH],-817.0223945237193,0,11,3,-8987.246339760912
libe-527001,C.F.O.[HH],-817.0518834241383,0,11,3,-8987.570717665521
libe-636681,C.F.O.[HH],-817.0966454825256,0,11,3,-8988.063100307781
libe-528596,C.F.O.[HH],-817.1432112890014,0,11,3,-8988.575324179015
libe-642891,C.F.O.[HH],-817.060761729424,0,11,3,-8987.668379023664
libe-642903,C.F.O.[HH],-817.0801034864362,0,11,3,-8987.881138350798
libe-642941,C.F.O.[HH],-817.0962321468851,0,11,3,-8988.058553615736
libe-642986,C.F.O.[HH],-817.0954133077048,0,11,3,-8988.049546384753
libe-643001,C.F.O.[HH],-816.982981236019,0,11,3,-8986.81279359621
libe-643003,C.F.O.[HH],-817.0858479356771,0,11,3,-8987.944327292447
libe-643051,C.F.O.[HH],-816.9263605194999,0,11,3,-8986.189965714499
libe-643063,C.F.O.[HH],-817.0711290683256,0,11,3,-8987.782419751582
libe-643077,C.F.O.[HH],-817.0017041614879,0,11,3,-8987.018745776366
libe-643137,C.F.O.[HH],-816.866031116826,0,11,3,-8985.526342285086
libe-120913,C.O.[HH].[LiH],-1153.629307256174,0,10,3,-11536.293072561739
libe-120916,C.O.[HH].[LiH],-1153.7832349739817,0,10,3,-11537.832349739818
libe-120918,C.O.[HH].[LiH],-1153.6727607820476,0,10,3,-11536.727607820476
libe-120919,C.O.[HH].[LiH],-1153.8205908965151,0,10,3,-11538.20590896515
libe-120920,C.O.[HH].[LiH],-1153.8001188107157,0,10,3,-11538.001188107157
libe-120921,C.O.[HH].[LiH],-1153.6506620874443,0,10,3,-11536.506620874443
libe-120929,C.O.[HH].[LiH],-1153.8309843587977,0,10,3,-11538.309843587977
libe-120938,C.O.[HH].[LiH],-1153.6590281141075,0,10,3,-11536.590281141074
libe-121708,C.O.[HH].[LiH],-1153.6667417116087,0,10,3,-11536.667417116087
libe-121709,C.O.[HH].[LiH],-1153.6569148001847,0,10,3,-11536.569148001847
libe-121732,C.O.[HH].[LiH],-1153.6455384946662,0,10,3,-11536.455384946663
libe-132295,C.O.[HH].[LiH],-1153.4974785623142,0,10,3,-11534.974785623142
libe-188077,C.O.[HH].[LiH],-1153.7656239288185,0,10,3,-11537.656239288184
libe-638369,C.O.[LiH],-1232.026315069126,0,7,3,-8624.184205483882
libe-119121,C.O.[LiH],-1232.4174497855802,0,7,3,-8626.922148499061
libe-119129,C.O.[LiH],-1231.9273440414283,0,7,3,-8623.491408289998
libe-119153,C.O.[LiH],-1232.489677097376,0,7,3,-8627.427739681632
libe-634441,C.O.[LiH],-1232.551343131834,0,7,3,-8627.859401922839
libe-638285,C.O.[LiH],-1232.4996085872986,0,7,3,-8627.49726011109
libe-639689,C.O.[LiH],-1232.4181498449148,0,7,3,-8626.927048914404
libe-639704,C.O.[LiH],-1232.1445525850086,0,7,3,-8625.01186809506
libe-639716,C.O.[LiH],-1232.349651671814,0,7,3,-8626.447561702698
libe-639765,C.O.[LiH],-1232.0834955993516,0,7,3,-8624.58446919546
libe-639775,C.O.[LiH],-1232.3317237591757,0,7,3,-8626.32206631423
libe-639802,C.O.[LiH],-1231.7466599240001,0,7,3,-8622.226619468001
libe-137605,C.F.O.[HH],-1370.9255628154658,0,11,3,-15080.181190970123
libe-177231,C.F.O.[HH],-1371.266810836731,0,11,3,-15083.934919204043
libe-177257,C.F.O.[HH],-1371.073338784265,0,11,3,-15081.806726626915
libe-177428,C.F.O.[HH],-1371.1290032102397,0,11,3,-15082.419035312638
libe-223593,C.F.O.[HH],-1371.1397323587191,0,11,3,-15082.53705594591
libe-137778,C.F.O.[HH].[LiH],-810.7402298151961,0,9,4,-7296.6620683367655
libe-137903,C.F.O.[HH].[LiH],-811.1343490318709,0,9,4,-7300.2091412868385
libe-211545,C.F.O.[HH].[LiH],-810.8071589181309,0,9,4,-7297.264430263178
libe-227057,C.F.O.[HH].[LiH],-810.8264211573527,0,9,4,-7297.437790416174
libe-640647,C.F.O.[HH].[LiH],-810.7375536334555,0,9,4,-7296.6379827011
libe-640700,C.F.O.[HH].[LiH],-810.5859272138346,0,9,4,-7295.273344924511
libe-501654,C.F.N.O.S,-3361.351349986178,0,6,5,-20168.108099917066
libe-510583,C.F.O.P.[HH],-2550.6478296370237,0,9,4,-22955.830466733212
libe-511030,C.F.O.P.[HH],-2550.1825547464623,0,9,4,-22951.64299271816
libe-522780,C.F.O.P.[HH],-2550.330437262914,0,9,4,-22952.973935366226
libe-526735,C.F.O.P.[HH],-2550.4238346055013,0,9,4,-22953.814511449513
libe-119049,C.O.[HH].[LiH],-1205.1828769684405,0,7,3,-8436.280138779084
libe-119060,C.O.[HH].[LiH],-1205.1192389216453,0,7,3,-8435.834672451518
libe-119461,C.O.[HH].[LiH],-1205.2733731468813,0,7,3,-8436.91361202817
libe-119462,C.O.[HH].[LiH],-1205.281342460932,0,7,3,-8436.969397226523
libe-119470,C.O.[HH].[LiH],-1205.1923782251652,0,7,3,-8436.346647576156
libe-637082,C.O.[HH].[LiH],-1204.7641988070075,0,7,3,-8433.349391649052
libe-119475,C.O.[HH].[LiH],-1204.743227128983,0,7,3,-8433.202589902881
libe-119482,C.O.[HH].[LiH],-1205.2672193969097,0,7,3,-8436.870535778367
libe-119483,C.O.[HH].[LiH],-1204.8013800945064,0,7,3,-8433.609660661545
libe-637006,C.O.[HH].[LiH],-1205.2745915336486,0,7,3,-8436.92214073554
libe-119487,C.O.[HH].[LiH],-1205.554170187821,0,7,3,-8438.879191314747
libe-119502,C.O.[HH].[LiH],-1205.519953634183,0,7,3,-8438.63967543928
libe-136958,C.O.[HH].[LiH],-1204.7099373855394,0,7,3,-8432.969561698776
libe-194909,C.O.[HH].[LiH],-1205.1878423179382,0,7,3,-8436.314896225567
libe-198785,C.O.[HH].[LiH],-1205.1587138097836,0,7,3,-8436.110996668485
libe-198828,C.O.[HH].[LiH],-1205.1296812314943,0,7,3,-8435.90776862046
libe-641928,C.O.[HH].[LiH],-1205.0504370883812,0,7,3,-8435.353059618668
libe-641947,C.O.[HH].[LiH],-1205.0428270242262,0,7,3,-8435.299789169583
libe-641951,C.O.[HH].[LiH],-1204.7369827933046,0,7,3,-8433.158879553132
libe-641963,C.O.[HH].[LiH],-1205.042670849213,0,7,3,-8435.298695944492
libe-641966,C.O.[HH].[LiH],-1204.7922251596524,0,7,3,-8433.545576117567
libe-641971,C.O.[HH].[LiH],-1204.6481855910226,0,7,3,-8432.537299137159
libe-642001,C.O.[HH].[LiH],-1204.866561191667,0,7,3,-8434.065928341668
libe-642042,C.O.[HH].[LiH],-1205.095517848636,0,7,3,-8435.668624940452
libe-642051,C.O.[HH].[LiH],-1204.8807666469972,0,7,3,-8434.165366528981
libe-642070,C.O.[HH].[LiH],-1204.5643394386175,0,7,3,-8431.950376070323
libe-642081,C.O.[HH].[LiH],-1204.8382027343218,0,7,3,-8433.867419140253
libe-642108,C.O.[HH].[LiH],-1204.9190822388753,0,7,3,-8434.433575672127
libe-642112,C.O.[HH].[LiH],-1204.8707384822198,0,7,3,-8434.09516937554
libe-119839,C.O.[HH],-642.5898717333828,0,13,2,-8353.668332533976
libe-119843,C.O.[HH],-642.3954782740485,0,13,2,-8351.14121756263
libe-119845,C.O.[HH],-642.5599926782108,0,13,2,-8353.279904816742
libe-119848,C.O.[HH],-642.4838951907066,0,13,2,-8352.290637479186
libe-119849,C.O.[HH],-642.4897718094112,0,13,2,-8352.367033522345
libe-119850,C.O.[HH],-642.5913582796231,0,13,2,-8353.6876576351
libe-119851,C.O.[HH],-642.57783494615,0,13,2,-8353.51185429995
libe-119852,C.O.[HH],-642.4728226338545,0,13,2,-8352.14669424011
libe-119853,C.O.[HH],-642.4116028852778,0,13,2,-8351.350837508611
libe-119854,C.O.[HH],-642.5723746839759,0,13,2,-8353.440870891687
libe-119856,C.O.[HH],-642.5374085612335,0,13,2,-8352.986311296036
libe-119857,C.O.[HH],-642.3299282074797,0,13,2,-8350.289066697236
libe-119860,C.O.[HH],-642.5520649305848,0,13,2,-8353.176844097603
libe-119876,C.O.[HH],-642.4980394830093,0,13,2,-8352.474513279121
libe-119934,C.O.[HH],-642.4531616236532,0,13,2,-8351.89110110749
libe-132445,C.O.[HH],-642.4895012319982,0,13,2,-8352.363516015977
libe-132479,C.O.[HH],-642.3050397006257,0,13,2,-8349.965516108134
libe-182969,C.O.[HH],-642.4132215776111,0,13,2,-8351.371880508945
libe-182976,C.O.[HH],-642.4289114885346,0,13,2,-8351.57584935095
libe-183027,C.O.[HH],-642.4202779119296,0,13,2,-8351.463612855085
libe-515471,C.O.[HH],-642.5178328343108,0,13,2,-8352.73182684604
libe-520468,C.O.[HH],-642.4759789242673,0,13,2,-8352.187726015476
libe-501816,C.F.N.O.S.[LiH],-4165.917415021243,0,7,6,-29161.421905148698
libe-136027,C.F.O.[HH],-1244.0289314571987,0,8,3,-9952.23145165759
libe-136053,C.F.O.[HH],-1243.7877070905793,0,8,3,-9950.301656724634
libe-136076,C.F.O.[HH],-1243.6358832452383,0,8,3,-9949.087065961907
libe-136288,C.F.O.[HH],-1243.8801152727647,0,8,3,-9951.040922182117
libe-136308,C.F.O.[HH],-1244.0087914582098,0,8,3,-9952.070331665678
libe-137029,C.F.O.[HH],-1243.882798301486,0,8,3,-9951.062386411888
libe-137043,C.F.O.[HH],-1243.9050667313288,0,8,3,-9951.24053385063
libe-137711,C.F.O.[HH],-1243.52780257818,0,8,3,-9948.22242062544
libe-189045,C.F.O.[HH],-1243.7490945384504,0,8,3,-9949.992756307603
libe-189284,C.F.O.[HH],-1244.0979798920202,0,8,3,-9952.783839136162
libe-189382,C.F.O.[HH],-1244.1119378300777,0,8,3,-9952.895502640622
libe-189443,C.F.O.[HH],-1244.0480999960942,0,8,3,-9952.384799968753
libe-189452,C.F.O.[HH],-1244.074925227481,0,8,3,-9952.599401819847
libe-189881,C.F.O.[HH],-1243.4447274234994,0,8,3,-9947.557819387996
libe-190596,C.F.O.[HH],-1243.7353333925703,0,8,3,-9949.882667140562
libe-191737,C.F.O.[HH],-1243.6714558463696,0,8,3,-9949.371646770956
libe-192355,C.F.O.[HH],-1244.0058744195676,0,8,3,-9952.04699535654
libe-501922,C.F.N.S,-4379.81246299744,0,7,4,-30658.687240982083
libe-514903,C.F.O.P.[HH],-1717.2750447830945,0,15,4,-25759.125671746417
libe-517348,C.F.O.P.[HH],-1717.4095457301294,0,15,4,-25761.14318595194
libe-517515,C.F.O.P.[HH],-1717.38461898069,0,15,4,-25760.76928471035
libe-527844,C.F.O.P.[HH],-1717.4333919144146,0,15,4,-25761.50087871622
libe-528951,C.F.O.P.[HH],-1717.3008160582744,0,15,4,-25759.512240874115
libe-542460,C.F.O.P.[HH],-1717.3715905615231,0,15,4,-25760.573858422846
libe-636234,C.O.[HH].[LiH],-849.2525165158079,0,9,3,-7643.272648642271
libe-120484,C.O.[HH].[LiH],-849.7906361405487,0,9,3,-7648.115725264938
libe-120485,C.O.[HH].[LiH],-849.760688878446,0,9,3,-7647.846199906014
libe-120491,C.O.[HH].[LiH],-849.6126347214864,0,9,3,-7646.513712493378
libe-120503,C.O.[HH].[LiH],-849.7275942937091,0,9,3,-7647.548348643382
libe-120506,C.O.[HH].[LiH],-849.6504992846164,0,9,3,-7646.854493561548
libe-120509,C.O.[HH].[LiH],-849.7259552616632,0,9,3,-7647.533597354969
libe-120510,C.O.[HH].[LiH],-849.659620050508,0,9,3,-7646.936580454572
libe-179516,C.O.[HH].[LiH],-849.6744890029548,0,9,3,-7647.070401026594
libe-179697,C.O.[HH].[LiH],-849.6356322276665,0,9,3,-7646.720690048998
libe-640333,C.O.[HH].[LiH],-849.2966748831459,0,9,3,-7643.670073948313
libe-640366,C.O.[HH].[LiH],-849.6847818323644,0,9,3,-7647.163036491279
libe-640400,C.O.[HH].[LiH],-849.3512854053895,0,9,3,-7644.161568648506
libe-640421,C.O.[HH].[LiH],-849.3031798351526,0,9,3,-7643.728618516373
libe-640435,C.O.[HH].[LiH],-849.3693392957646,0,9,3,-7644.324053661881
libe-640458,C.O.[HH].[LiH],-849.5326085706849,0,9,3,-7645.793477136164
libe-640513,C.O.[HH].[LiH],-849.3315260859172,0,9,3,-7643.983734773255
libe-501304,C.F.N.O.S.[LiH],-2785.7761026283742,0,10,6,-27857.761026283744
libe-118339,C.O.[HH].[LiH],-544.3749244428902,0,10,3,-5443.749244428903
libe-118342,C.O.[HH].[LiH],-544.3710974649183,0,10,3,-5443.710974649183
libe-175968,C.O.[HH].[LiH],-543.9930789554741,0,10,3,-5439.930789554741
libe-225982,C.O.[HH].[LiH],-544.1098819359001,0,10,3,-5441.098819359002
libe-226079,C.O.[HH].[LiH],-544.0832716173705,0,10,3,-5440.832716173705
libe-641295,C.O.[HH].[LiH],-544.0045964919219,0,10,3,-5440.045964919219
libe-121666,C.F.O.[LiH],-1683.374323082475,0,6,4,-10100.24593849485
libe-641459,C.F.O.[LiH],-1683.173318079994,0,6,4,-10099.039908479965
libe-502660,C.F.O.S.[LiH],-3412.874890566463,0,12,5,-40954.49868679755
libe-137459,C.F.O.[LiH],-1405.5309820209654,0,11,4,-15460.84080223062
libe-515234,C.O.P,-2647.5393758891323,0,7,3,-18532.775631223925
libe-509539,C.F.O.P.[HH],-2056.3849284697267,0,14,4,-28789.388998576174
libe-524892,C.F.O.P.[HH],-2056.386269908394,0,14,4,-28789.407778717512
libe-509877,C.F.O.P.[HH],-2359.3509954173137,0,8,4,-18874.80796333851
libe-523196,C.F.O.P.[HH],-2359.302607213413,0,8,4,-18874.420857707304
libe-524297,C.F.O.P.[HH],-2359.222953190237,0,8,4,-18873.783625521897
libe-527356,C.F.O.P.[HH],-2359.044319850162,0,8,4,-18872.354558801297
libe-536189,C.F.O.P.[HH],-2359.3335357140395,0,8,4,-18874.668285712316
libe-542208,C.F.O.P.[HH],-2359.095292544019,0,8,4,-18872.76234035215
libe-501731,C.F.N.O.S.[LiH],-3273.859026343444,0,14,6,-45834.02636880821
libe-117461,C.O.[LiH],-1274.375137909948,0,5,3,-6371.87568954974
libe-117475,C.O.[LiH],-1274.3751167758119,0,5,3,-6371.875583879059
libe-136915,C.O.[LiH],-1273.4811734152422,0,5,3,-6367.405867076211
libe-137055,C.O.[LiH],-1274.3526909336292,0,5,3,-6371.763454668147
libe-178915,C.O.[LiH],-1274.4189255127133,0,5,3,-6372.094627563566
libe-527916,C.O.[LiH],-1274.4363738571114,0,5,3,-6372.181869285558
libe-634372,C.O.[LiH],-1274.2179964510105,0,5,3,-6371.089982255053
libe-634413,C.O.[LiH],-1274.2027130859797,0,5,3,-6371.013565429898
libe-518936,C.O.P.[HH].[LiH],-1961.4014802476443,0,8,4,-15691.211841981154
libe-526958,C.O.P.[HH].[LiH],-1961.413023070512,0,8,4,-15691.304184564096
libe-527726,C.O.P.[HH].[LiH],-1961.4501851510968,0,8,4,-15691.601481208774
libe-640324,C.O.P.[HH].[LiH],-1961.3768990790322,0,8,4,-15691.015192632258
libe-640328,C.O.P.[HH].[LiH],-1961.3053660143407,0,8,4,-15690.442928114726
libe-640399,C.O.P.[HH].[LiH],-1961.5165590173413,0,8,4,-15692.13247213873
libe-118529,C.O.[HH],-1032.971738210092,0,6,2,-6197.830429260553
libe-118531,C.O.[HH],-1033.3148530158091,0,6,2,-6199.889118094855
libe-119377,C.O.[HH],-1033.1998191951104,0,6,2,-6199.198915170662
libe-119387,C.O.[HH],-1032.5997889839707,0,6,2,-6195.598733903825
libe-203611,C.O.[HH],-1033.0012544277024,0,6,2,-6198.007526566214
libe-203684,C.O.[HH],-1033.2615886268575,0,6,2,-6199.569531761145
libe-203974,C.O.[HH],-1032.8736044454092,0,6,2,-6197.241626672456
libe-225372,C.O.[HH],-1032.8725530517247,0,6,2,-6197.235318310349
libe-225425,C.O.[HH],-1033.0036550929624,0,6,2,-6198.021930557774
libe-225445,C.O.[HH],-1032.4747775579158,0,6,2,-6194.848665347495
libe-225719,C.O.[HH],-1032.930806788599,0,6,2,-6197.584840731594
libe-640629,C.O.[HH],-1032.469445797761,0,6,2,-6194.816674786566
libe-640694,C.O.[HH],-1032.8698209276008,0,6,2,-6197.218925565605
libe-115982,C.[HH],-453.39149607973826,0,7,1,-3173.7404725581678
libe-115986,C.[HH],-453.0358308634566,0,7,1,-3171.250816044196
libe-115991,C.[HH],-453.03729649891,0,7,1,-3171.26107549237
libe-115992,C.[HH],-453.3841625864995,0,7,1,-3173.6891381054966
libe-115999,C.[HH],-453.2666294852158,0,7,1,-3172.8664063965107
libe-224688,C.[HH],-452.9112862507855,0,7,1,-3170.3790037554986
libe-224692,C.[HH],-453.0733467045835,0,7,1,-3171.5134269320847
libe-224728,C.[HH],-453.0820532487087,0,7,1,-3171.574372740961
libe-224766,C.[HH],-452.88365633935393,0,7,1,-3170.1855943754776
libe-121533,C.O.[HH],-694.6180333434239,0,18,2,-12503.12460018163
libe-119105,C.O.[LiH],-1087.6537549014092,0,7,3,-7613.576284309865
libe-119118,C.O.[LiH],-1087.8418364636348,0,7,3,-7614.892855245443
libe-642339,C.O.[LiH],-1087.2540203663714,0,7,3,-7610.7781425646
libe-642398,C.O.[LiH],-1087.5074352042916,0,7,3,-7612.552046430042
libe-137806,C.F.O.[HH],-1093.8701528619906,0,11,3,-12032.571681481897
libe-176656,C.F.O.[HH],-1093.5566377417633,0,11,3,-12029.123015159397
libe-176720,C.F.O.[HH],-1093.8850797941452,0,11,3,-12032.735877735597
libe-529167,C.F.O.[HH],-1093.8842121476232,0,11,3,-12032.726333623856
libe-527309,C.F.O.P.[HH],-1522.6264504919475,0,12,4,-18271.51740590337
libe-138182,C.F.O.[HH].[LiH],-1384.7530708163329,0,14,4,-19386.54299142866
libe-138249,C.F.O.[HH].[LiH],-1384.9046508387012,0,14,4,-19388.665111741815
libe-179612,C.F.O.[HH].[LiH],-1384.8631840126004,0,14,4,-19388.084576176407
libe-180695,C.F.O.[HH].[LiH],-1384.8961183694807,0,14,4,-19388.54565717273
libe-508791,C.F.O.P.[HH].[LiH],-1785.512093096832,0,13,5,-23211.657210258814
libe-511355,C.F.O.P.[HH].[LiH],-1785.6848255054354,0,13,5,-23213.90273157066
libe-519867,C.F.O.P.[HH].[LiH],-1785.5265643252305,0,13,5,-23211.845336227998
libe-520455,C.F.O.P.[HH].[LiH],-1785.3867669762308,0,13,5,-23210.027970691
libe-521088,C.F.O.P.[HH].[LiH],-1785.4785380671897,0,13,5,-23211.220994873467
libe-522787,C.F.O.P.[HH].[LiH],-1785.5087752445693,0,13,5,-23211.614078179402
libe-526898,C.F.O.P.[HH].[LiH],-1785.479583223289,0,13,5,-23211.234581902758
libe-527824,C.F.O.P.[HH].[LiH],-1785.5103271107073,0,13,5,-23211.634252439195
libe-534603,C.F.O.P.[HH].[LiH],-1785.3910702233782,0,13,5,-23210.083912903916
libe-539902,C.F.O.P.[HH].[LiH],-1785.2229663933929,0,13,5,-23207.898563114108
libe-658745,C.O,-1709.9208668588296,0,6,2,-10259.525201152977
libe-658627,C.O.[HH].[LiH],-1205.2087661271532,0,7,3,-8436.461362890073
libe-658632,C.O.[HH].[LiH],-1205.2648023389963,0,7,3,-8436.853616372975
libe-658635,C.O.[HH].[LiH],-1205.2431166180963,0,7,3,-8436.701816326675
libe-658641,C.O.[HH].[LiH],-1205.2703991492776,0,7,3,-8436.892794044943
libe-658624,C.O.[HH].[LiH],-1205.1048968062207,0,7,3,-8435.734277643545
libe-658628,C.O.[HH].[LiH],-1205.2275836163737,0,7,3,-8436.593085314616
libe-658667,C.O.[HH].[LiH],-1310.8652547530326,0,8,3,-10486.92203802426
libe-658679,C.O.[HH].[LiH],-1310.8481977996692,0,8,3,-10486.785582397353
libe-658690,C.O.[HH].[LiH],-1310.6865153423796,0,8,3,-10485.492122739037
libe-658666,C.O.[HH].[LiH],-1310.466876619845,0,8,3,-10483.73501295876
libe-658691,C.O.[HH].[LiH],-1310.4561780673373,0,8,3,-10483.649424538698
libe-658785,C.O.[HH].[LiH],-1310.404804418512,0,8,3,-10483.238435348096
libe-658698,C.O.[HH],-1236.0142570856278,0,5,2,-6180.071285428139
libe-658740,C.O.[LiH],-1232.5512491504685,0,7,3,-8627.85874405328
libe-658741,C.O.[LiH],-1232.4182130222996,0,7,3,-8626.927491156097
libe-658655,C.O.[LiH],-1495.5047640342048,0,7,3,-10468.533348239433
libe-658710,C.O.[HH],-1468.2242657717493,0,7,2,-10277.569860402245
libe-658703,C.O.[HH],-1032.966734104975,0,6,2,-6197.800404629851
libe-658701,C.O.[HH],-1032.6471349399528,0,6,2,-6195.8828096397165
libe-658771,C.O.[LiH],-1334.256307007155,0,8,3,-10674.05045605724
libe-658780,C.O.[LiH],-1334.4160335691022,0,8,3,-10675.328268552817
libe-658792,C.O.[LiH],-1334.0776799730618,0,8,3,-10672.621439784494
libe-658801,C.O.[LiH],-1334.2153597494162,0,8,3,-10673.72287799533
libe-658797,C.O.[HH],-1286.990102862338,0,8,2,-10295.920822898705
libe-658800,C.O.[HH],-1286.5131441916399,0,8,2,-10292.105153533119
libe-658754,C.O,-1642.3953378192577,0,5,2,-8211.97668909629
libe-658708,C.O.[HH],-1177.9856456007458,0,7,2,-8245.89951920522
libe-658704,C.O.[HH],-1177.871179380393,0,7,2,-8245.098255662751
libe-658723,C.O.[HH],-1371.745085122296,0,6,2,-8230.470510733776
libe-652486,C.O.[HH].[LiH],-1056.9608275787448,0,16,3,-16911.373241259917
